hsn8,commodity,chapter,exp_usd_mn_fy25,exp_usd_mn_fy26,imp_usd_mn_fy25,imp_usd_mn_fy26,net_usd_mn_fy25,net_usd_mn_fy26,net_change_usd_mn
52010024,"Cotton, other than Indian, of staple length exceeding 27.0 mm but not exceeding 32.0 mm",52,23.07,6.57,917.11,1637.29,-894.04,-1630.72,-736.68
39041020,SUSPENSION GRADE PVC RESIN,39,1.41,0.49,2124.86,1632.55,-2123.45,-1632.06,491.39
29173600,TEREPHTHALIC ACID AND ITS SALTS,29,6.05,3.2,1598.3,1469.2,-1592.25,-1466.0,126.25
39021000,POLYPROPYLENE,39,376.68,239.91,1152.36,1372.03,-775.68,-1132.12,-356.44
39269099,OTHR ARTICLE OF PLASTIC NES,39,507.13,472.03,1064.04,1228.46,-556.91,-756.43,-199.52
29025000,STYRENE,29,26.11,17.85,1314.26,1133.78,-1288.15,-1115.93,172.22
29051100,SATURATED METHANOL (METHYL ALCOHOL),29,24.5,28.11,917.58,1085.77,-893.08,-1057.66,-164.58
39012000,POLYETHYLENE HVNG A SPCFC GRVTY 0.94 /MORE,39,142.98,110.95,1151.23,938.56,-1008.25,-827.61,180.64
29419090,OTHER ANTIBIOTICS,29,564.24,511.8,788.08,830.82,-223.84,-319.02,-95.18
29339990,OTHERS-OF-OTHER HETERDCYCLIC CMPNDS WITH NITROGEN HETRO ATOM (S) ONLY,29,1504.51,1295.22,816.82,778.44,687.69,516.78,-170.91
29024300,P-XYLENE,29,204.6,306.32,942.08,720.75,-737.48,-414.43,323.05
29011000,SATURATED ACYCLIC HYDROCARBONS,29,14.55,13.74,654.0,688.9,-639.45,-675.16,-35.71
29349990,OTHERS-OF-OTHER HETEROCYCLIC COMPOUNDS,29,645.83,715.57,654.1,685.75,-8.27,29.82,38.09
39199090,OTHER SELF-ADHSV PLTS ETC   NES,39,130.92,118.27,627.74,657.78,-496.82,-539.51,-42.69
29053100,ETHYLENE GLYCOL (ETHANEDIOL),29,35.74,35.41,619.04,649.61,-583.3,-614.2,-30.9
39023000,PROPYLENE COPOLYMERS,39,26.27,26.37,576.23,613.28,-549.96,-586.91,-36.95
39074000,POLYCARBONATES,39,4.86,3.48,655.67,611.09,-650.81,-607.61,43.2
39069090,OTHERS ACRYLIC POLYMERS IN PRIMARY FORMS  EXCL. POLY (METHYL METHACRYLATE,39,251.43,242.63,574.46,600.91,-323.03,-358.28,-35.25
39072990,"OTHERS-OF-OTHERS-OF-POLYACETALS, OTHER POLYETHERS AND EPOXIDE RESINS,",39,93.61,66.5,485.96,599.98,-392.35,-533.48,-141.13
39201099,"OTHR PLTS,SHEET OF POLYMRS OF ETHYLENE NES",39,32.24,30.6,338.38,551.1,-306.14,-520.5,-214.36
39014090,"OTHERS-OF-ETHYLENE-ALPHA-OLEFIN COPOLYMERS, HAVING A SPECIFIC GRAVITY OF LESS THAN 0.94",39,0.67,1.31,509.24,502.88,-508.57,-501.57,7.0
29335990,OTHER CMPNDS CNTNG A PYRIMIDINE RING (W/N HYDRGNTD) OR PIPERAZINE RING IN STRUCTURE,29,529.14,700.13,390.18,495.35,138.96,204.78,65.82
29152100,ACETIC ACID,29,15.48,10.88,477.43,489.95,-461.95,-479.07,-17.12
29023000,TOLUENE,29,22.14,24.23,551.12,449.77,-528.98,-425.54,103.44
39013000,ETHYLENE-VINYL ACETATE COPOLYMERS,39,4.43,4.11,426.79,444.8,-422.36,-440.69,-18.33
39041090,"OTHER PLY (VINYL CHORIDE), NOT MIXED WITH ANY OTHER SUBSTANCES",39,1.72,1.95,462.74,441.77,-461.02,-439.82,21.2
39011090,OTHR POLYETHYLENE HVNG A SPFC GRVTY < 0.94,39,73.86,91.47,418.09,416.63,-344.23,-325.16,19.07
54033100,"OTHR YARN OF VISCOSE RAYON,SNGL,UNTWSTD/  WITH A TWIST NT EXCDNG 120 TURNS PER METRE",54,22.78,24.61,341.16,402.12,-318.38,-377.51,-59.13
39093100,"POLY(METHYLENE PHENYL ISOCYANATE) (CRUDE MDI, POLYMERIC MDI)",39,12.94,11.07,415.79,390.29,-402.85,-379.22,23.63
39011020,LOW DENSITY POLYETHYLENE (LDPE),39,32.95,8.14,399.74,389.77,-366.79,-381.63,-14.84
39014010,LINEAR LOW DENSITY POLYETHYLENE (LLDPE),39,178.03,96.93,258.14,358.45,-80.11,-261.52,-181.41
29214110,ANILINE,29,0.29,0.11,305.97,352.37,-305.68,-352.26,-46.58
29411050,6 - APA,29,0.0,0.03,424.98,342.82,-424.98,-342.79,82.19
39100090,OTHERS-OF-SILICONS IN PRIMARY FORMS,39,58.8,53.14,316.37,335.37,-257.57,-282.23,-24.66
39095000,POLYURETHANES,39,84.87,85.87,335.36,331.76,-250.49,-245.89,4.6
29032100,"VINYL CHLORIDE (CHLOROETHYLENE),UNSTRTD",29,0.0,0.01,353.17,321.0,-353.17,-320.99,32.18
29420090,"OTHER DILOXANIDE FUROATE, CIMETIDINE,     FAMOTIDINE NES",29,1122.71,1098.22,332.3,306.25,790.41,791.97,1.56
39079900,OTHERS-OF-OTHER POLYESTERS (SATURATED),39,51.58,55.48,281.82,296.55,-230.24,-241.07,-10.83
54023300,TEXTURED YARN OF POLYESTERS,54,472.28,329.56,140.1,280.53,332.18,49.03,-283.15
29329990,OTHERS-OF-OTHER HETEROCYCLIC COMPNDS WITH OXYGENHETERO - ATOM/S),29,219.1,235.66,252.01,279.76,-32.91,-44.1,-11.19
39019000,OTHERS-OF-OTHR POLYMERSOF ETHYLINE IN PRIMARY FORMS,39,56.29,53.99,292.79,273.79,-236.5,-219.8,16.7
39076190,OTHER PRIMARY FORM,39,320.31,229.5,223.76,270.33,96.55,-40.83,-137.38
29159099,"OTHERS-OF-OTHR SATRTD ACYLC,MNOCRBOXYLC ACDS AND THRANHYDRDS,HALDS,PEROXDS,PEROXY ACIDS AND THR HALGNTD SLPHNTD NITRTD AND NIT",29,129.96,113.59,224.97,269.88,-95.01,-156.29,-61.28
39072910,POLY(ETHER ALCOHOLS),39,7.15,5.15,380.02,262.87,-372.87,-257.72,115.15
39049010,CHLORINATED POLY VINYL CHLORIDE (CPVC) RESIN,39,0.06,0.1,250.69,258.95,-250.63,-258.85,-8.22
39081011,FLAKE (CHIP),39,12.93,11.05,351.73,253.16,-338.8,-242.11,96.69
39033000,ACRYLONITRILE-BUTADIENE STYRENE COPOLYMRS,39,1.64,1.52,273.28,251.06,-271.64,-249.54,22.1
29024100,O-XYLENE,29,2.43,0.05,262.46,245.88,-260.03,-245.83,14.2
29071110,"PHENOL,PURE CARBOLIC ACID",29,19.05,21.23,263.48,233.71,-244.43,-212.48,31.95
59039090,OTHER FABRC PLTD LAMNTD COATD IMPREGNATED WITH OTHR PLASTICS,59,218.68,149.4,160.84,228.51,57.84,-79.11,-136.95
54075290,"OTHERS-OF-WOVEN FABRICS,DYED,CNTNG BY WT>=85% TEXTURED POLYESTER FILAMENTS",54,106.01,118.07,180.16,224.71,-74.15,-106.64,-32.49
39209999,OTHERS PLATE/ SHEETS ETC. OF OTHER PLASTIC N.E.S,39,19.76,16.1,213.48,219.69,-193.72,-203.59,-9.87
29261000,ACRYLONITRILE,29,9.02,4.05,270.09,219.05,-261.07,-215.0,46.07
29309099,OTHER ORGANO-SULPHUR COMPNDS,29,169.7,181.39,194.98,213.0,-25.28,-31.61,-6.33
52010025,"Cotton, other than Indian, of staple length exceeding 32.0 mm",52,0.89,3.11,272.46,209.42,-271.57,-206.31,65.26
29333990,*OTHER CMPNDS CNTNG AN UNFUSED PYRDN RING  (W/N HYDRGNTD ) IN STRUCTURE,29,856.47,719.39,271.62,207.16,584.85,512.23,-72.62
60019200,OTHER PILE FABRICS OF MAN-MADE FIBRES,60,3.18,2.62,152.27,205.68,-149.09,-203.06,-53.97
39219099,"OTHR PLTS,SHTS,FILM FOIL,STRIP ETC NES    OTHER",39,140.2,123.77,226.72,197.7,-86.52,-73.93,12.59
29269090,OTHERS-OF-OTHR NITRILE-FUNCTION COMPOUNDS,29,0.0,99.99,0.0,193.37,0.0,-93.38,-93.38
39011010,LINEAR L0W DENSITY P0LYETHYLENE (LLDPE),39,65.44,67.78,207.61,192.86,-142.17,-125.08,17.09
29415000,ERTHROMYCIN AND ITS DRVTVS SLTS THEREOF,29,107.77,94.68,170.29,189.82,-62.52,-95.14,-32.62
29291090,OTHER ISOCYANATES,29,8.54,9.36,193.84,189.26,-185.3,-179.9,5.4
29051990,OTHER SATURATED MONOHYDRIC ALCOHOLS,29,42.34,35.36,212.9,184.71,-170.56,-149.35,21.21
54024700,"YARN OF OTHER POLYSTER , SINGLE           UNTWSTD/A TWIST<=50 TURNS PER MTR",54,8.07,5.97,82.82,183.2,-74.75,-177.23,-102.48
55041090,OTHERS-OF-VISCOSE RAYON STAPLE FIBRES NT CRD/COMBD,55,0.09,0.75,98.13,178.88,-98.04,-178.13,-80.09
29161210,BUTYL ACRYLATE,29,3.05,1.78,264.85,178.7,-261.8,-176.92,84.88
39123929,OTHERS CELLULOSE ETHERS PLASTICIZED,39,2.57,3.31,172.98,178.27,-170.41,-174.96,-4.55
39073010,EPOXY RESINS,39,61.08,96.03,169.26,174.67,-108.18,-78.64,29.54
29242990,*OTHER CYCLIC AMIDES AND THR DRVTVS AND SALTS,29,384.86,440.49,193.86,173.25,191.0,267.24,76.24
39123919,OTHER CELLULOSE ETHERS NON-PLASTICIZED,39,12.29,14.5,190.93,172.24,-178.64,-157.74,20.9
29304000,METHIONINE,29,0.35,0.49,174.44,171.29,-174.09,-170.8,3.29
29336990,OTHER CMPND CNTNG AN UNFUSED TRIAZINE     RING(W/N HYDRGNTD) IN STRUCTURE,29,73.65,80.79,136.19,170.72,-62.54,-89.93,-27.39
29153200,VINYL ACETATE,29,11.91,7.46,188.89,168.72,-176.98,-161.26,15.72
29319090,OTHER-OF-OTHER-OF-OTHER ORGANO-INORGANIC COMPOUNDS,29,130.42,140.22,195.81,168.32,-65.39,-28.1,37.29
54024500,"OTHR YARN OF NYLON/OTHR POLYMDS,UNTWSTD   ORWTH A TWIST <=50 TURNS PER MTR SINGLE",54,4.0,2.29,99.83,167.68,-95.83,-165.39,-69.56
29072300,"4,4-ISOPROPYLIDENEPHNL (BISPHNL A,        DIPHENYLOLPROPANE) AND ITS SALTS",29,1.89,1.66,146.11,165.54,-144.22,-163.88,-19.66
29012990,OTHER ACYCLIC HYDROCARBONS,29,5.17,6.73,140.02,164.87,-134.85,-158.14,-23.29
29161400,ESTERS OF METHACRYLIC ACID,29,7.56,6.9,223.77,158.99,-216.21,-152.09,64.12
39204900,OTHR PLTES SHTS OF POLYMR OF VINYL CHLORID,39,83.12,84.41,136.12,158.82,-53.0,-74.41,-21.41
29161290,OTHER ESTERS OF ACRYLIC ACID,29,12.64,8.43,164.89,158.8,-152.25,-150.37,1.88
62034290,OF COTTON: OTHER,62,454.75,464.94,203.62,158.6,251.13,306.34,55.21
29331999,OTHERS-OF-OTHR HTRCYCLC CMPNDS CNTNG AN UNFUSED PYRZL RING (W/N HYDRGNTD) IN THE STRUCTURE,29,310.88,368.56,175.4,155.91,135.48,212.65,77.17
39081019,OTHER PRIMARY FORM POLYAMIDE -11 {NY/ON-11):,39,15.04,6.39,182.04,150.36,-167.0,-143.97,23.03
39206290,PLTES SHTS OF PLYETHYLN TEREPHTHALTE NES,39,96.21,80.43,151.06,149.66,-54.85,-69.23,-14.38
29061190,OTHERS-OF-MENTHOL,29,53.45,45.5,132.2,148.31,-78.75,-102.81,-24.06
59032090,OTHER FABRCS IMPGRNTD LAMNTND PLTD AND    COATED WITH POLYURETHANE,59,8.27,8.77,126.89,145.58,-118.62,-136.81,-18.19
29221990,"OTHERS-OF-OTHER: N,N-DIALKYL (METHYL, ETHYL, N-PROPYL OR ISOPROPYL) -2-AMINOETHANOLS AND THEIR PROTONATED SALTS :",29,77.76,87.63,157.67,145.03,-79.91,-57.4,22.51
63109040,SYNTHETIC RAGS,63,4.69,3.61,119.08,139.89,-114.39,-136.28,-21.89
39129090,"OTHERS CELLULOSE,ITS CHEMCL DRVTVS IN     PRIMARY FORMS EXCL CELLULOSE ACETATES/    CELLULOSE NITRATES/CELLULOSE ETHERS/",39,120.53,140.87,126.44,135.83,-5.91,5.04,10.95
39071000,POLYACETALS,39,2.15,1.04,130.68,135.62,-128.53,-134.58,-6.05
60063200,"OTHR KNITD OR CROCHETD FBRCS OF SYN       FIBRS, DYED",60,19.61,25.77,151.23,133.66,-131.62,-107.89,23.73
29291020,TOLUENE DIISOCYANATE,29,1.67,1.28,140.71,133.6,-139.04,-132.32,6.72
29031500,"1,2 DICHLOROMETHANE (ETHYLNE DICHLORIDE)",29,0.11,1.14,198.36,132.51,-198.25,-131.37,66.88
53012100,"FLAX,BROKN OR SCUTCHD BUT NT SPUN",53,0.06,0.12,133.3,131.73,-133.24,-131.61,1.63
39119090,OTHER PRODUCTS IN RIMARY FORMS  NES,39,78.65,76.73,136.71,129.54,-58.06,-52.81,5.25
29021990,"OTHERS-OF-OTHER CYCLANES,CYCLENES AND CYCLOTERPENES",29,21.92,26.92,119.63,127.92,-97.71,-101.0,-3.29
39039090,OTHR POLYMERS OF STYRENE IN PRIMARY FORMS,39,20.92,24.91,118.4,126.26,-97.48,-101.35,-3.87
39052900,VNYL ACETT COPOLYMR EXCL IN AQOUS DISPRSN,39,5.25,1.66,132.71,125.18,-127.46,-123.52,3.94
50020010,MULBERRY RAW SILK,50,2.93,0.21,94.44,124.16,-91.51,-123.95,-32.44
60041000,KNITD OR CROCHETED FBRCS OF WIDTH>30CM    CONTNG ELASTOMERIC YARN>=5% BY WT BUT NOT RUBER THREAD,60,126.5,119.3,103.4,118.21,23.1,1.09,-22.01
39029000,OTHR POLYMERS OF PROPYLENE IN PRMRY FORMS,39,12.72,15.55,120.49,117.93,-107.77,-102.38,5.39
29039990,OTHER OF HDG. 290399,29,61.93,80.88,124.26,115.2,-62.33,-34.32,28.01
29053990,OTHER DIOLS,29,44.36,34.84,94.43,114.65,-50.07,-79.81,-29.74
39259090,OTHER BUILDERS WARE OF PLASTICS NES,39,61.04,79.68,71.73,113.54,-10.69,-33.86,-23.17
39162019,OTHER OF CO-POLMRS OF VINYL CHLRIDE,39,2.22,1.82,103.98,113.44,-101.76,-111.62,-9.86
39111090,OTHERS-OF-PETROLEUM RESINS COUMARONE INDENE ORCOUMARONE-INDENE RESINS AND POLYTERPENES,39,4.21,3.75,130.26,113.43,-126.05,-109.68,16.37
63101020,"COTTON RAGS,NEW OR USED",63,6.62,6.5,124.58,112.38,-117.96,-105.88,12.08
39202090,PLTES SHTS OF POLYMRS OF PROPYLN NES,39,163.88,152.7,82.94,110.95,80.94,41.75,-39.19
29336100,MELAMINE,29,12.09,22.74,107.95,109.77,-95.86,-87.03,8.83
51011100,"SHORN WOOL,GREASY,INCL FLEECE-WASHED",51,0,0,91.93,109.76,-91.93,-109.76,-17.83
39089000,OTHERS-OF-OTHER POLYAMIDES,39,43.09,44.59,102.59,109.46,-59.5,-64.87,-5.37
29411010,PENICILLINS AND ITS SALTS,29,0.02,0.14,232.05,109.18,-232.03,-109.04,122.99
39239090,OTHR ARTCLS FOR CNVYNCE/PCKNG OF GOODS NES,39,211.59,213.84,106.45,107.08,105.14,106.76,1.62
39073090,OTHERS-OF-EPOXIDE RESINS,39,7.96,22.48,88.86,107.04,-80.9,-84.56,-3.66
29103000,"1-CHLORO-2,3-EPOXYPRPNE(EPICHLOROPHYDRIN)",29,15.68,7.62,70.57,106.98,-54.89,-99.36,-44.47
29224100,LYSINE AND ITS ESTERS SALTS THEREOF,29,1.77,3.72,135.56,106.13,-133.79,-102.41,31.38
39076990,OTHERS-OF-OTHER: POLY(ETHYLENE TEREPHTHALATE),39,125.58,121.51,147.79,105.37,-22.21,16.14,38.35
59031090,"OTHR FABRC IMPRGNTD, LAMNTD PLTD          AND COATED WITH PVC",59,76.71,80.66,93.9,105.04,-17.19,-24.38,-7.19
39201019,OTHER SHEETS OF POLEYTHYLENE:,39,74.41,87.8,108.81,104.74,-34.4,-16.94,17.46
29224990,OTHER AMINO ACIDS AND THR ESTERS CNTNG NOT  MORE THAN ONE KIND OXGN FN.,29,156.2,164.99,115.93,104.27,40.27,60.72,20.45
29372900,OTHR STEROIDAL HORMONS THR DRVTVS AND     STRCTL ANLGES,29,117.05,123.15,108.45,103.98,8.6,19.17,10.57
29181400,CITRIC ACID,29,10.0,6.74,106.43,103.51,-96.43,-96.77,-0.34
29212990,"OTHER ACYLC PLYAMINS THR DRVTVS, SALTS    THEREOF",29,34.19,31.48,94.06,102.24,-59.87,-70.76,-10.89
55092100,SINGLE YRN CNTNG 85% OR MORE BY WT        OF POLYSTER STAPLE FIBRES,55,33.53,32.27,78.37,101.87,-44.84,-69.6,-24.76
29181990,"OTHER CARBOXYLC ACIDS WITH ADDTNL OXYGN   FUNCTN, THEIR ANYDRIDS, HALIDES, PEROXIDES AND PEROXY ACIDS AND THEIR HALOGENT",29,89.1,148.08,69.26,101.68,19.84,46.4,26.56
29163990,"OTHER UNSTRD ACYCLIC MONOCRBOXYLC ACDS,   CYCLIC MONOCRBOXYLC ACDS, THR ANHYDRDS,   HLDS,PEROXIDES  AND PEROXYACDS; THR",29,89.7,94.04,94.53,99.71,-4.83,-5.67,-0.84
29053200,"PRPPYLENE GLYCOL (PROPANE-1,2-DIOL)",29,6.07,4.89,109.94,99.31,-103.87,-94.42,9.45
29152990,OTHER SALTS OF ACETIC ACID,29,16.7,11.23,61.19,94.5,-44.49,-83.27,-38.78
29225090,OTHER FRUSEMIDE AMINODIAL DOMPERIDONE,29,152.51,168.28,97.87,94.46,54.64,73.82,19.18
55032000,STAPLE FIBRES OF POLYESTER NT CRD/CMBD,55,288.56,200.03,81.6,94.04,206.96,105.99,-100.97
55021090,OTHERS-OF-OF CELLULOSE ACETATE:,55,0.03,0.01,84.52,93.99,-84.49,-93.98,-9.49
39053000,PV ALCHL W/N CNTNG UNHYDROLYED ACTATE GRPS,39,3.01,3.37,98.32,93.02,-95.31,-89.65,5.66
29359090,OTHERS-OF-OTHERS-OF-SULPHONAMIDES,29,290.72,291.11,88.04,92.91,202.68,198.2,-4.48
39059990,OTHERS POLYMERS OF VINYL ACETATE/OF OTHR  VINYL ESTRS AND OTHR VINYL POLYMERS IN PRMRY FORMS EXCL POLY/VINYL ACETATE COP,39,17.26,16.33,90.48,91.39,-73.22,-75.06,-1.84
29411090,OTHER PENICILLINS AND THR DRVTVS WTH A      PENTCILLIANIC ACID STRCTR SLTS THEREOF,29,83.37,65.17,82.81,91.3,0.56,-26.13,-26.69
39061090,OTHER POLY METYL METHACRYLATES,39,5.58,5.37,98.72,90.98,-93.14,-85.61,7.53
29241990,"OTHERS-OF-OTHER ACYCLIC AMIDES AND THR DRVTVS,SALTS",29,0.0,251.86,0.0,90.92,0.0,160.94,160.94
29171400,MALEIC ANHYDRIDE,29,0.61,0.05,100.87,90.91,-100.26,-90.86,9.4
54024600,"YARN OF POLYESTER,PRTLY ORNTD,UNTWSTD OR  WTH A TWIST <= 50 TURNS PER MTR, SINGLE",54,81.87,66.14,44.66,90.85,37.21,-24.71,-61.92
39205119,OTHER SHEETS OF PLYMTHYL METHACRYLTE,39,1.41,1.48,104.42,90.57,-103.01,-89.09,13.92
39031990,OTHER POLYSTYRENE NES,39,49.49,44.0,67.93,90.38,-18.44,-46.38,-27.94
39174000,FITTINGS FOR TUBES PIPES AND HOSES OF PLSTC,39,67.25,60.04,74.31,89.54,-7.06,-29.5,-22.44
39211900,OTHR PLTES SHTS ETC OF OTHR PLSTCS CELULR,39,15.63,24.94,84.31,89.49,-68.68,-64.55,4.13
29142990,OTHER CYCLANIC ETC KETONES WITHOUT OTHER  OXYGN FN.,29,122.8,115.25,102.7,89.48,20.1,25.77,5.67
39081041,FLAKE(CHIP),39,0.3,0.17,102.6,89.23,-102.3,-89.06,13.24
29141100,ACETONE,29,15.32,11.98,133.83,87.41,-118.51,-75.43,43.08
62052090,OF COTTON: OTHER,62,709.45,636.61,84.24,86.86,625.21,549.75,-75.46
29322090,OTHER LACTONES,29,148.92,137.2,84.55,86.21,64.37,50.99,-13.38
39229000,OTHR SANITARY ARTICLES,39,11.05,9.55,79.64,86.08,-68.59,-76.53,-7.94
29051620,2-ETHYL HEXANOL,29,0.48,0.82,112.07,85.36,-111.59,-84.54,27.05
39205111,"SHTS OF PLYMTHYL METHACRYLTE RIGID, PLAIN",39,6.69,4.17,83.39,85.22,-76.7,-81.05,-4.35
63090000,WORN CLOTHING AND OTHER WORN ARTICLES,63,79.05,83.1,81.93,84.93,-2.88,-1.83,1.05
29061990,"OTHER CYCLANIC, CYCLENIC OR CYCLOTERPENIC ALCOHOLS",29,63.76,63.14,72.38,84.9,-8.62,-21.76,-13.14
29054500,GLYCEROL,29,19.03,25.39,57.71,84.66,-38.68,-59.27,-20.59
60064300,OTHR KNITD OR CROCHETD FBRCS OF ARTIFCL   FIBRES OF DIFFRNT COLR,60,0.0,0.75,28.77,83.87,-28.77,-83.12,-54.35
29332990,OTHER COMPNDS CNTNG AN UNFUSED IMIDAZOLE  RING (W/N HYDRGNTD ) IN STRUCTURE,29,211.28,235.22,80.24,83.05,131.04,152.17,21.13
39219029,"OTHR PLTS,SHTS,FILM FOIL,STRIP ETC, OF    POLYMER OF VINYL CHLORIDE : OTHER",39,4.17,3.6,65.57,82.78,-61.4,-79.18,-17.78
61091000,T-SHIRTS ETC OF COTTON,61,1760.83,1775.6,85.27,82.66,1675.56,1692.94,17.38
53012900,"OTHER FLAX (EXCL BRKN/SCUTCHED,NOT SPUN",53,3.79,6.63,143.58,82.49,-139.79,-75.86,63.93
60053790,"OTHER, DYED - Others",60,4.75,5.06,49.42,82.02,-44.67,-76.96,-32.29
54021990,"OTHERS-OF-OTHERS-OF-HIGH TENACITY YARN OF NYLON OR OTHER POLYAMIDES, WHETHER OR NOT TEXTURED",54,3.61,3.27,78.79,81.06,-75.18,-77.79,-2.61
62046290,OF COTTON: OTHER,62,338.73,395.14,83.73,80.67,255.0,314.47,59.47
55101110,VISCOSE RAYON SPUN YARN,55,48.31,47.53,22.42,80.53,25.89,-33.0,-58.89
29156010,"BUTANOIC ACIDS,THR SLTS AND ESTRS",29,14.23,11.86,69.49,79.84,-55.26,-67.98,-12.72
29161100,ACRYLIC ACID AND ITS SALTS,29,1.13,1.23,68.49,78.77,-67.36,-77.54,-10.18
39123100,CARBOXYMETHYLCELLULOSE AND ITS SALTS,39,14.55,15.04,87.65,77.98,-73.1,-62.94,10.16
29153999,OTHERS-OF-OTHER ESTERS OF ACETIC ACID,29,58.95,48.34,89.37,77.88,-30.42,-29.54,0.88
39069070,SODIUM POLYACRYLATE,39,0.56,0.21,61.87,77.0,-61.31,-76.79,-15.48
29171200,ADIPIC ACID ITS SALTS AND ESTERS,29,3.94,1.89,86.73,75.22,-82.79,-73.33,9.46
39235090,OTHR STOPRS LID CAPSANDOTHR CLSRES OF PLSTCS,39,39.18,43.45,65.4,74.7,-26.22,-31.25,-5.03
29051220,ISOPROPYL ALCOHOL,29,13.58,11.12,136.33,74.17,-122.75,-63.05,59.7
29337100,6-HEXANELACTAM (EPSILON-CAPROLACTAM),29,0.63,0.3,102.64,72.34,-102.01,-72.04,29.97
51012900,OTHR DEGRESD WOOL NT CRBNSD NOR CRDED/CMBD,51,0.14,0.23,63.33,72.31,-63.19,-72.08,-8.89
39139090,OTHER NATRL AND MODFD NATRL POLYMERS NES,39,6.62,6.31,52.55,72.04,-45.93,-65.73,-19.8
39173290,"OTHR TUBE,PIPES AND HOSES  NOT REINFORCED   ORCOMBINED WITH OTHER MATRL WITOUT        FITTINGS",39,2.96,5.36,64.98,71.78,-62.02,-66.42,-4.4
29094990,OTHERS-OF-OTHR ETHR-ALCHLS AND THR HALGNTD SLPHNTDNITRATED OR NITROSATED DERIVATIVES,29,32.15,30.83,62.91,71.44,-30.76,-40.61,-9.85
39032000,STYRENE ACRYLONITRILE (SAN) COPOLYMERS,39,2.94,6.05,71.03,71.01,-68.09,-64.96,3.13
29334990,OTHERS-OF-OTHERS-OF-HETEROCYCLIC COMPOUNDS WITH NITROGEN,29,0.0,186.74,0.0,70.6,0.0,116.14,116.14
54022090,OTHER POLYESTER (EXCL TERYLENE DACRON),54,8.53,12.15,77.8,69.91,-69.27,-57.76,11.51
29012940,TETRADECENE,29,0.26,0.0,50.36,69.66,-50.1,-69.66,-19.56
29094300,MONOBUTYL ETHERS OF ETHYLENE GLYCOL       OR OF DIETHYLENE GLYCOL,29,6.35,9.69,67.15,69.06,-60.8,-59.37,1.43
39209190,OTHERS-OF-OTHR PLTES SHTS ETCOF OTHER PLASTICS:,39,0.5,0.31,61.41,68.96,-60.91,-68.65,-7.74
29371900,OTHER POLYPEPTIDE HORMONES THR DTVTVS AND   STRCTL ANLGES,29,35.1,45.44,46.84,68.85,-11.74,-23.41,-11.67
29121990,OTHER ACYCLIC ALDEHYDS WITHOUT OTHER OXYGN FUNCTION,29,62.06,55.04,73.37,68.1,-11.31,-13.06,-1.75
29224220,MONOSODIUM GLUTAMATE (AZINAMOTO),29,0.7,0.6,57.98,67.9,-57.28,-67.3,-10.02
29391900,"OTHER ALKALOIDS OF OPIUM ANDTHR DRVTVS,SALTS",29,31.64,29.67,60.93,67.61,-29.29,-37.94,-8.65
39191000,"SELF-ADHSV PLTS ETC IN RLS,WDTH < = 20CM",39,36.12,35.7,59.82,66.59,-23.7,-30.89,-7.19
39046990,OTHER FLURO-POLYMERS,39,104.99,97.53,68.04,66.49,36.95,31.04,-5.91
29062990,OTHER AROMATIC ALCOHOL,29,35.64,27.48,57.54,66.49,-21.9,-39.01,-17.11
39231090,BOX CASE CRATE AND SMLR ARTCLS OF PLSTCS NES,39,46.33,51.83,60.07,65.92,-13.74,-14.09,-0.35
59021010,TYRE CORD FBRC OF NYLON/OTHR POLYAMIDES   IMPREGNTD WTH RUBR,59,5.18,6.64,64.67,65.41,-59.49,-58.77,0.72
29389090,OTHER GLYCOSIDES NTRL/RPRDCD BY SYNTHSIS ANDTHR SLTS ETHRS DRVTVS,29,49.77,75.82,77.4,64.53,-27.63,11.29,38.92
39173990,OTHR TUBES PIPES AND HOSES  NES,39,44.7,37.26,61.62,64.52,-16.92,-27.26,-10.34
39041010,EMULSION GRADE PVC RESIN / PVC PASTE RESIN / PVC DISPERSION RESIN,39,0.19,0.21,77.24,64.5,-77.05,-64.29,12.76
29189990,OTHERS-OF-OTHERS-OF-CRBOXYLC ACDS WTH ADDTNL OXYGN FNCTNANHYDRDS HALDS PEROXIDES AND PEROXYACSDSTHRHALGNTD SLPHNTD NITRTD/NITR,29,216.94,241.34,72.64,63.94,144.3,177.4,33.1
62121000,BRASSIERES,62,65.62,43.11,49.47,62.87,16.15,-19.76,-35.91
29400000,SUGRS CHMCLY PURE OTHR THN SUCROSE        LACTOSEMALTOSE ETC SUGR ETHRS AND SUGRESTRS AND THR  SLTS BESIDES HDG NO. 2937,29,24.8,37.6,58.92,62.05,-34.12,-24.45,9.67
55095100,OTHR YARN OF POLYSTR STPL FIBRS MIXED     MAINLY/SOLELY WITH ARTIFICIAL STAPLE FIBRS,55,87.46,79.53,51.44,62.01,36.02,17.52,-18.5
39094090,PHENOLIC RESINS NES,39,24.44,22.65,69.69,61.94,-45.25,-39.29,5.96
29183090,OTHER CRBXYLC ACIDS WITH A LDHYD/KETONE FN BUT WITHOUT OTHET OXYGEN FN. ETC.,29,51.08,46.73,71.64,61.69,-20.56,-14.96,5.6
29321990,OTHER CMPNDS CNTNG UNFUSED FURANRING (W/N)IN STRUCTURE,29,32.76,41.4,57.23,61.63,-24.47,-20.23,4.24
29173990,OTHER ARMTC PLYCRBOXYLIC ACIDS ETC.,29,88.09,80.24,80.03,60.59,8.06,19.65,11.59
39211200,PLTES ETC OF POLYMRS OF VINYL CHLORDE,39,36.78,30.13,49.19,60.42,-12.41,-30.29,-17.88
29212100,ETHYLENEDIAMINE AND ITS SALTS,29,6.34,5.89,70.67,59.9,-64.33,-54.01,10.32
61103010,JERSEYS ETC OF SYN FIBRES,61,40.18,43.52,48.44,59.7,-8.26,-16.18,-7.92
29161990,"OTHER UNSATRTD ACYCLC , MONOCRBOXYLC ACDS ETC THR DRVTVS",29,10.85,12.18,54.7,59.51,-43.85,-47.33,-3.48
29122990,OTHER CYCLC ALDHYDS WITHOUT OTHR OXYGEN FN,29,61.53,47.12,72.35,59.43,-10.82,-12.31,-1.49
39202020,"PLTES SHTS ETC. OF POLYMRS OF PROPYLN     FLEXIBLE, PLAIN",39,238.99,193.98,38.25,58.78,200.74,135.2,-65.54
39199010,"PLASTIC STICKERS, WHETHER OR NOT PRINTED, EMBOSSED, OR IMPREGNATED",39,23.54,31.21,52.75,58.64,-29.21,-27.43,1.78
39140090,"OTHER ION EXCHANGERS BASED ON POLYMERS OF HEADING 3901 TO 3913, IN PRIMARY FORMS",39,2.44,5.66,57.57,58.57,-55.13,-52.91,2.22
57032990,"OTHERS-OF-OTHERS-OF-CARPETS AND OTHER TEXTILE FLOOR COVERINGS(INCLUDING TURF), TUFTED, WHETHER OR NOT MADE UP",57,0.51,1.03,49.86,58.25,-49.35,-57.22,-7.87
29419019,OTHER RIFAMPICIN AND ITS SALTS,29,10.72,5.37,55.84,58.15,-45.12,-52.78,-7.66
29379090,"OTHERS-OF-OTHER HORMONS, NTRL OR RPRDCD BY SYNTHSIS USED AS HORMONS",29,24.27,23.51,56.85,57.15,-32.58,-33.64,-1.06
29262000,1-CYANOGUANIDINE(DICYANDIAMIDE),29,0.0,0.25,71.93,56.96,-71.93,-56.71,15.22
39059100,COPOLYMERS,39,2.64,3.16,56.98,56.09,-54.34,-52.93,1.41
39233090,CRBYS BTTLS FLSKAND SMLR ARTCL OF PLSTCS NES,39,64.13,65.51,49.52,55.78,14.61,9.73,-4.88
29222913,PARA AMINOPHENOL,29,1.09,0.91,46.41,55.7,-45.32,-54.79,-9.47
29362800,VITAMIN E AND ITS DERIVATIVES,29,20.51,25.52,42.49,55.25,-21.98,-29.73,-7.75
58063200,OTHER NARROW WOVEN FBRCS OF MAN-MADE FIBRE,58,42.9,24.45,69.79,54.73,-26.89,-30.28,-3.39
59021090,OTHERS-OF-TYRE CORD FABRIC OF NYLON/OTHR POLYAMIDES,59,0.05,0.22,59.17,54.56,-59.12,-54.34,4.78
29372300,OESTROGENS AND PROGESTOGENS,29,27.65,31.24,64.3,53.69,-36.65,-22.45,14.2
29211990,"OTHERS-OF-OTHER : N,N-DIALKYL (METHYL, ETHYL, N-PROPYL OR ISOPROPYL) --2-CHLOROETHYLAMINES AND THEIR PROTONATED SALTS :",29,25.66,30.15,49.72,53.52,-24.06,-23.37,0.69
61102000,JERSEYS ETC OF COTTON,61,219.46,231.99,53.48,52.94,165.98,179.05,13.07
39052100,VNYL ACETT COPOLYMRS IN AQUEOUS DISPRSN,39,3.06,3.93,51.99,52.84,-48.93,-48.91,0.02
60053600,"OTHER, UNBLEACHED OR BLEACHED",60,0.5,0.44,43.04,52.65,-42.54,-52.21,-9.67
39211390,PLTES ETC OF POLYURETHANES OTHER,39,4.04,4.49,50.1,52.56,-46.06,-48.07,-2.01
63079099,OTHR MADE UP ARTCLS - OTHRS,63,65.3,63.0,46.02,52.24,19.28,10.76,-8.52
29054300,MANNITOL,29,8.54,7.26,51.91,51.9,-43.37,-44.64,-1.27
39079190,OTHER UNSATRTD POLYSTR IN PRIMARY FORMS,39,5.16,7.44,54.41,51.79,-49.25,-44.35,4.9
29153300,N-BUTYL ACETATE,29,4.13,2.54,63.12,51.6,-58.99,-49.06,9.93
53061090,"FLAX YARN,SINGLE,NT PUT UP FOR RETAIL SALE",53,11.15,11.34,33.76,51.15,-22.61,-39.81,-17.2
53101013,HESSIAN CLOTH CNTNG 100% BY WT OF JUTE.,53,72.29,75.0,43.75,50.73,28.54,24.27,-4.27
39172990,TUBE PIPEAND HOSES OF OTHR PLSTCS RIGID NES,39,26.22,14.5,54.42,50.7,-28.2,-36.2,-8.0
29012930,DIHYDROMYRCENE,29,0.0,0.0,38.33,50.39,-38.33,-50.39,-12.06
59119090,OTHERS-OF-OTHR TXTL PRDCTS AND ARTCLS FOR TECHNCL USE,59,35.0,40.88,53.08,50.21,-18.08,-9.33,8.75
39206190,PLTES SHTS ETC OF PLYCRBNTS NES,39,24.11,27.67,22.4,50.18,1.71,-22.51,-24.22
29252990,"OTHER IMINES AND THEIR DERIVTVS, SALTS      THEREOF",29,120.17,116.56,63.11,50.08,57.06,66.48,9.42
29182990,OTHER CARBOOXYLIC ACIDS WITH PHNL FN. ETC.,29,41.04,19.03,55.78,49.62,-14.74,-30.59,-15.85
39209939,PLATE SHEET FILM FOIL AND STRIP OF          COPOLYMEROF VINYL CHLORIDEAND ACETATE OTHER,39,3.24,2.63,68.44,49.03,-65.2,-46.4,18.8
29142200,CYCLOHEXANONE AND METHYL CYCLOHEXANONES,29,8.43,6.25,65.45,48.76,-57.02,-42.51,14.51
54076190,"OTHERS-OF-WOVEN FABRICS,CONTAINING 85% OR MORE BY WT OF NON-TEXTURED POLYESTER FILAMENTS",54,10.66,10.59,45.47,48.76,-34.81,-38.17,-3.36
29213090,"OTHER CYCLANIC CYCENIC/CYCLOTRPNC MONO OR POLYAMINS AND THR DRVTVS, SALTS",29,32.17,54.19,51.79,48.64,-19.62,5.55,25.17
29371200,INSULIN AND ITS SALTS,29,40.53,44.75,33.68,48.45,6.85,-3.7,-10.55
29321100,TETRAHYDROFURAN,29,1.26,0.88,56.14,48.32,-54.88,-47.44,7.44
29173500,PHTHALIC ANHYDRIDE,29,23.39,26.46,65.51,47.6,-42.12,-21.14,20.98
60053900,"OTHER,  PRINTED",60,5.24,6.89,28.0,47.43,-22.76,-40.54,-17.78
29051300,SATURATED BUTAN-1-OL(N-BUTYL ALCOHOL),29,5.26,1.8,67.96,46.55,-62.7,-44.75,17.95
39049090,OTHERS-OF-OTHER POLYMERS OF VINYL CHLORIDE OR OFOTHER HALOGENATED OLEFINS IN PRIMARY FORMS,39,2.1,2.86,88.75,46.37,-86.65,-43.51,43.14
39181090,OTHER POLYMERS OF VENYL CHLORIDE,39,111.8,54.22,36.96,46.3,74.84,7.92,-66.92
29280090,OTHR ORGNC DRVTS OF HYDRAZINE/HYDRXYLMINE,29,83.0,119.64,37.08,46.27,45.92,73.37,27.45
29147990,"OTHERS-OF-OTHERS-OF-KTNS AND QUINONES,W/N WTH OTHR OXYGN FNCTN, THR HALGNTD SLPHNTD NITRTD/NITRSTD DRVTVS",29,114.39,108.27,37.89,46.23,76.5,62.04,-14.46
29209090,OTHERS-OF-OTR ESTERS OF OTR INORGNC ACDS;THRSLTS ETC,29,0.0,27.29,0.0,46.01,0.0,-18.72,-18.72
29419011,RIFAMPICIN,29,9.83,13.66,44.5,45.93,-34.67,-32.27,2.4
29049990,"OTHERS-OF-OTHERS-OF-SULPHONATED, NITRATED OR NITROSATED DERIVATIVES OF HYDROCARBONS, WHETHER OR NOT HALOGENATED",29,25.7,16.27,35.89,45.9,-10.19,-29.63,-19.44
39043090,VINYL CHLORIDE-VINYL ACETATE COPOLYMER NES,39,0.89,0.62,46.86,45.88,-45.97,-45.26,0.71
39093990,"OTHERS-OF-OTHERS-OF-AMINO-RESINS, PHENOLIC RESINS AND POLYURETHANES,",39,2.13,3.86,43.03,45.51,-40.9,-41.65,-0.75
29051490,OTHER BUTANOLS,29,8.63,6.69,56.27,44.85,-47.64,-38.16,9.48
39232990,*SACK AND BAG (INCL CONES)OF OTHR PLASTIC NES,39,485.18,532.09,33.38,44.77,451.8,487.32,35.52
29141300,4-MTHYLPENTAN-2-ONE(MTHYL ISOBTYL KETONE),29,2.2,1.55,72.53,44.74,-70.33,-43.19,27.14
29222990,"OTHER AMINO-NAPHTHOLS AND OTHER AMINO-      PHENOLS, THEIR ETHERS,ESTERS AND SALTS",29,70.04,52.34,61.29,44.7,8.75,7.64,-1.11
56031400,MAN-MADE FILMNT WGHNG >150G/SQM,56,32.58,28.83,35.04,44.55,-2.46,-15.72,-13.26
29071990,OTHER MONOPHENOLS,29,35.24,33.75,53.96,44.34,-18.72,-10.59,8.13
29096090,"OTHERS-OF-ALCHL PEROXIDES,ETHR PEROXIDES,KETONE PEROXIDES AND THR HALGNTD SLPHNTD NITRATED OR NITROSATED DERIVATIVES",29,0.0,14.17,0.0,44.33,0.0,-30.16,-30.16
63051040,JUTE SACKING BAGS,63,62.39,56.7,33.76,44.27,28.63,12.43,-16.2
29012100,UNSATURATED ETHYLENE,29,14.74,16.67,67.34,44.14,-52.6,-27.47,25.13
55049090,OTHERS-OF-OTHER ARTIFICIAL STAPLE FIBRS NT CRD/COMBD,55,0.0,0.0,35.02,44.14,-35.02,-44.14,-9.12
39249090,OTHR HOUSHOLD ANDTOILT ARTCLS OF PLSTCS NES,39,65.1,72.77,38.88,43.76,26.22,29.01,2.79
56039200,OTHER FILMNT WGHNG BETWN 25G/SQM          AND 70G/SQM,56,5.97,10.57,39.48,43.75,-33.51,-33.18,0.33
29102000,METHYLOXIRANE (PROPYLENE OXIDE),29,0.01,0.0,58.37,43.68,-58.36,-43.68,14.68
29034500,"1,1,1,2-TETRAFLUOROETHANE (HFC-134A) AND 1,1,2,2-TETRAFLUOROETHANE (HFC-134)",29,32.09,64.05,29.3,43.66,2.79,20.39,17.6
39045090,OTHER COPOLYMER OF VINYLIDENE CHLORIDE,39,0.02,0.07,39.79,43.52,-39.77,-43.45,-3.68
29029090,OTHER CYCLIC HYDROCARBONS,29,57.55,60.3,48.8,43.26,8.75,17.04,8.29
29270090,OTHER DIAZO-AZO-OR AZOXY-COMPOUNDS,29,75.5,73.8,42.1,43.21,33.4,30.59,-2.81
61099010,T-SHIRT ETC OF SYN FIBRES,61,121.96,142.89,36.44,43.13,85.52,99.76,14.24
29173300,DINONYL OR DIDECYL ORTHOPHTHALATES,29,7.94,8.57,37.1,42.96,-29.16,-34.39,-5.23
29337990,OTHERS-OF-OTHER LACTAMS,29,181.48,179.42,41.24,42.83,140.24,136.59,-3.65
62034300,"TROUSERS,BIB AND BRACE,OVERALLS,BREECHES AND  SHORTS OF SYNTHETIC FIBRS,MENS OR BOYS",62,85.61,93.41,34.48,42.48,51.13,50.93,-0.2
29141200,BUTANONE (METHYL ETHYL KETONE),29,1.46,0.81,53.01,42.23,-51.55,-41.42,10.13
56079090,"OTHER TWINE,CORDAGE,ROPE AND CABLES",56,10.57,11.87,33.47,41.81,-22.9,-29.94,-7.04
54024400,ELASTOMERIC,54,32.36,23.07,54.18,41.56,-21.82,-18.49,3.33
29172000,"CYCLANIC,CYCLENIC/CYCLOTRPNC PLYCRBOXYLC  ACIDS THR ANHYDRDS HALIDES PEROXIDES      PEROXYACIDS AND THEIR DERIVATIVES",29,5.99,4.25,41.54,41.29,-35.55,-37.04,-1.49
29171990,OTHR ACYLC PLYCRBOXYLC ACDS AND THR DRVTVS,29,17.47,23.95,45.64,40.45,-28.17,-16.5,11.67
29232010,LECITHINS,29,104.95,112.64,24.31,40.27,80.64,72.37,-8.27
53031010,"JUTE, RAW OR RETTED",53,15.81,25.19,79.65,40.1,-63.84,-14.91,48.93
39022000,POLYISOBYTYLENE,39,20.96,21.46,46.52,39.33,-25.56,-17.87,7.69
39046100,POLYTETRAFLUOROETHYLENE,39,129.33,133.54,38.5,39.0,90.83,94.54,3.71
29162090,"OTHERS-OF-CYCLANIC,CYCLENIC/CYCLOTRPNC MONOCRBOXYLC ACIDS,THEIR ANHYDRDS,HALIDES PEROXIDESPEROXYACIDS AND THEIR DERIVATATIVES",29,35.54,21.2,34.45,38.93,1.09,-17.73,-18.82
29141990,OTHER ACYLC KETONES WITHOUT OTHR OXYGN FN.,29,37.4,35.92,42.83,38.85,-5.43,-2.93,2.5
56060090,OTHR GIMPED YARN/STRIP ETC.,56,13.12,12.77,62.46,38.77,-49.34,-26.0,23.34
39241090,OTHER TABLEWARE AND KITCHENWARE OF PLASTICS,39,103.6,95.75,31.92,38.33,71.68,57.42,-14.26
56031300,MAN-MADE FILMNT WGHNG BETWN 70G/SQM       AND 150G/SQM,56,39.44,26.41,34.34,38.31,5.1,-11.9,-17.0
29109090,"OTHERS-OF-OTHER EPOXIDES,EPOXY ALCHLS ETC",29,0.0,20.97,0.0,37.99,0.0,-17.02,-17.02
59022010,TYRE CORD FBRC OF POLYEGTR IMPREGNTD WTH  RUBR,59,0.4,0.58,46.2,37.74,-45.8,-37.16,8.64
29393000,CAFFEINE AND ITS SALTS,29,59.59,74.46,23.62,37.71,35.97,36.75,0.78
61046300,"TROUSERS,BIB AND BRACE OVERALLS,BREECHES    AND SHORTS OF SYNTHETIC FIBRES",61,27.44,31.88,26.35,37.19,1.09,-5.31,-6.4
29091990,"OTHERS-OF-OTHR ACYCLIC ETHRS AND THR HALGNTD,SLPHNTDNITRATED OR NITROSATED DERIVATIVES",29,39.9,44.96,52.19,37.17,-12.29,7.79,20.08
55033090,OTHER STAPLE FIBRS OF ACRLC/MODACRLC NT CRD/CMBD,55,3.89,2.58,34.96,37.07,-31.07,-34.49,-3.42
57033990,"OTHERS-OF-OTHERS-OF-CARPETS AND OTHER TEXTILE FLOOR COVERINGS(INCLUDING TURF), TUFTED, WHETHER OR NOT MADE UP",57,69.51,67.74,35.29,36.72,34.22,31.02,-3.2
39100020,SILICONE OIL,39,13.5,10.06,34.62,36.69,-21.12,-26.63,-5.51
29027000,CUMENE,29,0.0,0.0,52.48,36.23,-52.48,-36.23,16.25
60062200,"OTHR KNITED OR CROCHETD FBRCS OF COTTON , DYED",60,173.36,155.48,65.79,36.18,107.57,119.3,11.73
29181920,CHOLIC ACID,29,14.89,13.13,32.26,36.04,-17.37,-22.91,-5.54
29372100,"CORTISONE,HYDROCORTISONE,PREDNISONE (DEHY-DROCORTISONE)AND FREDNISOLONE             AND PRDNSLN(DEHYDROHYDROCORTISONE)",29,12.54,12.89,39.48,35.88,-26.94,-22.99,3.95
62014090,OTHERS-OF-OF MAN-MADE FIBRES,62,4.42,7.35,32.36,35.54,-27.94,-28.19,-0.25
39079150,POLY (BUTYLENE TEREPTHALATE) UNSATURATED,39,10.7,12.27,34.69,35.48,-23.99,-23.21,0.78
29419013,RIFA OR RIFA S SODIUM (RIFAINT),29,0.2,0.0,15.44,35.18,-15.24,-35.18,-19.94
29411030,AMOXYCILLINE AND ITS SALTS,29,184.02,143.35,42.99,34.95,141.03,108.4,-32.63
29362700,VITAMIN C (ASCORBIC ACID) AND ITS DRVTVS,29,11.61,12.09,25.47,34.84,-13.86,-22.75,-8.89
39081079,OTHER PRIMARY FORM,39,0.35,0.45,41.2,34.54,-40.85,-34.09,6.76
29072200,HYDROQUINONE (QUINOL) AND ITS SALTS,29,10.94,12.81,38.81,34.48,-27.87,-21.67,6.2
39081049,"OTHER PRIMARY FORM POLYAMIDE -6,9 (NYLON-6,9):",39,0.28,0.31,27.16,34.36,-26.88,-34.05,-7.17
39269080,"POLYPROPYLENE ARTICLES,N.E.S.",39,260.6,215.08,29.84,33.8,230.76,181.28,-49.48
62064000,"BLOUSES,SHIRTS ETC OF MAN-MADE FIBRES",62,252.5,205.79,27.21,33.58,225.29,172.21,-53.08
29181690,OTHER GLUCONIC ACID ITS SALTS AND ESTERS,29,17.41,23.82,34.1,33.43,-16.69,-9.61,7.08
29362610,VITAMIN B12 (CYNOCOBALAMIN),29,0.91,1.3,26.63,33.42,-25.72,-32.12,-6.4
29214990,OTHER ARMTC MONO AMNS AND THR DRVTVS AND SALTS,29,72.85,75.32,28.39,33.34,44.46,41.98,-2.48
56039490,OTHER FILMNT WGHNG >150G/SQM-OTHER,56,8.93,11.13,35.54,33.34,-26.61,-22.21,4.4
61051090,OTHER SHIRTS OF COTTON,61,122.44,139.77,32.6,33.33,89.84,106.44,16.6
29214290,OTHER AMINO SULPHONIC ANILINE ETC NES,29,309.09,533.75,23.12,33.31,285.97,500.44,214.47
29155000,PROPIONIC ACID ITS SALTS AND ESTERS,29,36.17,21.98,46.36,33.06,-10.19,-11.08,-0.89
29211110,DIMETHYL FORMIDE,29,0.88,1.09,53.4,32.88,-52.52,-31.79,20.73
51012100,DEGRESD SHORN WOOL NT CRBNSD NR CRDED/CMBD,51,0.06,0.17,27.6,32.34,-27.54,-32.17,-4.63
29051210,PROPYL ALCOHOL,29,3.26,2.07,43.25,32.23,-39.99,-30.16,9.83
62033300,JACKTS AND BLAZERS OF SYNTHETIC FIBRES,62,49.57,61.71,32.08,32.18,17.49,29.53,12.04
39205199,"OTHR PLAT,SHEET OF PLYMTHYL METHACRYLT NES",39,2.72,1.53,33.05,31.81,-30.33,-30.28,0.05
62046300,"TROUSERS,BIB AND BRACE OVERALLS,          BREECHES AND SHORTS OF SYNTHETIC FIBRES",62,84.07,88.8,26.56,31.76,57.51,57.04,-0.47
29342090,OTHERS-OF-CMPNDS CNTNG A BENZOTHIAZONE RING-SYSTEM(W/N HYDRGNTD) NT FRTHR FUSED,29,0.0,10.58,0.0,31.73,0.0,-21.15,-21.15
56012200,WADDING OF MAN-MADE FIBRES,56,4.41,6.7,29.69,31.62,-25.28,-24.92,0.36
59031010,IMITAION LEATHER CLOTH OF COTTON          LAMINATED PLTD ETC WITH PVC,59,0.61,0.6,16.91,31.6,-16.3,-31.0,-14.7
59070012,TXTL FBRCS COVRD WTH TXTL FLOCKS PN BASE  FBRCS OF MN-MD TXTL MATRL,59,3.52,4.2,9.89,31.58,-6.37,-27.38,-21.01
55039090,"OTHERS-OF-OTHER STAPLE FIBRES,NOT CARDED OR COMBED",55,0.04,0.13,35.07,31.54,-35.03,-31.41,3.62
29157090,"OTHER PALMITIC ACID, STEARIC ACID AND THEIR SALTS AND ESTRS",29,65.31,77.14,31.37,31.44,33.94,45.7,11.76
39264029,OTHER BEADS,39,0.43,0.58,29.21,31.43,-28.78,-30.85,-2.07
29341090,OTHERS-OF-CMPNDS CNTNG AN UNFUSED THIAZOLE RING (W/N HYDROGENATED ) IN THE STRUCTURE,29,0.0,45.68,0.0,31.42,0.0,14.26,14.26
29094100,"2,2-OXYDIETHANOL (DIETHYLENE GLYCOL,DIGOL)",29,14.15,7.85,19.88,31.28,-5.73,-23.43,-17.7
29222150,J ACID (2-AMINO-5-NAPTHOL-7 SLPHNC ACID),29,0.1,0.02,29.11,31.21,-29.01,-31.19,-2.18
59022090,OTHERS-OF-TYRE CORD FABRIC OF POLYESTERS,59,0.35,0.24,29.54,30.87,-29.19,-30.63,-1.44
53072000,MULTIPLE FOLDED OR CABLED YARN OF JUTE,53,8.2,3.87,27.16,30.78,-18.96,-26.91,-7.95
50072090,ITEMS OTHR THN SAREES CONTNG >85% BY WT   OF SLK ETC.,50,104.88,202.05,32.59,30.72,72.29,171.33,99.04
29071520,BETA NAPHTHOL,29,5.01,4.25,32.76,30.33,-27.75,-26.08,1.67
53071010,"YARN OF JUTE,SINGLE",53,10.04,13.58,32.66,30.14,-22.62,-16.56,6.06
29173960,ISOPHTHALIC ACID,29,10.29,43.8,70.0,29.9,-59.71,13.9,73.61
59069990,RUBBERISED TEXTILE FABRICS OF OTHER       MATRLSEXCPT RUBBERISED KNITTED/CROCHETED  GOODS,59,13.56,12.89,26.78,29.76,-13.22,-16.87,-3.65
29239000,OTHER QUATERNARY AMMONIUM SALTS AND         HYDROXDELECITHINS AND OTHR                  PHOSPHOAMINOLIPIDS,29,49.25,67.19,27.93,29.63,21.32,37.56,16.24
29372200,HALGNTD DRVTVS OF CORTI COSTEROIDAL,29,37.98,34.57,27.92,29.33,10.06,5.24,-4.82
29029040,NAPTHALENE PURE,29,3.86,4.23,32.73,29.31,-28.87,-25.08,3.79
39189090,FLOOR COVERING OF OTHER PLASTICS NES,39,3.12,2.83,27.35,29.12,-24.23,-26.29,-2.06
63041990,OTHR BEDSHEETS AND BED COVERS N.E.S.,63,137.09,140.1,23.15,29.01,113.94,111.09,-2.85
61044300,DRESSES OF SYNTHETIC FIBRES,61,71.53,70.15,22.79,28.7,48.74,41.45,-7.29
58062000,OTHR NARROW WVN FBRCS CNTNG BY WT 5%      OR MORE OF ELASTOMRC YRN/RUBR THRD,58,45.02,41.99,28.89,28.57,16.13,13.42,-2.71
29321400,SUCRALOSE,29,0.39,0.7,19.04,28.43,-18.65,-27.73,-9.08
39209959,RETRO REFLECTIVE SHEETING OTHER,39,0.17,0.15,39.1,28.3,-38.93,-28.15,10.78
39269069,OTHER HANGERS,39,51.8,47.54,25.48,28.22,26.32,19.32,-7.0
56031200,MAN-MADE FILMNT WGHNG>25G /SQM,56,93.13,71.86,26.17,27.92,66.96,43.94,-23.02
29161310,METHACRYLIC ACID,29,0.4,0.35,37.36,27.85,-36.96,-27.5,9.46
56013000,TEXTILE FLOCK AND DUST AND MILL NEPS,56,3.12,2.45,31.38,27.71,-28.26,-25.26,3.0
54021100,Of aramids,54,2.46,1.48,32.38,27.6,-29.92,-26.12,3.8
60011020,LONG PILE FBRCS OF MN-MD FIBRES,60,0.54,0.28,17.78,27.58,-17.24,-27.3,-10.06
29163190,OTHER SALTS AND ESTERS OF BENZOIC ACID,29,29.63,25.89,25.3,27.43,4.33,-1.54,-5.87
54041990,OTHERS-OF-OTHERS-OF-SYNTHTC MONFLMNT OF>=67 DCTX AND OF CRSS- SCTNL DIMNSN<=1MM;STRP ETC(E.G.ARTFCL STRW)OF SYNTHTC TXTL MTRLS,54,9.22,9.58,25.81,27.38,-16.59,-17.8,-1.21
60063400,"OTHR KNITD OR CROCHETD FBRCS OF SYN       FIBRES,PRINTD",60,0.88,0.71,57.33,27.33,-56.45,-26.62,29.83
29199090,OTHER PHASPHRC ESTERS AND THEIR SALTS,29,21.91,30.04,26.22,27.13,-4.31,2.91,7.22
39206919,PACKAG FILM OF OTHR POLYESTERS NES,39,98.87,108.75,23.55,26.98,75.32,81.77,6.45
39079120,POLYESTER OR CONTRACT RESINS UNSATURATED,39,32.8,30.24,27.75,26.96,5.05,3.28,-1.77
29413010,DOXYCYLIME AND ITS SALTS,29,0.56,1.25,22.21,26.75,-21.65,-25.5,-3.85
29419020,CEPHALEXIN AND ITS SALTS,29,9.71,7.35,34.73,26.69,-25.02,-19.34,5.68
29413090,OTHER TETRACYCLINES AND THR DRVTVS SLTS,29,0.54,0.29,24.64,26.64,-24.1,-26.35,-2.25
61034300,"TROUSERS,SHORTS ETC OF SYNTHETIC FIBRES",61,29.21,34.8,21.49,26.47,7.72,8.33,0.61
55151130,"FBRC OF POLSTR,MXD WTH VISCOS RYON,DYED",55,287.91,285.72,21.25,26.11,266.66,259.61,-7.05
58109290,OTHER EMBROIDERY OF MANMADE FIBRE,58,46.82,68.62,9.06,26.01,37.76,42.61,4.85
61052010,MENS/BOYS SHIRTS SYN FIBRES,61,83.16,67.07,16.42,25.96,66.74,41.11,-25.63
61161000,"IMPREGNATED, COATED,COVERED OR LAMINATED WITH PLASTICS OR RUBBER",61,20.82,23.12,22.91,25.9,-2.09,-2.78,-0.69
39209219,POLY (AMIDE FLURODE) FILM  OTHER,39,0.13,0.26,26.05,25.84,-25.92,-25.58,0.34
29420016,D(-) PARA HYDROXY DANES SALTS,29,0.15,0.02,27.32,25.44,-27.17,-25.42,1.75
62044390,OTHR DRESSES OF SYNTH FIBRES,62,574.55,515.91,20.26,25.2,554.29,490.71,-63.58
29362210,"VITAMIN B1I(THIAMINE, ANEURINE) AND ITS SALT",29,11.22,12.57,19.06,25.15,-7.84,-12.58,-4.74
39206220,"PLTES SHTS ETC OF PLYETHYLN TEREPHTHALTE  FLEXIBLE, PLAIN",39,264.18,196.22,19.92,24.79,244.26,171.43,-72.83
51052910,WOOL TOPS,51,6.39,8.69,14.23,24.79,-7.84,-16.1,-8.26
29052230,LINALOOL,29,0.48,0.47,24.46,24.78,-23.98,-24.31,-0.33
54074290,"OTHERS-OF-WOVEN FABRICS CNTNG BY WT>=85% OF FILAMENTS OF NYLON OR OTHR POLYAMIDES,DYED",54,2.13,1.58,20.59,24.62,-18.46,-23.04,-4.58
39235010,CAPS AND CLOSURES FOR BOTTLES,39,74.2,70.54,24.04,24.55,50.16,45.99,-4.17
56081190,MADE UP FISHING NETS OTHR THAN NYLON,56,57.72,55.88,19.24,24.12,38.48,31.76,-6.72
39042200,"OTHER POLY (VINYL CHORIDE), MIXED WITH OTHER SUBSTANCES -- PLASTICISED",39,29.09,38.49,25.19,24.09,3.9,14.4,10.5
53062090,"FLAX YARN, MULTPLE, NT PUT UP FOR RTL SALE",53,5.25,11.55,52.99,23.95,-47.74,-12.4,35.34
29036900,--OTHER--HALOGENATED DERIVATIVES OF ACYCLIC HYDROCARBONS CONTAINING TWO OR MORE DIFFERENT HALOGEN:,29,3.88,2.29,19.41,23.89,-15.53,-21.6,-6.07
29054290,OTHER PENTAERYTHRITOL,29,3.6,3.54,27.93,23.86,-24.33,-20.32,4.01
39100010,SILICONE RESINS,39,4.78,3.39,17.59,23.82,-12.81,-20.43,-7.62
63039200,OTHER CURTAINS ETC OF SYNTHETIC FIBRES,63,14.65,29.85,20.5,23.77,-5.85,6.08,11.93
39151000,WSTE PARINGS AND SCRAP OF PLYMRS OF ETHYLENE,39,0.02,0.03,22.42,23.45,-22.4,-23.42,-1.02
39204300,PLTES SHTS ETC OF POLYMRS OF VINYL        CHLORIDCONT. BY WEIGHT >= 6% OF           PLASTICIZERS,39,8.75,6.36,25.95,23.38,-17.2,-17.02,0.18
29215190,OTHR O-M-P-PHNYLENEDIAMINE DIAMINOTOLUENE AND THEIR DRVTVS SALTS THEREOF,29,27.07,24.84,28.07,23.38,-1.0,1.46,2.46
29052900,OTHER UNSATURATED MONOHYDRIC ALCOHOLS,29,36.45,35.44,19.0,23.31,17.45,12.13,-5.32
55096900,OTHR YRN OF ACRYLC/MODACRYLC STAPLE FIBRES,55,7.28,7.83,12.62,22.88,-5.34,-15.05,-9.71
50020030,NON-MULBERRY SILK,50,0.05,0.01,23.75,22.38,-23.7,-22.37,1.33
29211190,"FORMAMIDE,N.E.S.",29,54.59,60.0,21.14,22.27,33.45,37.73,4.28
29072100,RESORCINOL AND ITS SALTS,29,14.41,21.36,36.24,22.25,-21.83,-0.89,20.94
60062300,OTHR KNITED OR CROCHETD FBRCS OF COTTON   YARN OF DIFFRNT COLR,60,7.14,8.64,21.27,22.17,-14.13,-13.53,0.6
29124100,VANILLIN(4-HYDROXY-3METHOXY BENZALDEHYDE),29,17.5,21.26,17.8,22.11,-0.3,-0.85,-0.55
61103020,JERSEYS ETC OF ARTIFICIAL FIBRES,61,1.52,1.43,16.93,22.05,-15.41,-20.62,-5.21
29143990,OTHER AROMATIC KETONES WITHOUT OTHER      OXYGNFN.,29,53.77,54.36,20.4,21.96,33.37,32.4,-0.97
63049260,"TOWEL ORHT THN TERRY OF COTN, NTKNTD/CRCHT",63,80.96,52.85,26.62,21.96,54.34,30.89,-23.45
29336910,CYANURIC ACID AND ITS SALTS,29,2.08,0.02,22.28,21.9,-20.2,-21.88,-1.68
60049000,OTHR FBRCS OF WIDTH>30CM,60,5.9,2.42,42.49,21.84,-36.59,-19.42,17.17
57033100,TURF OF OTHER MAN-MADE TEXTILE MATERIALS:,57,1.47,0.93,21.39,21.72,-19.92,-20.79,-0.87
29151100,FORMIC ACID,29,0.45,0.25,15.23,21.64,-14.78,-21.39,-6.61
39092090,OTHER MELAMINE RESINS,39,6.3,5.66,23.92,21.62,-17.62,-15.96,1.66
29362100,VITAMINS A AND THEIR DERIVATIVES,29,21.01,21.95,15.12,21.62,5.89,0.33,-5.56
39232100,SACKS AND BAGS OF POLYETHYLENE (INCL CONES),39,218.56,196.62,20.29,21.44,198.27,175.18,-23.09
63071090,"OTHERS-OF-FLOOR-CLOTHS,DISH-CLOTHS,DUSTERSAND SIMILAR CLEANING CLOTHS",63,7.83,6.29,16.43,21.29,-8.6,-15.0,-6.4
29221110,MONOETHANOLAMINE,29,1.3,0.94,28.22,21.28,-26.92,-20.34,6.58
39269079,"OTHER PLASTIC OR NYLON TIPPED HAMMERS;    INSULATING LINER OF NYLON, HDPE",39,4.01,3.05,9.19,21.19,-5.18,-18.14,-12.96
39059910,POLYVINYL PIROLIDONE(P ALCOHOL),39,2.11,3.13,30.83,21.18,-28.72,-18.05,10.67
39123922,METHYL CELLULOSE PLASTICIZED,39,0.48,0.91,21.14,21.13,-20.66,-20.22,0.44
56039390,OTHER FILMNT WGHNG BETWN 70G/SQM AND 150G/SQM - OTHERS,56,5.4,4.61,18.44,20.88,-13.04,-16.27,-3.23
52081120,SAREE,52,4.8,5.03,10.58,20.42,-5.78,-15.39,-9.61
53101012,SACKING CLTH CNTNG 100% BY WT OF JUTE.,53,1.7,0.18,39.81,20.31,-38.11,-20.13,17.98
29146990,OTHER QUINONES,29,29.03,25.1,22.74,20.26,6.29,4.84,-1.45
29333929,OTHERS-OF-OTHER : DERIVATIVES OF PYRIDINE :,29,181.29,170.07,17.61,20.2,163.68,149.87,-13.81
29130090,OTHER HLGNTD  SLPHNTD ETC DRVTVS,29,18.71,19.71,17.88,20.15,0.83,-0.44,-1.27
29221500,TRIETHANOLAMINE,29,0.3,0.13,25.15,20.06,-24.85,-19.93,4.92
29173920,DIOCTL PHTHALATE,29,6.58,4.95,26.84,19.99,-20.26,-15.04,5.22
29333190,OTHERS-OF-PYRIDINE AND ITS SALTS,29,0.0,67.29,0.0,19.85,0.0,47.44,47.44
58042100,MECHANICALLY MADE LACE OF MAN-MADE FBRS,58,1.47,1.91,15.74,19.83,-14.27,-17.92,-3.65
29035990,OTHER- BROMINATED OR IODINATED DERIVATIVES OF ACYCLIC  HYDROCARBONS,29,3.93,2.11,17.27,19.83,-13.34,-17.72,-4.38
63029300,OTHER LINEN OF MAN MADE FIBRES,63,2.4,1.46,8.17,19.76,-5.77,-18.3,-12.53
29420015,DANES SALT OF D (-) PHENYL GLYCINE,29,0.15,0.0,19.03,19.64,-18.88,-19.64,-0.76
61062010,BLOUSE ETC OF SYNTHETIC FIBRES,61,11.05,10.9,13.85,19.55,-2.8,-8.65,-5.85
58071090,WVN LABLS BADGS ETC OF OTHER TXTL MATRLS,58,3.38,3.7,17.58,19.53,-14.2,-15.83,-1.63
29181200,TARTARIC ACID,29,1.49,1.73,22.84,19.51,-21.35,-17.78,3.57
50040090,OTHR YARN,50,0.83,0.17,14.6,19.42,-13.77,-19.25,-5.48
29182110,SALICYLIC ACID,29,2.71,3.84,25.53,19.41,-22.82,-15.57,7.25
29242190,OTHER UREINES AND THR DRVTVS SALTS THEREOF,29,27.12,37.06,22.57,19.28,4.55,17.78,13.23
29214399,OTHERS-OF-TOLUIDINES AND THEIR DRVTVS SLTS THEREOF,29,0.0,13.52,0.0,19.23,0.0,-5.71,-5.71
29224910,AMINO ACETIC ACID (GLYCINE),29,27.66,18.44,25.68,19.03,1.98,-0.59,-2.57
29051690,OTHER SATURATED OCTANOL,29,6.55,3.98,13.68,18.98,-7.13,-15.0,-7.87
56075090,"OTHERS-OF-TWNE,CORDGE,CBLS ETC OF OTHR SYNTHTC FIBRS",56,14.2,15.06,21.14,18.96,-6.94,-3.9,3.04
63109010,WOOLLEN RAGS,63,8.88,8.72,20.26,18.95,-11.38,-10.23,1.15
39209299,OTHER POLYAMIDES NES,39,0.44,0.47,17.12,18.84,-16.68,-18.37,-1.69
54034912,"CUPRAMMONIUM FLAMNT YARN, 44 DECITEX",54,0,0,15.58,18.68,-15.58,-18.68,-3.1
29232090,OTHERS (PHOSPHOAMINOLIPIDS),29,6.51,9.53,16.1,18.62,-9.59,-9.09,0.5
29215990,OTHER ARMTC PLYAMNS AND THR DRVTVS AND SLTS,29,82.82,72.09,21.78,18.55,61.04,53.54,-7.5
29173200,DIOCTYL ORTHOPHTHALATES,29,3.93,3.25,19.46,18.55,-15.53,-15.3,0.23
61071990,UNDERPANTS AND BRIEFS OF OTHER FIBRES,61,98.0,92.2,4.21,18.47,93.79,73.73,-20.06
52084990,OTHERS-OF-OTHER FABRICS :,52,14.78,16.57,18.78,18.33,-4.0,-1.76,2.24
39269029,"OTHR COUPLERS,PACKING RING, O RINGS AND LIKE",39,5.87,2.75,16.66,18.32,-10.79,-15.57,-4.78
29122100,BENZALDEHYDE,29,7.32,4.99,15.92,17.98,-8.6,-12.99,-4.39
62059090,SHIRTS OF OTHER FIBRES,62,257.14,228.3,20.67,17.94,236.47,210.36,-26.11
39199020,CELLULOSE ADHESIVE TAPE,39,6.05,1.13,15.59,17.83,-9.54,-16.7,-7.16
39069040,POLY (ACRYLIC ACID),39,0.13,0.25,44.63,17.72,-44.5,-17.47,27.03
29042090,OTHR DRVTVS CNTNG ONLY NITRO/NITROSO GRPS,29,17.15,10.56,20.66,17.67,-3.51,-7.11,-3.6
39263090,OTHR FITTING FOR FURNITUR COACHWORK/ LIKE,39,5.31,4.91,12.94,17.65,-7.63,-12.74,-5.11
63014000,"BLANKETS(OTHER THAN ELECTRIC BLANKETS)    AND TRAVELLING RUGS,OF SYNTHETIC FIBRES",63,92.78,96.89,19.51,17.62,73.27,79.27,6.0
55013000,"SYNTHTC FILAMNT TOW,ACRYLIC/MODACRYLIC",55,3.83,5.71,19.16,17.42,-15.33,-11.71,3.62
52114200,DENIM OF YARNS OF DIFFERENT COLOUR OF     MXD COTN FABRICS WEIGHING>200 GSM,52,150.95,130.93,14.88,17.35,136.07,113.58,-22.49
39203090,PLTES SHTS ETC. OF POLYMRS OF STYRENE NES,39,8.35,10.68,23.88,17.29,-15.53,-6.61,8.92
29094400,OTHER MONOALKYL ETHRS OF ETHYLENE GLYCOL  OR OF DIETHYLENE GLYCOL,29,7.97,5.15,8.18,17.22,-0.21,-12.07,-11.86
55031110,Aramid Flame Retardant Fibre,55,0.48,0.48,21.22,17.2,-20.74,-16.72,4.02
62024090,OTHERS-OF-OF MAN MADE FIBRES,62,4.45,5.08,13.42,17.09,-8.97,-12.01,-3.04
39122019,OTHERS-NON-PLASTICIZED,39,10.65,14.81,16.34,17.03,-5.69,-2.22,3.47
39123911,ETHYL CELLULOSE NON-PLASTICIZED,39,2.46,4.41,14.99,17.03,-12.53,-12.62,-0.09
29142921,NATURAL,29,0.16,0.16,4.12,17.02,-3.96,-16.86,-12.9
62034990,"TROUSERS,BREECHES AND LIKE OF OTHER FIBRES",62,189.85,193.52,45.37,17.01,144.48,176.51,32.03
29052220,GERANIOL,29,10.26,18.58,12.68,16.98,-2.42,1.6,4.02
29071290,OTHER CRESOLS AND THEIR SALTS,29,17.04,16.69,25.59,16.96,-8.55,-0.27,8.28
29146200,COENZYME Q10 (UBIDECARENONE (INN)),29,3.32,8.2,12.89,16.81,-9.57,-8.61,0.96
54024900,"OTHERS-OF-OTHER YARN,SINGLE,UNTWISTED OR WITH A TWIST NOT EXCDNG 50 TURNS PER METRE",54,0.17,0.04,15.5,16.42,-15.33,-16.38,-1.05
55109090,OTHERS-OF-OTHER YARN :,55,1.34,1.84,15.79,16.26,-14.45,-14.42,0.03
39269010,PVC BELT CONVEYOR,39,20.01,31.58,12.96,16.22,7.05,15.36,8.31
29052210,CITRANELLOL,29,1.48,1.18,15.19,16.16,-13.71,-14.98,-1.27
61034200,"TROUSERS,SHORTS ETC OF COTTON",61,117.66,143.93,14.73,16.08,102.93,127.85,24.92
39077000,POLY (LACTIC ACID),39,0.26,0.31,10.62,16.02,-10.36,-15.71,-5.35
29214410,DIPHENYLAMINE,29,0.08,0.23,25.34,15.85,-25.26,-15.62,9.64
29319020,ORGANO-SILICON COMPOUNDS,29,0.03,0.06,20.88,15.83,-20.85,-15.77,5.08
39172190,OTHERS-OF-TUBES PIPES AND HOSES OF POLYETHYLNE RIGID,39,10.95,13.15,14.18,15.69,-3.23,-2.54,0.69
62046990,"TROUSERS,BIB ETC OF OTHER FIBRES",62,186.08,176.84,16.14,15.61,169.94,161.23,-8.71
29055900,OTHER ACYLIC ALCOHOLS,29,4.86,14.64,14.82,15.52,-9.96,-0.88,9.08
39173100,FLEXIBLE TUBES PIPES AND HOSES HAVING A   MINIMUM BURST PRESSURE OF 27.6 MPA,39,55.36,53.11,13.27,15.47,42.09,37.64,-4.45
39219094,"OTHR PLTS,SHTS,FILM FOIL,STRIP ETC NES    FLEXIBLE, METALLISED",39,114.74,104.37,5.23,15.35,109.51,89.02,-20.49
51011900,"OTHER WOOL,GREASY,INCL FLEECE-WASHED",51,0.0,0.0,22.05,15.29,-22.05,-15.29,6.76
29182190,OTHER SALICYLIC ACID AND ITS SALTS,29,19.42,22.43,12.67,15.23,6.75,7.2,0.45
39169090,OTHR PLYMRSN AND COPLYMRSN PRDCTS,39,16.24,13.98,12.46,15.15,3.78,-1.17,-4.95
39140020,ION-EXCHANGER OF THE POLYMERISATION       OR COPOLYMERISATION TYPE,39,87.73,87.46,9.45,15.01,78.28,72.45,-5.83
29126000,PARA FORMALDEHYDE,29,3.81,5.45,18.17,14.85,-14.36,-9.4,4.96
39173300,TUBES PIPES AND HOSES NT REINFORCED/        OTHRWISECOMBINED WITH OTHR MATRLS WITH    FITTINGS,39,9.18,7.74,11.73,14.85,-2.55,-7.11,-4.56
39261019,OFFICE SUPPLIES EXCL PINS CLIPS WRITING   INSTRUMENTS OF OTHER MAKE,39,3.64,3.47,11.02,14.81,-7.38,-11.34,-3.96
62053090,MENS OR BOYS SHIRTS OF MAN-MADE FIBRES - OTHER,62,103.53,79.02,12.85,14.78,90.68,64.24,-26.44
29081900,OTHER DERIVTVS CONTAINING ONLY HALOGEN    SUBSTITUENTS AND THEIR SALTS,29,24.26,24.26,10.88,14.73,13.38,9.53,-3.85
29337910,N-METHYL-2-PYRROLIDONE,29,3.71,4.12,9.83,14.73,-6.12,-10.61,-4.49
39206999,OTHER PLTES SHTS ETC OF OTHR POLYESTER NES,39,11.76,10.25,10.45,14.7,1.31,-4.45,-5.76
39076930,PET FLAKE (CHIP),39,71.52,60.58,7.9,14.68,63.62,45.9,-17.72
52083290,"OTHERS-OF-COTN FABRICS CONTNG>=85% BY WT OF COTNDYED,PLAIN WEAVE WEIGHNG >=100 G/M2",52,79.68,90.42,10.05,14.57,69.63,75.85,6.22
29072990,OTHER POLYPHENOLS AND PHENOL ALCOLS NES,29,54.82,67.66,12.16,14.43,42.66,53.23,10.57
29362940,VITAMIN D,29,23.32,27.75,14.67,14.4,8.65,13.35,4.7
29201990,"OTHER THIOPHOSPRIC ESTRS(PHOSPHORTHIOATES) AND THR SALTS; THR HALGNTED, SULPHONTD,    NITRATD OR NITRASTD DERIVTVS.",29,0.45,0.88,12.61,14.33,-12.16,-13.45,-1.29
29171970,ETHOXY METHYLENE MALONATE,29,0.01,0.26,19.7,14.29,-19.69,-14.03,5.66
54079200,"OTHER SYNTHTIC WOVEN FABRICS,DYED",54,42.38,50.95,3.73,14.23,38.65,36.72,-1.93
53092910,DYED WOVN FABRCS CONTNG FLAX <85%,53,14.61,22.65,13.34,14.22,1.27,8.43,7.16
29012200,UNSATURATED PROPENE (PROPYLENE),29,0.0,0.06,0.29,14.12,-0.29,-14.06,-13.77
61159600,OTHER HOSIERY GOODS OF SYNTHETIC FIBRES,61,29.71,18.4,16.72,14.07,12.99,4.33,-8.66
29214526,TOBIAS ACID(2-NAPHTHYLAMINE-1-SLPHNC ACD),29,0.43,0.58,11.01,14.07,-10.58,-13.49,-2.91
55151290,"FBRC OF POLSTR,MXD WTH MAN-MADE FILMNT ,  OTHR",55,1.26,2.36,9.72,14.06,-8.46,-11.7,-3.24
29362500,VITAMIN B6 AND ITS DRVTS,29,0.29,0.73,14.56,13.99,-14.27,-13.26,1.01
29041090,"OTHR DRVTV CNTNG ONLY SULPHO GROUP,       THEIR SALTS AND ETHYL ESTERS",29,34.54,34.5,17.73,13.91,16.81,20.59,3.78
39111010,COUMARONE-INDENE RESINS,39,0.32,0.76,12.45,13.9,-12.13,-13.14,-1.01
39069060,COPOLYMERS OF ACRYLONITRILE,39,0.9,0.47,11.57,13.86,-10.67,-13.39,-2.72
29321300,FURFURYL ALCHL AND TETRAHYDROFURFURYL ALCHL,29,0.04,0.3,10.69,13.8,-10.65,-13.5,-2.85
39264049,OTHR TABLEANDOTHR HOUSHOLD ARTCL OF DECORATN,39,1.17,1.36,9.76,13.74,-8.59,-12.38,-3.79
29032990,OTHERS-OF-OTHER-SATURATED FLUORINATED DERIVATIVES OF ACYCLIC-HYDROCARBONS,29,0.0,2.18,0.0,13.62,0.0,-11.44,-11.44
29151290,OTHER SALTS OF FORMIC ACID,29,3.33,4.47,13.51,13.61,-10.18,-9.14,1.04
62063090,"OTHERS-OF-BLOUSES,SHIRTS AND SHIRTS-BLOUSES OF COTTON",62,639.34,631.3,11.84,13.59,627.5,617.71,-9.79
29124999,"OTHERS-OF-OTHR ALDHYD-ETHR,ALDHYD-PHNLAND OTHR ALDHYD",29,3.01,6.79,13.0,13.47,-9.99,-6.68,3.31
29071300,"OCTYLPHNL NONYLPHNL AND THR ISOMERS,SALTS",29,3.85,2.94,23.65,13.47,-19.8,-10.53,9.27
59113290,"OTHERS-OF-TXTL FBRCS AND FLTS,ENDLESS/FITTED WTH LNKNGDEVICES USD IN PAPER MAKING/SMLR MACHINES WEITHING 650 G/M2 OR MORE",59,4.12,4.68,12.34,13.46,-8.22,-8.78,-0.56
53091910,DYED FLAX WOVN FABRCS CONTNG FLAX  >= 85%,53,40.19,40.73,16.07,13.37,24.12,27.36,3.24
39239020,OTHR ARTCLS FOR THE CNVYNCE/PCKNG OF      GOODSASEPTIC BAGS,39,6.11,7.64,13.37,13.29,-7.26,-5.65,1.61
39139019,OTHER CHEMICAL DERIVATIVE OF NATURAL RUBBR,39,0.9,0.54,16.07,13.2,-15.17,-12.66,2.51
29214590,OTHR 1-NPTHYLAMN 2-NPTHYLAMN              AND THEIR DRVTVS AND SLTS THREOF,29,64.19,73.01,27.35,13.14,36.84,59.87,23.03
55041019,OTHER ARTIFICIAL STAPLE FIBRES NT CRD/COMBD OF FLAME RETARADANT VISCOSE RAYON OBTD FRM WOOD OT BAMBOO,55,86.0,165.21,18.4,13.1,67.6,152.11,84.51
29362990,OTHER VITAMINS AND THR DRVTVS,29,20.96,18.1,18.93,13.07,2.03,5.03,3.0
52029900,OTHER COTTON WASTE,52,74.25,42.17,8.1,12.99,66.15,29.18,-36.97
29221200,DIETHANOLAMINE AND ITS SALTS,29,1.32,0.83,19.02,12.98,-17.7,-12.15,5.55
29223900,OTHER AMINO-ALDEHYDES ETC CNTNG MORE THAN OXGN FN. SALTS,29,49.85,43.04,8.54,12.94,41.31,30.1,-11.21
29157030,GLYCEROL MONOSTEARATE,29,16.55,22.98,11.7,12.89,4.85,10.09,5.24
29242910,ACETANILIDE,29,0.3,0.19,13.45,12.89,-13.15,-12.7,0.45
29093090,OTHER ARMTC ETHRS AND THR HALGNTD ETC DRVTVS,29,33.23,32.42,14.69,12.85,18.54,19.57,1.03
39222000,LAVATORY SEATS AND COVERS,39,4.38,4.29,14.42,12.79,-10.04,-8.5,1.54
61046200,"TRSRS,BIBS,BRC OVRLLS,BRCHS,SHRTS OF COTN",61,138.32,137.43,14.16,12.77,124.16,124.66,0.5
39207999,OTHR PLTES SHTS ETC OF OTHR CELULSE       DRVTVSOTHER NES,39,0.07,0.09,7.39,12.75,-7.32,-12.66,-5.34
61033300,JACKETS AND BLAZERS OF SYNTHETIC FIBRES,61,28.82,22.94,12.07,12.72,16.75,10.22,-6.53
39234000,SPLS COPS BOBBINS AND SMLR SPPRTS OF PLSTCS,39,8.51,10.02,9.82,12.63,-1.31,-2.61,-1.3
39206929,SUN/DUST CONTRL FILM OF OTHR POLYESTER NES,39,84.51,85.65,14.89,12.53,69.62,73.12,3.5
39206390,PLTES SHTS OF UNSATURATED POLYESTERS NES,39,2.84,4.45,10.62,12.49,-7.78,-8.04,-0.26
59100090,"OTHERS-OF-TRNSMSN/CONVYR BLTS/BLTNG OF TXTL MATRL WH/NT IMPRGNTD COTD,COVRD/LAMNTD WTH PLSTCOR RINFRCD WTH MTL/OTHR MATRL",59,5.71,8.27,12.14,12.39,-6.43,-4.12,2.31
29413020,TETRACYCLINE/OXYTETRA - CYCLINE AND HR SALTS,29,2.05,0.97,11.44,12.38,-9.39,-11.41,-2.02
29333916,BETA PIC0LINE ( 3-METHYL PYRIDINE ),29,5.32,4.22,15.28,12.32,-9.96,-8.1,1.86
39209919,PLATES SHEETS FILMS FOIL AND STRIP OF POLY  (VINYL ACETATE) NES,39,8.52,6.87,16.86,12.29,-8.34,-5.42,2.92
39081039,"OTHER PRIMARY FORM POLYAMIDE -6,6 (NYLON-6,6):",39,0.58,0.52,11.81,12.28,-11.23,-11.76,-0.53
29202990,OTHERS-OF-OTHERS-OF-ESTRS OF OTHR INORGNC ACIDS(EXCL ESTRS OF HYDRGN HALIDES)AND THR SLTS THR HALGNTD SLPHNTD NITRTD/NITRSTD D,29,6.17,16.77,13.1,12.21,-6.93,4.56,11.49
61051020,"KNIT SHIRTS (EXCEPT T-SHIRTS) AND SWEAT     SHIRTS,OTHER THAN HAND CROCHETED OF CTN",61,319.95,302.14,12.0,12.19,307.95,289.95,-18.0
29142390,OTHER IONONE AND METHYLLIOMONES,29,4.21,5.08,10.93,12.1,-6.72,-7.02,-0.3
29049950,PARA NITROCHLOROBENZENE,29,0.1,0.09,32.35,12.09,-32.25,-12.0,20.25
54076900,WOVN FBRCS CONTNNG 85% OR MORE BY WT OF   OTHR THN NN-TXTRD POLYSTR FLMNTS,54,16.13,12.74,9.92,12.0,6.21,0.74,-5.47
29222926,META-PHENYLENE DIAMENE-4-SULPH0NIC ACID,29,1.08,1.21,15.96,11.99,-14.88,-10.78,4.1
55031910,Nylon Staple Fibre,55,0.08,0.03,11.01,11.94,-10.93,-11.91,-0.98
29159092,OCTOIC ACID (CAPRYLIC ACID),29,1.31,1.5,17.44,11.89,-16.13,-10.39,5.74
29051700,SATRTD DDCAN-1-OL(LRYL-ALCHL)HXADECAN-1-  OL(CETYL ALCHL)ANDOCTDECN-1-OL(STRYL ALCHL),29,29.27,29.9,8.76,11.87,20.51,18.03,-2.48
29224290,OTHER GLUTAMIC ACID AND ITS SALTS,29,8.15,9.69,13.77,11.82,-5.62,-2.13,3.49
39162099,OTHER OF OTHER POLMRS OF VINYL CHLRIDE,39,8.84,7.16,11.76,11.76,-2.92,-4.6,-1.68
29214234,SULPHANILIC ACID(PARA AMINOBNZN SLPHNC    ACID PARA ANILINE SULPHONIC ACID),29,0.21,0.94,13.86,11.6,-13.65,-10.66,2.99
29222190,OTHER AMNOHYDRXY NPHTHLENE SLPHNC ACDS AND  THR SLTS,29,20.39,20.51,12.59,11.58,7.8,8.93,1.13
29163110,BENZOIC ACID,29,5.04,9.39,9.78,11.57,-4.74,-2.18,2.56
61083210,NIGHTDRESSES AND PYJAMAS OF SYN FIBRES,61,11.74,18.39,8.58,11.55,3.16,6.84,3.68
39075000,ALKYD RESINS,39,12.99,15.27,11.67,11.52,1.32,3.75,2.43
61113000,BABIES GARMENTS ETC OF SYNTHIC FBRS,61,39.07,27.67,9.45,11.44,29.62,16.23,-13.39
61112000,BABIES GARMENTS ETC OF COTTON,61,818.22,744.85,10.93,11.43,807.29,733.42,-73.87
60053800,"OTHER,  OF YARNS OF DIFFERENT COLOURS",60,2.27,3.1,4.07,11.38,-1.8,-8.28,-6.48
54011000,SEWING THRED OF SYNTHETIC FILAMENTS,54,16.31,18.33,10.75,11.34,5.56,6.99,1.43
56039100,OTHER FILMNT WGHNG <25G/SQM,56,9.54,9.29,9.31,11.32,0.23,-2.03,-2.26
29214236,"METHYL DOPA(L-ALPHA METHYL-3,             4-DIHYDROXYPHENYLALANINE)",29,0.21,0.42,12.16,11.29,-11.95,-10.87,1.08
29309017,MERCAPTAN,29,0.0,0.37,0.0,11.28,0.0,-10.91,-10.91
29251900,OTHR IMIDES AND THR DRVTVS SLTS THEREOF,29,26.68,30.83,11.59,11.21,15.09,19.62,4.53
55034000,STAPLE FIBRS OF POLYPROPYLENE NT CRD/CMBD,55,17.8,11.27,7.61,11.19,10.19,0.08,-10.11
29145000,KETONE-PHNLS AND KETONS WTHOTHR OXYGN FNCTN,29,112.75,66.8,12.16,11.13,100.59,55.67,-44.92
29071940,PARA TARTIARY BUTYL PHENOL,29,7.53,7.59,16.01,11.07,-8.48,-3.48,5.0
29362400,D-OR DL-PANTOTHENIC ACID (VITAMIN B5) AND ITS DERIVATIVES,29,0.9,0.32,9.68,11.01,-8.78,-10.69,-1.91
39094020,PHENOL FORMALDEHYDE RESINS,39,20.53,21.12,7.76,10.94,12.77,10.18,-2.59
29151210,SODIUM FORMATE,29,0.3,0.14,13.29,10.94,-12.99,-10.8,2.19
29034200,DIFLUOROMETHANE (HFC-32),29,20.42,92.62,23.98,10.94,-3.56,81.68,85.24
29242980,PARACETAMOL,29,70.2,82.62,6.9,10.87,63.3,71.75,8.45
54049090,OTHER SYN TXTL,54,0.18,0.16,12.74,10.83,-12.56,-10.67,1.89
52083230,SHIRTING FABRICS,52,28.73,32.33,8.82,10.76,19.91,21.57,1.66
53091990,OTHERS-OF-OTHR FLAX WOVN FABRCS CONTNG FLAX>=85%,53,6.2,6.86,13.99,10.69,-7.79,-3.83,3.96
29309014,L-CYSTINE (ALPHA-AMINO BETA-THIO          PROPIONICACID)-SULPHUR CONTAINING AMINO   ACID,29,0.0,4.24,0.0,10.68,0.0,-6.44,-6.44
39092010,MELAMINE FORMALDHYDE RESINS,39,16.51,19.65,8.57,10.66,7.94,8.99,1.05
61099090,T-SHIRT ETC OF OTHR FIBRES,61,480.03,437.45,10.74,10.56,469.29,426.89,-42.4
58081090,"BRAIDS, IN PCS OTHER THAN OF COTTON",58,6.07,5.18,8.42,10.55,-2.35,-5.37,-3.02
56021000,NEEDLELOOM FELT AND STITCH-BONDED FIBR FBRCS,56,6.64,8.48,11.28,10.52,-4.64,-2.04,2.6
29212910,HEXAMETHYLENE TETRAMINE (HEXAMINE)        NOT PUT UP AS FUEL OR MEDICAMENT,29,3.34,2.79,10.01,10.41,-6.67,-7.62,-0.95
29054400,D-GLUCITOL (SORBITOL),29,66.73,66.2,10.78,10.41,55.95,55.79,-0.16
29032200,"TRICHLOROETHYLENE,UNSATURATED",29,0.12,0.07,3.71,10.37,-3.59,-10.3,-6.71
55092200,MULTIPLE(FOLDED)/CABLED YRN CNTNG 85% OR  MORE BY WT OF POLYESTR STAPLE FIBRES,55,42.44,43.08,9.71,10.37,32.73,32.71,-0.02
61119090,BABIES GRMNTS ETC OF WOOL/FINE ANIML HAIR,61,223.65,192.3,8.4,10.35,215.25,181.95,-33.3
54034150,"OTHR YRN OF VISCOSE RAYN , BRIGHT OF 133  DECITEX",54,0.0,0.0,19.16,10.29,-19.16,-10.29,8.87
39252000,DOORS WNDOWS AND THR FRMS THRSHLDS FOR DOORS,39,10.95,9.59,6.51,10.28,4.44,-0.69,-5.13
60063300,OTHR KNITD OR CROCHETD FBRCS OF SYN       FIBRESOF DIFFRNT COLR,60,2.75,1.71,8.91,10.28,-6.16,-8.57,-2.41
29021100,CYCLOHEXANE,29,20.05,1.72,12.79,10.16,7.26,-8.44,-15.7
29215110,O- PHENYLENEDIAMINE,29,0.64,1.05,15.77,10.16,-15.13,-9.11,6.02
55094190,OTHER SPUN YARN,55,0.27,0.1,13.28,10.15,-13.01,-10.05,2.96
29037400,"CHLORODIFLUOROETHANES (HCFC-142, 142B) HALOGENATED DRVTVS OF ACYCLIC HYDROCARBONS CONTAING TWO OR MORE DIFFERENT HALOGEN",29,1.78,0.0,10.52,10.15,-8.74,-10.15,-1.41
29397900,OTHERS-OF-OTHERS-OF-ALKLDS NATRL/RPRDCD BY SYNTHSIS AND THR SLTS ETHRS ESTRS AND OTHR DRVTVS,29,119.01,163.2,5.78,10.08,113.23,153.12,39.89
29124200,ETHYLVANILIN (3-ETHOXY-4-HYDROXYBNZLDHYD),29,3.46,0.25,10.26,10.05,-6.8,-9.8,-3.0
39211310,PLTES ETC OF POLYURETHANES FLEXIBLE,39,1.91,9.66,6.29,9.95,-4.38,-0.29,4.09
61013010,OVRCOAT ETC OF SYNTHETIC FIBRES,61,3.48,0.53,7.02,9.92,-3.54,-9.39,-5.85
60064200,"OTHR KNITD OR CROCHETD FBRCS OF ARTIFCL   FIBRES , DYED",60,0.66,1.81,52.92,9.88,-52.26,-8.07,44.19
29054900,OTHER POLYHYDRIC ALCOHOLS,29,2.02,1.42,13.22,9.83,-11.2,-8.41,2.79
58061000,NARROW WVN PILE FBRCS(INCL TERRY TWLLNG   AND SMLR TERRY FBRCS)AND CHENILLE FABRICS,58,2.34,2.53,8.86,9.8,-6.52,-7.27,-0.75
39131010,SODIUM ALGINATE,39,2.92,2.83,8.87,9.69,-5.95,-6.86,-0.91
52054810,GREY,52,53.24,47.35,0.05,9.67,53.19,37.68,-15.51
29419040,GENTAMYCIN AND ITS SALTS,29,0.05,0.02,8.54,9.65,-8.49,-9.63,-1.14
62043390,JACKETS OF SYNTHETIC FIBRES-OTHERS,62,19.88,25.97,12.57,9.65,7.31,16.32,9.01
39202010,"PLTES SHTS ETC. OF POLYMRS OF PROPYLN     RIGID, PLAIN",39,2.67,2.83,5.6,9.65,-2.93,-6.82,-3.89
60019100,OTHER PILE FABRICS OF COTTON,60,0.29,1.3,7.94,9.62,-7.65,-8.32,-0.67
59070099,OTHR TXTL FBRCS NES,59,0.44,1.32,7.12,9.6,-6.68,-8.28,-1.6
29034300,"FLUOROMETHANE (HFC-41), 1,2-DIFLUOROETHANC(HFC-152) AND 1,1-DIFLUOR...",29,0,0,11.71,9.59,-11.71,-9.59,2.12
54034919,"CUPRAMMONIUM FLAMNT YARN, OTHERS.",54,0.0,0.0,13.65,9.57,-13.65,-9.57,4.08
29071510,ALPHA NAPHTHOL,29,5.97,6.54,7.83,9.56,-1.86,-3.02,-1.16
39201012,"SHEETS OF POLEYTHYLENE: FLEXIBLE, PLAIN",39,63.37,68.46,7.4,9.54,55.97,58.92,2.95
59112000,"BOLTING CLOTH,W/N MADE UP",59,2.71,3.08,8.8,9.52,-6.09,-6.44,-0.35
59111000,TXTL FBRCS FLT AND FLT-LND WVN FBRCS COTD   COVRD WTH RUBR ETC FR CARD CLOTHNG AND SMLR FBRCS FR OTHR TECHNCL PRPS INCL,59,6.54,7.13,11.17,9.38,-4.63,-2.25,2.38
39201092,"OTHR PLTS,SHEET ETC OF POLYMRS OF         ETHYLENEFLEXIBLE, PLAIN",39,15.64,13.42,7.79,9.37,7.85,4.05,-3.8
52021000,YARN WASTE (INCL THREAD WASTE),52,3.47,0.33,7.42,9.35,-3.95,-9.02,-5.07
61159990,OTHER HOSIERY OF OTHER TEXTILE FIBRES,61,47.78,49.01,7.56,9.35,40.22,39.66,-0.56
39233010,CRBYS BTTLS FLSKS AND SMLR ARTCLS OF PLSTCS INSULATED WARE,39,1.5,2.15,9.95,9.27,-8.45,-7.12,1.33
29362310,"VITAMIN B2 (RIBOFLAVIN, LACTOPLAVIN) AND  ITS SALTS",29,10.14,12.71,11.78,9.27,-1.64,3.44,5.08
59061000,ADHESIVE TAPE OF A WIDTH NOT EXCDG 20 CM.,59,0.89,1.26,9.18,9.25,-8.29,-7.99,0.3
29142310,BETA-IONONE,29,2.09,1.41,5.59,9.12,-3.5,-7.71,-4.21
29095090,"OTHER ETHR-PHNLS,ETHR ALCHL-PHNLS",29,52.62,47.53,8.67,9.11,43.95,38.42,-5.53
29201920,"THIOPHOSPHORIC ESTERS (PHOSPHOROTHIOATES) AND THEIR SALTS, THEIR BALOGENATED,       SULPHONATED,NITRATED OR NITROSATED D",29,0.21,0.49,15.29,9.1,-15.08,-8.61,6.47
52093190,OTHERS-OF-DYED PLAIN WEAVE COTTON FABRICS WEGHNGMORE THAN 200 GM PER SQM,52,22.3,25.4,5.64,9.04,16.66,16.36,-0.3
39269049,OTHR RING BUCKL TACK WASHR OTHR DECO      FITTNOF PALSTIC USED TRIMING AND EMBELLSHMNT FOR LEATHR PROD; OTHR PATTERN FOR,39,9.11,9.67,7.27,9.0,1.84,0.67,-1.17
29221190,OTHER SALTS OF MONOETHANOLAMINE,29,22.75,22.08,8.96,8.99,13.79,13.09,-0.7
62044490,DRESSES OF ARTIFICIAL FIBRES - OTHER,62,220.18,180.83,9.05,8.97,211.13,171.86,-39.27
39264099,OTHR STATUETE AND OTHR ORNAMENTAL ARTICL NES,39,0.32,0.89,6.2,8.95,-5.88,-8.06,-2.18
39209929,SHEETS FILMS  STRIP OF VINYL PLASTICS NES,39,0.53,0.8,10.48,8.93,-9.95,-8.13,1.82
29157020,STEARIC ACID,29,0.81,0.54,10.03,8.93,-9.22,-8.39,0.83
62044290,OTHR DRESSES OF COTTON,62,830.78,815.56,9.12,8.93,821.66,806.63,-15.03
56081110,MADE UP FISHING NETS OF NYLON,56,35.04,33.04,10.65,8.89,24.39,24.15,-0.24
62101090,"GARMENTS,MADE UP OF FABRICS OF HEADING NO.5602 OR 5603 - OTHER",62,12.36,12.13,7.93,8.89,4.43,3.24,-1.19
29379020,AMINO-ACID DERIVATIVES,29,23.75,11.37,11.03,8.81,12.72,2.56,-10.16
55103010,VISCOSE RAYON SPUN YARN,55,15.5,13.71,3.58,8.8,11.92,4.91,-7.01
61023010,OVRCOAT ETC OF SYNTHETIC FIBRES,61,1.86,4.54,7.09,8.77,-5.23,-4.23,1.0
54026990,OTHERS(EXCLUDING THREAD),54,2.4,1.87,10.87,8.72,-8.47,-6.85,1.62
29153930,4INALYL ACETATE,29,0.2,0.24,9.86,8.6,-9.66,-8.36,1.3
29181590,OTHER SALTS AND ESTERS OF CITRIC ACID,29,22.68,24.36,7.32,8.6,15.36,15.76,0.4
58013690,OTHERS-OF-CHENILLE FBRCS OF MAN-MADE FIBRES,58,19.27,22.52,8.01,8.59,11.26,13.93,2.67
52010015,INDIAN COTTON OF STAPLE LENGTH 28.5MM     (1.4/32) AND ABOVE BUT BELOW 34.5MM,52,610.72,412.69,7.55,8.58,603.17,404.11,-199.06
52083390,"OTHERS-OF-COTN FABRICS CONTNG>=85% BY WT OF COTN, DYED,3/4 THRED TWILL INCL CROSS TWILL,WEIGHING NOT MORE THN 200 G/M2",52,12.38,9.88,3.0,8.57,9.38,1.31,-8.07
54075490,"OTHERS-OF-WOVN FABRCS,PRINTED,CNTNG BY WT>=85%TEXTURED POLYESTER FILAMENTS",54,123.57,164.69,7.96,8.57,115.61,156.12,40.51
57033920,"100% POLYPROPYLENE CARPET MATS WITH JUTE, RUBBER,LATEX OR PU FOAM BACKING",57,27.95,26.22,13.53,8.53,14.42,17.69,3.27
52094200,DENIM,52,250.77,290.62,7.58,8.52,243.19,282.1,38.91
62069000,"BLOUSES,SHIRTS ETC OF OTHR TXTL MATERIALS",62,187.11,164.08,14.24,8.46,172.87,155.62,-17.25
29089990,OTHER HLGNTD SLPHNTD NITRATED/NITROSTD    DRVTVS OF PHENOLS/PHENOL-ALCHOLS,29,6.23,7.18,10.35,8.41,-4.12,-1.23,2.89
56031190,MAN-MADE FILMNT WGHNG<25G/SQM-OTHERS,56,29.84,27.46,13.07,8.36,16.77,19.1,2.33
29375000,"PROSTAGLANDINS, TIROMBOXAMESAND             LEUKOTRIENESTHR DRVTVS AND STRCLT ANLGES",29,2.76,1.39,9.17,8.31,-6.41,-6.92,-0.51
59119010,PAPER MAKERS FELT(WOVEN),59,3.59,4.25,8.2,8.27,-4.61,-4.02,0.59
52029100,COTTON WASTE (GARNETTED STOCK),52,2.12,2.1,1.77,8.26,0.35,-6.16,-6.51
39264039,OTHER STATUETTES,39,2.28,2.25,3.65,8.18,-1.37,-5.93,-4.56
53092990,OTHERS-OF-OTHR WOVN FABRCS CONTNG<85%BY WT OF FLAX,53,8.3,11.61,11.68,8.16,-3.38,3.45,6.83
29419060,NORFLOXACIN AND ITS SALTS,29,2.37,2.99,12.32,8.15,-9.95,-5.16,4.79
39081029,OTHER PRIMARY FORM POLYAMIDE -12 (NYLON-12):,39,0.0,0.0,6.83,8.11,-6.83,-8.11,-1.28
57024290,OTHER INCL DRUGGETS,57,2.17,2.16,9.0,8.07,-6.83,-5.91,0.92
29181110,LACTIC ACID,29,0.36,0.33,8.2,8.03,-7.84,-7.7,0.14
55121910,"OTHR WOVN FBRCS, DYED CNTNG POLYETR >= 85%",55,25.0,20.27,9.12,7.99,15.88,12.28,-3.6
29332920,METRONIDAZOLE METRONIDIAZOLE BENZOATE,29,16.96,17.89,10.94,7.95,6.02,9.94,3.92
39123912,METHYL CELLULOSE NON-PLASTICIZED,39,0.28,0.14,5.55,7.95,-5.27,-7.81,-2.54
39044000,OTHER VINYL CHLORIDE COPOLYMERS,39,0.26,0.53,9.76,7.93,-9.5,-7.4,2.1
39172110,TUBES OF POLYETHYLENE,39,16.66,17.36,7.54,7.87,9.12,9.49,0.37
29061310,CHOLESTEROL,29,1.88,3.44,4.9,7.86,-3.02,-4.42,-1.4
29420012,IBUPROFANE,29,72.91,70.4,7.97,7.85,64.94,62.55,-2.39
58079090,OTHR LABELS BADGES AND SMLR ARTXLS,58,1.67,1.87,8.1,7.84,-6.43,-5.97,0.46
39269091,OTHR ARTICLE OF PLASTIC OF POLYURETHN FOAM,39,1.37,1.27,3.61,7.84,-2.24,-6.57,-4.33
39221000,BATHS SHOWER-BATHS AND WASH-BASINS,39,5.17,5.11,6.19,7.84,-1.02,-2.73,-1.71
39209992,"OTHER PLATES SHEETS ETC OF OTHR PLASTICS  FLEXIBLE, PLAIN",39,0.28,0.41,7.72,7.81,-7.44,-7.4,0.04
61169990,OTHR GLOVES ETC OF OTHR TXTL FIBRES,61,4.81,4.03,6.2,7.76,-1.39,-3.73,-2.34
51113090,OTHERS OTHR WOVEN FBRCS MIXED MAINLY/     SOLELY WITH MANMADE STAPLE FIBRS,51,0.18,0.5,8.17,7.75,-7.99,-7.25,0.74
29173950,TRIMELLITIC ANHYDRIDE,29,0.17,0.02,12.37,7.67,-12.2,-7.65,4.55
29032300,"TETRACHLOROETHANE (PERCHLOROETHYLENE ) ,  UNSATRTD",29,2.27,1.92,7.69,7.62,-5.42,-5.7,-0.28
29029030,DODECYCL BENZENES (EXCL MXD ALKYLARENES),29,0.0,0.0,1.03,7.58,-1.03,-7.58,-6.55
29159095,ETHYL TRIFLUORO ACETATE,29,0.52,0.05,4.63,7.55,-4.11,-7.5,-3.39
29156020,"PENTANOIC ACIDS, THR SLTS AND ESTRS",29,36.08,35.5,6.5,7.48,29.58,28.02,-1.56
54071019,UNBLECHD OTHR POLYESTER FABRICS,54,18.71,25.33,10.9,7.48,7.81,17.85,10.04
29052290,OTHER UNSATURATED A CYCLIC TERPENE ALCOHOL,29,1.44,1.51,7.92,7.45,-6.48,-5.94,0.54
55151190,"FBRC OF POLSTR,MXD WTH VISCOS RYON,OTHRS",55,17.51,25.09,6.01,7.43,11.5,17.66,6.16
39209949,SHEET OF POLY(TETRAFLURO-ETHYLENE)(PTFE)  OTHER,39,6.51,6.61,8.64,7.41,-2.13,-0.8,1.33
59019090,OTHERS-OF-TRACNG CLTH PREPARD PAINTNG CANVASBUCKRAM AND SMLR STFFND TXTL FBRCS OF A KINDUSED FOR HAT FOUNDATIONS ETC,59,3.19,1.45,2.73,7.41,0.46,-5.96,-6.42
29333911,AMINO PYRIDINE,29,16.42,16.34,9.36,7.36,7.06,8.98,1.92
54075119,UNBLECHD OTHR THAN POLYESTER SHIRTG,54,1.36,0.39,4.18,7.31,-2.82,-6.92,-4.1
29163200,BENZYL PEROXYD AND BENZOYL CHLRD,29,10.41,7.74,7.42,7.31,2.99,0.43,-2.56
54023100,TEXTURD YARN OF NYLON OR OTHER POLYAMIDES MEASURNG PER SINGL YRN NT MORE THN 50 TEX,54,5.72,3.59,10.76,7.3,-5.04,-3.71,1.33
29171310,SEBACIC ACID,29,26.28,25.65,6.44,7.29,19.84,18.36,-1.48
51121990,OTHERS WOVN FBRCS CONTNG>=85% BY WT OF    COMB WOOL/FINE ANML OF WT EXCDING 200 G/M2,51,2.11,1.45,4.61,7.27,-2.5,-5.82,-3.32
29054100,"2-ETHYL-2-(HYDROXYMETHYL)PROPANE-1,       3-DIOL (TRIMETHYLOLPROPANE)",29,0.14,1.59,9.8,7.26,-9.66,-5.67,3.99
29031990,OTHER CHLOROMETHANE AND CHLOROETHANE,29,5.78,4.06,8.57,7.23,-2.79,-3.17,-0.38
39201011,"SHEETS OF POLEYTHYLENE: RIGID, PLAIN",39,3.18,2.33,6.63,7.21,-3.45,-4.88,-1.43
29214222,DIETHYLANILINE,29,1.24,0.89,3.37,7.21,-2.13,-6.32,-4.19
39091090,OTHER UREA RESINS THIOUREA RESINS,39,2.86,1.62,7.8,7.18,-4.94,-5.56,-0.62
29391100,"CONCENTRATES OF POPPY STRAW CMPNDS OF     MORPHIN, CODEINE, CODONE, THE BAINE, SALTS THEREOF",29,2.02,0.27,27.03,7.13,-25.01,-6.86,18.15
39211100,PLTES SHTS ETC OF POLYMRS OF STYRENE,39,0.94,0.51,8.24,7.12,-7.3,-6.61,0.69
39172390,OTHR TUBE PIPEAND HOSES OF POLYVINYL CHLORDE,39,71.99,74.73,6.87,7.11,65.12,67.62,2.5
29146100,ANTHRAQUINONE,29,0.05,0.13,9.14,7.1,-9.09,-6.97,2.12
29329910,CINEOLE,29,2.71,8.33,8.81,7.09,-6.1,1.24,7.34
29291010,PHENYL ISOCYANATE,29,0.7,0.06,8.7,7.07,-8.0,-7.01,0.99
63041930,BEDSHEETS AND BED COVERS OF MAN-MADE FIBRES,63,20.8,32.01,4.9,7.06,15.9,24.95,9.05
39205999,OTHR SHETS ETC OF OTHR ACRYLIC POLYMER NES,39,1.46,2.62,7.04,7.05,-5.58,-4.43,1.15
60062100,"OTHR KNITED OR CROCHETD FBRCS OF COTTON , UNBLCHD OR BLCHD",60,93.57,48.44,7.57,7.03,86.0,41.41,-44.59
54071015,UNBLECHD OTHR NYLON/POLYAMIDE             FBRCS (FILAMENT ),54,0.86,0.88,1.96,7.02,-1.1,-6.14,-5.04
59032010,"IMITATION LEATHER CLOTH OF COTTON LAMNTD  PLATD,COATD,ETC WTH POLYURETHANE",59,0.11,0.07,6.98,6.93,-6.87,-6.86,0.01
62114390,OTHER GARMENTS OF MAN-MADE FIBRES - OTHER,62,263.64,272.11,5.3,6.89,258.34,265.22,6.88
51021190,OTHERS-OF-FINE ANML HAIR OF KASHMIRI GOATS,51,0.04,0.0,4.46,6.84,-4.42,-6.84,-2.42
54077200,"WOVEN FABRICS,CNTNG 85% OR MORE BY        WT OF OTHR SYNTHETIC FILAMENTS, DYED",54,42.77,44.2,2.3,6.82,40.47,37.38,-3.09
29181610,CALCIUM GLUCONATE,29,6.79,5.13,9.06,6.82,-2.27,-1.69,0.58
55093200,MULTIPLE(FOLDED)/CABLED YRN CNTNG>=85%    OF ACRYLIC/MODACRYLIC STAPLE FIBRES,55,33.47,33.12,5.8,6.8,27.67,26.32,-1.35
29319019,OTHER-OF-Organo-arsenic compounds,29,0.31,0.34,4.83,6.78,-4.52,-6.44,-1.92
62045390,SKIRTS AND DIVIDED SKIRTS OF SYNTHETIC FIBRS - OTHER,62,74.06,77.6,5.47,6.77,68.59,70.83,2.24
54024800,"OTHER, OF POLYPROPYLENE",54,11.06,13.06,4.93,6.73,6.13,6.33,0.2
29159070,NEODECANOYL CHLORIDE,29,5.96,4.16,6.0,6.71,-0.04,-2.55,-2.51
51121130,DYED  WOVN  FBRCS CONTNG>85% BY WT OF     WOOL/FINE ANML HAIR OF A WT NT EXCDNG 200 G/M2,51,4.26,3.45,12.02,6.69,-7.76,-3.24,4.52
29343000,CMPNDS CNTNG A PHENOTHIAZINE RING-SYSTEM  (W/N HYDRGNTD ) NT FRTHR FUSED,29,8.67,8.98,7.5,6.69,1.17,2.29,1.12
58042990,MECHNCLLY MADE LACE OF OTHR TXTL,58,3.39,3.22,7.01,6.69,-3.62,-3.47,0.15
60011090,LONG PILE FBRCS OF OTHR TXTL MATRLS,60,0.12,0.27,6.59,6.69,-6.47,-6.42,0.05
52084230,SHIRTING FABRICS,52,24.32,24.14,8.3,6.68,16.02,17.46,1.44
52084290,"OTHERS-OF-COTN FABRICS CONTNG >=85% BY WT OF COTN PLAIN WEAVE, WEIGHING MORE THAN 100 GMPER SQM OF YARN OF DIFFERENT COLOURS",52,33.77,38.09,5.46,6.68,28.31,31.41,3.1
39219039,"OTHR PLTS,SHTS,FILM FOIL,STRIP ETC, OF    REGENERATED CELLULOSE :OTHER",39,0.04,0.01,5.99,6.65,-5.95,-6.64,-0.69
55169200,"OTHR MXD WVN FBRCS OF ARTFCL STPL FBRS,DYD",55,6.12,7.02,2.75,6.65,3.37,0.37,-3.0
29163140,SODIUM BENZOATE,29,1.67,1.39,7.18,6.64,-5.51,-5.25,0.26
29299099,OTHER-OF-OTHER-OF-COMPOUNDS WITH OTHER NITROGEN FUNCTION,29,0.0,22.57,0.0,6.61,0.0,15.96,15.96
29143910,ACETONE PHENONE,29,0.78,1.23,7.75,6.58,-6.97,-5.35,1.62
29362910,FOLIC ACID (VITAMIN B9),29,5.17,6.46,3.59,6.52,1.58,-0.06,-1.64
39206210,"PLTES SHTS ETC OF PLYETHYLN TEREPHTHALTE  RIGID, PLAIN",39,25.94,19.48,4.16,6.49,21.78,12.99,-8.79
52093290,OTHERS-OF-DYED 3/4 THREAD TWILL INCLDNG CROSS TWILL COTTON FABRICS WEIGHING>200 GM PER SQM,52,50.79,44.81,3.48,6.49,47.31,38.32,-8.99
61071210,UNDERPANTS AND BRIEFS OF SYN FIBRES,61,85.11,83.02,7.35,6.48,77.76,76.54,-1.22
54075300,WOVN FABRICS OF YARNS OF DIFFERENT        COLOURSCNTNG BY WT>=85% TEXTURED POLESTR  FLMNTS,54,12.75,14.95,6.47,6.45,6.28,8.5,2.22
55101190,OTHERS-OF-SINGLE YARN CNTNG 85% OR MORE BY WT OF ARTIFICIAL STAPLE FIBRES,55,0.76,0.3,2.41,6.43,-1.65,-6.13,-4.48
61143010,OTHER GARMENTS OF SYNTHETIC FIBRES,61,33.23,26.3,5.74,6.43,27.49,19.87,-7.62
51123030,DYED WOVN FBRCS MIXED WITH MANMADE STAPL  FIBRS OF COMD WOOL AND FINE ANML HAIR,51,9.71,11.1,7.53,6.42,2.18,4.68,2.5
29309011,THIOUREA(SULPHOUREA),29,0.0,0.84,0.0,6.4,0.0,-5.56,-5.56
29213010,CYCLOHEXYLAMINE,29,0.71,0.97,9.24,6.38,-8.53,-5.41,3.12
29314999,OTHERS-OF-OTHERS-OF-OTHER ORGANO-INORGANIC COMPOUNDS,29,0.0,55.6,0.0,6.37,0.0,49.23,49.23
29182920,BETA HYDROXY NAPHTHOIC ACID,29,0.0,0.0,4.38,6.36,-4.38,-6.36,-1.98
61044200,DRESSES OF COTTON,61,126.75,129.78,5.87,6.3,120.88,123.48,2.6
39042100,"OTHER POLY (VINYL CHORIDE), MIXED WITH OTHER SUBSTANCES -- NON PLASTICISED",39,0.44,1.04,11.57,6.3,-11.13,-5.26,5.87
60012200,LOOPED PILE FBRCS OF MAN-MADE FIBRES,60,0.81,0.77,5.14,6.27,-4.33,-5.5,-1.17
29152400,ACETIC ANHYDRIDE,29,32.16,29.98,9.02,6.22,23.14,23.76,0.62
61082100,BRIEFS AND PANTIES OF COTTON,61,131.33,122.77,9.63,6.22,121.7,116.55,-5.15
29171190,OTHER SALTS AND ESTERS OF OXALIC ACID,29,3.88,5.92,4.43,6.18,-0.55,-0.26,0.29
39253000,SHUTTERS BLINDS(INCLUDING VENETIAN BLINDS)AND SIMILAR ARTICLES AND PARTS THEREOF,39,1.4,1.74,5.99,6.18,-4.59,-4.44,0.15
29061110,NATURAL MENTHOL,29,99.17,88.84,16.89,6.15,82.28,82.69,0.41
29395900,"OTHER THEOPHYLLINE AND AMINOPHYLLINE THR  DRVTVS, SALTS",29,36.69,45.81,4.17,6.14,32.52,39.67,7.15
39219026,"OTHR PLTS,SHTS,FILM FOIL,STRIP ETC, OF    POLYMER OF VINYL CHLORIDE FLEXIBL LAMINATD",39,3.73,2.73,3.7,6.14,0.03,-3.41,-3.44
55122990,"WOVN FBRC,OTHR CNTNG ACRYLC/MODACRYLIC    >=85%",55,1.31,1.11,2.63,6.14,-1.32,-5.03,-3.71
29071190,OTHER PHENOL AND ITS SALTS,29,10.27,17.24,4.22,6.13,6.05,11.11,5.06
59090090,HOS PIPNG AND SMLR TUBNG OF OTHR TXTL MATRLS,59,2.98,2.59,5.6,6.12,-2.62,-3.53,-0.91
60062400,"OTHR KNITED OR CROCHETD FBRCS OF COTTON , PRINTD",60,50.24,44.17,3.28,6.12,46.96,38.05,-8.91
39206939,OTHR FILM OF OTHR POLYESTER NES,39,9.95,10.65,4.9,6.08,5.05,4.57,-0.48
55121120,"WOVEN FBRCS, BLECHD",55,0.14,0.59,4.01,6.07,-3.87,-5.48,-1.61
29092000,"CYCLANIC,CYCLENIC/CYCLTRPENC ETHRS AND THIR HALGNTD SLPHNTD NITRTD/NITRSTD DRVTS",29,1.77,1.72,4.35,6.04,-2.58,-4.32,-1.74
39131090,OTHER ALGINIC ACID ITS SALTS AND ESTERS,39,0.35,0.28,6.34,6.03,-5.99,-5.75,0.24
39069050,POLYACRYLONITRILE (PAN),39,0.0,0.06,2.03,6.0,-2.03,-5.94,-3.91
54021910,NYLON TYRE YARN,54,10.57,7.22,7.58,5.87,2.99,1.35,-1.64
39043010,POLY VINYL DERIVATIVES,39,0.89,0.49,3.4,5.86,-2.51,-5.37,-2.86
60069000,OTHR KNITD OR CROCHETD FBRCS OF OTHER     FIBRES,60,60.38,35.11,6.39,5.82,53.99,29.29,-24.7
63053200,FLEXIBLE INTERMEDIATE BULK CONTAINERS OF  MAN MADE TEXTILE MATERIALS,63,928.16,1074.47,3.88,5.81,924.28,1068.66,144.38
39121110,CELLULOSE ACETATE FLAKES,39,0.04,0.12,3.45,5.75,-3.41,-5.63,-2.22
29031200,DICHLOROMETHANE (METHYLENE CHLORIDE),29,18.77,15.53,5.72,5.74,13.05,9.79,-3.26
39079110,MALEIC RESINS UNSATURATED,39,2.73,2.25,8.2,5.71,-5.47,-3.46,2.01
29251100,SACCHARIN AND ITS SALTS,29,7.23,8.3,3.52,5.68,3.71,2.62,-1.09
61178090,OTHR ACSSRS OF OTHR FIBRES,61,2.02,1.69,4.87,5.65,-2.85,-3.96,-1.11
29071590,OTHER NAPHTHOLS AND THR SALTS,29,0.16,0.1,7.13,5.65,-6.97,-5.55,1.42
51121190,OTHRS WOVN FBRCS CONTNG>85% BY WT OF WOOL/FINE ANML HAIR OF A WT NT EXCDING 200 G/M2,51,0.15,0.32,3.63,5.65,-3.48,-5.33,-1.85
62092090,OTHERS-OF-BABIESGRMNTS AND CLOTHNG ACCSSRS OF COTTON,62,139.81,141.85,5.49,5.61,134.32,136.24,1.92
29037990,OTHERS-OF-OTHER HALOGENATED DERIVATIVES OF ACYCLIC HYDROCARBONS CONTAINING TWO OR MORE DIFFERENT HALOGENS,29,0.0,55.61,0.0,5.59,0.0,50.02,50.02
62014010,"OVERCOATS,RAINCOATS,CARCOATS,CAPES,CLOAKS AND SIMILAR ARTICLES",62,2.48,2.79,6.26,5.55,-3.78,-2.76,1.02
61152990,PANTY HOSE AND TIGHTS OF OTHER FIBRES,61,64.66,68.81,3.68,5.55,60.98,63.26,2.28
29034600,"1,1,1,2,3,3,3-HEPTAFLUOROPROPANE,1,1,1,2,2,3-HEXAFLUOROPROPANE,HEXAFLUOROPROPANE(1,1,1,2,3,3/1,1,1,3,3,3)",29,0.08,0.2,12.4,5.54,-12.32,-5.34,6.98
39269059,OTHR RETROREFLCTIV SHEET EXCL .HEADNG 3920,39,2.19,0.93,3.2,5.54,-1.01,-4.61,-3.6
29333290,OTHERS-OF-PIPERIDINE AND ITS SALTS,29,0.0,18.85,0.0,5.52,0.0,13.33,13.33
54049010,"CATGUT IMITATN OF SYNTHTC YARN,NON-STERILE",54,0.25,0.06,5.06,5.5,-4.81,-5.44,-0.63
29151300,ESTERS OF FORMIC ACID,29,4.23,3.66,6.74,5.5,-2.51,-1.84,0.67
29333912,ALPHA PICOLINE(2-METHYL PYRIDINE),29,0.62,0.74,0.1,5.45,0.52,-4.71,-5.23
61082210,BRIEFS AND PANTIES OF SYN FIBRES,61,8.24,18.26,6.19,5.43,2.05,12.83,10.78
61124100,WOMENS/GIRLS SWIMWEAR OF SYNTHTC FBRS,61,0.31,0.32,4.23,5.41,-3.92,-5.09,-1.17
29121930,GLYOXAL,29,0.22,0.06,5.3,5.4,-5.08,-5.34,-0.26
39211400,PLTES ETC OF REGNRTD CELULSE,39,0.09,0.06,4.5,5.37,-4.41,-5.31,-0.9
57050090,"OTHR TXTL FLR CVRNGS, W/N MADE UP",57,23.96,20.88,4.21,5.37,19.75,15.51,-4.24
29398000,OTHERS-OF-OTHERS-OF-ALKLDS NATRL/RPRDCD BY SYNTHSIS AND THR SLTS ETHRS ESTRS AND OTHR DRVTVS,29,16.63,15.02,8.63,5.37,8.0,9.65,1.65
29419030,CIPROFLOXACINE AND ITS SALTS,29,24.81,20.68,9.52,5.36,15.29,15.32,0.03
29335200,MALONYLUREA (BARBITURIC ACID)  AND  ITS SALS,29,0.7,1.29,4.58,5.33,-3.88,-4.04,-0.16
29022000,BENZENE,29,1409.66,978.83,0.03,5.32,1409.63,973.51,-436.12
52082990,OTHERS-OF-OTHER FABRICS :,52,8.44,7.22,3.07,5.31,5.37,1.91,-3.46
29222160,H-ACID,29,5.5,42.7,16.98,5.28,-11.48,37.42,48.9
39249010,TOILET ARTICLES,39,1.1,1.23,7.31,5.26,-6.21,-4.03,2.18
29049930,META NITROCHLOROBENZENE,29,0,0,6.34,5.22,-6.34,-5.22,1.12
29309016,SULPHOXIDE,29,0.0,0.57,0.0,5.21,0.0,-4.64,-4.64
61159500,OTHER HOSIERY GOODS OF COTTON,61,35.26,29.71,5.39,5.19,29.87,24.52,-5.35
29157010,PALMITIC ACID,29,2.3,2.06,4.39,5.18,-2.09,-3.12,-1.03
62024010,"OVERCOATS,RAINCOATS,CARCOATS,CAPES,CLOAKS AND SIMILAR ARTICLES",62,1.37,1.22,4.55,5.18,-3.18,-3.96,-0.78
29053910,"1,4/1,3/2,3 BUTYLENE GLYCOL(BUTANEDIOL)",29,5.79,6.25,5.59,5.15,0.2,1.1,0.9
29071220,CRESYLIC ACID,29,0.0,0.0,5.28,5.12,-5.28,-5.12,0.16
63039990,OTHR CURTAINS ETC OTHER THAN HANDLOOM     OF OTHER TEXTILES MATERIALS,63,58.86,65.98,6.96,5.1,51.9,60.88,8.98
54026200,"OTHR YARN OF POLYSTRS,MULTPL OR CABLD",54,135.18,109.6,5.77,5.07,129.41,104.53,-24.88
50050011,YRN SPN FRM SLK WST OTHR THN NOIL SLK     CONTNG >=85% BY WT OF SLK WST.,50,1.67,1.98,5.61,5.05,-3.94,-3.07,0.87
56074900,OTHR CORDGE ETC OF POLYETHLN/POLYPROPYLN,56,130.52,113.46,3.74,5.04,126.78,108.42,-18.36
55151230,"FBRC OF POLSTR,MXD WTH MAN-MADE FILMNT ,  DYED",55,10.84,9.9,11.15,5.03,-0.31,4.87,5.18
56022990,OTHER TEXTILE FELT,56,0.56,0.41,5.55,4.96,-4.99,-4.55,0.44
61062020,BLOUSE ETC OF REGNRTD FBRS(RAYON ETC),61,1.11,0.83,5.44,4.94,-4.33,-4.11,0.22
61061000,BLOUSE ETC OF COTTON,61,88.62,100.74,5.01,4.9,83.61,95.84,12.23
29171390,"OTHERS-OF-AZELAIC ACID,SEBACIC ACID THR SLTS AND ESTRS",29,4.8,11.17,2.71,4.9,2.09,6.27,4.18
52093990,OTHERS-OF-OTHER FABRICS :,52,12.32,10.24,5.12,4.9,7.2,5.34,-1.86
61046990,"TROUSERS,BIB AND BRACE ETC OF OTHER FIBRES",61,103.27,104.85,4.6,4.9,98.67,99.95,1.28
61042300,ENSEMBLES OF SYNTHETIC FIBRES,61,2.34,3.95,1.65,4.88,0.69,-0.93,-1.62
58089090,"OTHERS-OF-ORNMNTL TRMMNGS, TASELS,POMPONS AND THE LIKE",58,4.43,4.32,4.56,4.88,-0.13,-0.56,-0.43
29144000,KETONE-ALCOHOLS AND KETONE ALDEHYDES,29,4.63,5.23,5.56,4.86,-0.93,0.37,1.3
56029090,OTHER FELT NEC,56,0.76,0.66,4.88,4.85,-4.12,-4.19,-0.07
63049270,"MOSQUITO NETS  OF COTN, NTKNTD/CRCHTD",63,30.39,25.77,5.57,4.85,24.82,20.92,-3.9
59069190,"RUBRISED TXTL FBRCS,KNTTD/CROCHETED,OF    OTHR TXTL MATERIALS",59,0.26,0.53,4.2,4.85,-3.94,-4.32,-0.38
29171110,OXALIC ACID,29,3.39,4.53,4.81,4.83,-1.42,-0.3,1.12
39172200,TUBES PIPES AND HOSES OF PLYMRS OF PROPYLENE,39,5.01,6.58,5.34,4.83,-0.33,1.75,2.08
29161960,SORBIC ACID,29,3.49,3.99,4.26,4.81,-0.77,-0.82,-0.05
51022010,GOAT HAIR (OTHER THAN ANGORA),51,0.07,0.0,4.81,4.8,-4.74,-4.8,-0.06
57024910,CRPTS ETC (NT DURRIES OF COTTON),57,41.87,32.28,4.94,4.8,36.93,27.48,-9.45
63062200,TENTS (INCLUDING TEMPORARY CANOPIES AND SIMILAR ARTICLES) OF SYNTHETIC FIBRES,63,0.2,0.48,5.56,4.77,-5.36,-4.29,1.07
29412010,STREPTOMYCINS,29,0.01,0.04,4.65,4.75,-4.64,-4.71,-0.07
55031990,"OTHERS-OF-OTHERS-OF-SYNTHETIC STAPLE FIBRES, NOT CARDED,COMBED OR OTHERWISE PROCESSED FOR SPINNING",55,0.08,0.01,3.7,4.72,-3.62,-4.71,-1.09
29339910,LMIDAZO PYRIDINE METHYL AMINE,29,4.55,9.14,10.61,4.71,-6.06,4.43,10.49
62033200,JACKETS AND BLAZERS OF COTTON,62,90.42,109.34,6.14,4.69,84.28,104.65,20.37
53039090,OTHERS-OF-TOW AND WASTE OF JUTE AND OTHER TXTL BAST FBRS,53,0.04,0.04,0.59,4.69,-0.55,-4.65,-4.1
62013090,OTHERS-OF-OF COTTON,62,5.32,15.27,3.68,4.65,1.64,10.62,8.98
61071100,UNDERPANTS AND BRIEFS OF COTTON,61,184.35,185.23,3.54,4.65,180.81,180.58,-0.23
61099020,T-SHIRT ETC OF ARTIFICIAL  FIBRES,61,11.83,12.69,3.76,4.62,8.07,8.07,0.0
62045290,SKIRTS AND DIVIDED SKIRTS OF COTTON - OTHER,62,140.52,156.69,3.98,4.61,136.54,152.08,15.54
62160090,"GLOVE,MITTER AND MITTS OF OTHR TXTL MATRIALS",62,8.99,9.35,2.83,4.6,6.16,4.75,-1.41
52083990,OTHERS-OF-OTHER FABRICS :,52,14.16,14.6,2.4,4.58,11.76,10.02,-1.74
61043300,JACKETS OF SYNTHETIC FIBRES,61,8.48,9.95,2.34,4.52,6.14,5.43,-0.71
29093019,OTHER ANISOLE AND THR DRVTVS,29,15.48,9.54,3.53,4.52,11.95,5.02,-6.93
61012000,"OVRCOAT,CAPES,CLOAKS,ANORAKS ETC OF COTTON",61,16.15,7.42,3.95,4.51,12.2,2.91,-9.29
29034400,"PENTAFLUOROETHANE (HFC-125), 1,1,1-TRIFLUOROETHANE (HFC-143A) AND 1.1.2-TRIFLUOROETHANE(HFC-143)",29,19.97,24.11,7.33,4.5,12.64,19.61,6.97
29381000,RUTOSIDE (RUTIN) AND ITS DERIVATIVES,29,0.02,0.0,4.58,4.49,-4.56,-4.49,0.07
29420026,CYSTEANUNE HCL,29,0.0,0.0,2.85,4.48,-2.85,-4.48,-1.63
61169300,OTHER GLOVES ETC OF SYNTHETIC FIBRES,61,7.52,4.23,2.8,4.48,4.72,-0.25,-4.97
63062990,OTHER TENTS,63,2.45,2.13,3.76,4.48,-1.31,-2.35,-1.04
39262099,OTHER ARTCLS OF APRL NES,39,1.79,3.7,3.47,4.46,-1.68,-0.76,0.92
54074129,BLECHD OTHR WOVN FBRCS,54,0.03,0.05,7.3,4.46,-7.27,-4.41,2.86
55162400,"WVN FBRCS CNTNG<85% BY WT OF ARTFCL       STPL FBRS,MXD MAINLY/SOLELY WTH           MAN-MADE FILAMENTS,PRINTED",55,0.86,0.98,1.5,4.45,-0.64,-3.47,-2.83
58063990,OTHERS-OF-OTHR NARROW WVN FBRCS OF OTHR TXTL MATRLS,58,4.65,4.22,4.1,4.44,0.55,-0.22,-0.77
55099990,OTHR SYNTHTC YRN MXD MAINLY/SOLELY WTH    FBRE OTHR THN COTTON/FINE ANML HAIR AND WOOL,55,4.66,4.19,1.7,4.44,2.96,-0.25,-3.21
39123921,ETHYL CELLULOSE PLASTICIZED,39,0.15,0.19,2.71,4.44,-2.56,-4.25,-1.69
52103190,OTHERS-OF-DYED PLAIN WEAVE MXD COTN FABRICS WEIGHING NOT MORE THN 200 GM PER SQM,52,11.29,8.2,3.48,4.44,7.81,3.76,-4.05
29333913,GAMMA PICOLINE(4-METHYL PYRIDINE),29,0.09,0.06,0.49,4.42,-0.4,-4.36,-3.96
29181520,SODIUM CITRATE,29,12.77,8.42,2.33,4.4,10.44,4.02,-6.42
39181010,"WALL /CEILING COVER COMB WITH KNITED/     WOVENFABRICS, NONWOVENS/FELTS OF PVC",39,17.39,7.88,4.51,4.4,12.88,3.48,-9.4
54034911,"CUPRAMMONIUM FLAMNT YARN, 33 DECITEX",54,0,0,6.4,4.4,-6.4,-4.4,2.0
39205919,POLY ACRYLATE SHEETS OTHER,39,0.62,0.64,9.19,4.4,-8.57,-3.76,4.81
51113030,DYED OTHR WOVEN FBRCS MIXED MAINLY/SOLELY WITH MANMADE STAPLE FIBRS,51,0.18,0.37,1.02,4.39,-0.84,-4.02,-3.18
62033990,JACKETS AND BLAZERS OF OTHER FIBRES,62,58.85,55.11,5.21,4.37,53.64,50.74,-2.9
29349920,MORPHOLINE,29,15.47,16.68,4.96,4.37,10.51,12.31,1.8
52084320,SHIRTING FABRICS,52,18.36,15.91,5.42,4.35,12.94,11.56,-1.38
62044999,OTHR DRESSES OF OTHR TXTL MATERIALS  OTHR THAN SILK - OTHER,62,232.27,225.25,5.78,4.31,226.49,220.94,-5.55
62129090,"OTHR THN SUSPNDR BLTS,BRCS,SUSPNDR GOUTERS",62,2.43,2.19,4.16,4.29,-1.73,-2.1,-0.37
29215120,M-PHENYLENEDIAMINE (M-DIAMINOBENZENE),29,11.29,24.06,4.07,4.27,7.22,19.79,12.57
54034913,"CUPRAMMONIUM FLAMNT YARN, 67 DECITEX",54,0,0,5.28,4.24,-5.28,-4.24,1.04
29379019,"OTHERS-OF-OTHER HORMONS, NTRL OR RPRDCD BY SYNTHSIS USED AS HORMONS",29,1.4,0.46,6.0,4.23,-4.6,-3.77,0.83
29141910,IS0PH0R0N,29,5.44,5.1,7.08,4.22,-1.64,0.88,2.52
62093000,BABIES GRMNTS AND CLOTHNG ACCESS OF SYN FIBR,62,10.35,14.77,3.65,4.2,6.7,10.57,3.87
39091010,UREA FORMALDEHYDE RESINS,39,3.06,2.01,4.28,4.2,-1.22,-2.19,-0.97
53013000,FLAX TOW AND WASTE,53,0.69,4.95,3.04,4.19,-2.35,0.76,3.11
29214490,OTHR DIPHNYLAMINE AND ITS DRVTVS;SLTS THROF,29,13.0,12.53,4.53,4.19,8.47,8.34,-0.13
60063100,"OTHR KNITD OR CROCHETD FBRCS OF SYN       FIBRES, UNBLCHD OR BLCHD",60,3.36,3.54,12.54,4.18,-9.18,-0.64,8.54
61109000,JERSEY ETC OF OTHER TXTL MATRLS,61,101.75,115.58,9.0,4.18,92.75,111.4,18.65
39203010,"PLTES SHTS ETC. OF POLYMRS OF STYRENE     RIGID, PLAIN",39,2.65,2.66,3.98,4.17,-1.33,-1.51,-0.18
56049000,"OTHER RUBBER THREAD,CORD ETC",56,2.19,3.26,3.54,4.16,-1.35,-0.9,0.45
55093100,SINGLE YRN CNTNG 85% OR MORE BY WT        OF ACRYLIC/MODACRYLIC STAPLE FIBRES,55,6.52,8.43,2.77,4.12,3.75,4.31,0.56
29215130,P-PHENYLENEDIAMINE,29,11.48,6.88,5.14,4.1,6.34,2.78,-3.56
29181190,OTHER SALTS AND ESTERS OF LACTIC ACID,29,5.43,5.7,1.79,4.09,3.64,1.61,-2.03
29212200,HEXAMETHYLENEDIAMINE AND ITS SALTS,29,0.78,0.65,3.42,4.09,-2.64,-3.44,-0.8
39081071,FLAKE (CHIP),39,0.0,0.0,2.81,4.06,-2.81,-4.06,-1.25
62042390,ENSEMBLES OF SYNTHETIC FIBRES-OTHERS,62,21.11,28.04,1.43,4.03,19.68,24.01,4.33
51121930,DYED WOVN FBRCS CONTNG>=85% BY WT OF COMB WOOL/FINE ANML OF WT EXCDNG 200 G/M2,51,0.54,0.88,1.2,4.0,-0.66,-3.12,-2.46
29110090,OTHER ACTLS LHEMIACTLS,29,11.48,13.77,3.89,4.0,7.59,9.77,2.18
29035100,"2,3,3,3-Tetrafluoropropene(HFO-1234yf),1,3,3,3-tetrafluoropropene(HFO-1234ze)hexafluoro-2-butene (HFO- 1336mzz)",29,0.54,0.0,3.13,3.99,-2.59,-3.99,-1.4
29224920,N-METHYL TAURINE,29,0.08,0.06,1.21,3.98,-1.13,-3.92,-2.79
39207111,CELLO PHANE TRANSPARENT FILM,39,0.25,0.11,4.22,3.97,-3.97,-3.86,0.11
39172310,SEAMLESS TUBES  OF POLYVINYL CHLORDE,39,11.1,13.18,1.59,3.96,9.51,9.22,-0.29
61045300,SKIRTS AND DIVIDED SKIRTS OF SYNTHTC FIBRES,61,7.96,6.27,2.98,3.96,4.98,2.31,-2.67
29093030,MUSK AMBRETTE,29,0.03,0.03,4.18,3.94,-4.15,-3.91,0.24
61179000,"PARTS OF GARMENTS,KNITD/CRCHTD",61,1.08,2.63,3.61,3.91,-2.53,-1.28,1.25
57033910,"CARPETS, CARPETING AND RUGS",57,162.96,161.08,3.21,3.9,159.75,157.18,-2.57
29337200,CLOBAZAM (INN) AND METHYPRYLDN (INN),29,2.12,2.11,2.45,3.9,-0.33,-1.79,-1.46
55051010,NASTE ETC. OF ACRYLIC SYNTHTIC FBRCS,55,0.56,0.07,4.42,3.88,-3.86,-3.81,0.05
54021920,Nylon 66 filament yarn confirming to IS 13464,54,0.0,0.0,4.39,3.88,-4.39,-3.88,0.51
63023100,OTHER BED LINEN OF COTTON,63,483.83,408.29,3.54,3.86,480.29,404.43,-75.86
29242920,ACETO ACETANILIDE,29,1.09,0.23,4.68,3.86,-3.59,-3.63,-0.04
54025100,OTHR YARN OF NYLON OR OTHER POLYMDS SNGL  WITH A TWIST EXCEEDING 50 TURNS PER METRE,54,6.85,7.16,4.83,3.86,2.02,3.3,1.28
29182390,OTHER ESTERS OF SALICYLIC ACID AND THR SALTS,29,19.99,18.06,4.16,3.86,15.83,14.2,-1.63
29012920,HEPTENE (HEPTYLENE,29,0.0,0.05,4.87,3.84,-4.87,-3.79,1.08
29332100,HYDANTOIN AND ITS DERIVATIVES,29,3.59,4.58,3.99,3.84,-0.4,0.74,1.14
55161490,SPUN RAYON PRINTED FABRICS N.E.S.,55,10.87,14.36,4.08,3.84,6.79,10.52,3.73
63041910,BEDSHEETS AND BED COVERS OF COTTON,63,739.03,615.54,2.47,3.84,736.56,611.7,-124.86
55051090,WASTE ETC OF OTHR SYNTHTIC FBRCS,55,7.63,5.42,3.2,3.8,4.43,1.62,-2.81
53050090,OTHER BAST FIBRES,53,0.73,0.45,3.65,3.77,-2.92,-3.32,-0.4
39076110,PET FLAKE (CHIP),39,4.88,5.98,3.5,3.77,1.38,2.21,0.83
29329600,CARBOFURAN (ISO),29,0.3,0.34,0.0,3.77,0.3,-3.43,-3.73
59070019,TXTL FBRCS COVRD WTH TXTL FLOCKS ON BASE  FBRCS OF OTHR TXTL MATRL,59,0.78,0.61,2.99,3.7,-2.21,-3.09,-0.88
29147920,MUSK KETONE,29,0.06,0.07,4.23,3.7,-4.17,-3.63,0.54
56090090,"ARTICLES,MADE-UP OF OTHER FIBRES",56,14.62,13.23,3.18,3.69,11.44,9.54,-1.9
55101210,VISCOSE RAYON SPUN YARN,55,22.9,14.55,3.65,3.67,19.25,10.88,-8.37
62143090,"SHWLS,SCRVS,MUFFLERS ETC OF SYNTHTC FBRS-OTHER",62,38.66,45.12,3.13,3.66,35.53,41.46,5.93
53092920,PRINTED WOVN FABRICS CONTNG FLAX <85%,53,0.55,1.03,3.44,3.66,-2.89,-2.63,0.26
29029010,DIPENTENE,29,2.38,2.29,3.24,3.65,-0.86,-1.36,-0.5
39039010,"COPOLYMERS, SOLELY OF STYRENE WITH ALLYL  ALCOHOL, OF ANY ACETYL VALUE >= 175",39,0.18,0.09,3.32,3.65,-3.14,-3.56,-0.42
51111130,DYED WOVN FBRCS,51,0.22,0.39,1.93,3.63,-1.71,-3.24,-1.53
61101190,OTHR KNTTD/CRCHTD ARTICLS OF WOOL,61,17.13,22.98,6.47,3.63,10.66,19.35,8.69
29396900,"OTHER, OF VEGETAL ORIGIN",29,2.88,1.72,3.18,3.61,-0.3,-1.89,-1.59
61034990,"TROUSERS,BIB,SHORTS ETC OF OTHER FIBRES",61,114.22,101.45,4.9,3.61,109.32,97.84,-11.48
63049300,"OTHER FURNISHING ARTICLES OF SYNTHETIC    FIBRES,NOT KNITTED OR CROCHETED",63,46.91,42.6,3.27,3.61,43.64,38.99,-4.65
57039090,OTHERS-OF-OF OTHER TEXTILE MATERIALS:,57,119.01,111.05,3.63,3.59,115.38,107.46,-7.92
62171090,"STOKNGS,SOCKS AND SOCKTTS ETC OF OTHR FIBRES",62,6.72,6.21,5.94,3.57,0.78,2.64,1.86
54033300,"OTHR YARN OF CELLULOSE ACETATE,SINGLE",54,0.32,0.33,2.55,3.53,-2.23,-3.2,-0.97
63072090,LIFE JACKETS AND LIFE BELTS EXCL COTTON,63,18.7,21.06,4.91,3.51,13.79,17.55,3.76
29362690,OTHER VITAMIN B12 AND ITS DERIVATIVES,29,3.76,8.17,1.47,3.5,2.29,4.67,2.38
29242970,"Pretilachlor,anilophos,benalaxyl,benalaxyl M,broflanilide,butachlor,carpropamid,cyclaniliprole,diflubenzuron etc.",29,0.15,17.31,2.43,3.49,-2.28,13.82,16.1
29225015,L-TYROSINE(P-HYDROXYPHENYLAMINE),29,0.01,0.01,2.9,3.47,-2.89,-3.46,-0.57
29142910,L-CARAVONE,29,11.33,16.43,2.84,3.46,8.49,12.97,4.48
29333918,LUTIDINE (DIMETHYLE PYRIDINE),29,4.14,3.18,2.98,3.46,1.16,-0.28,-1.44
58109190,OTHER EMBROIDERY OF COTTON-OTHER,58,23.98,33.55,2.77,3.46,21.21,30.09,8.88
52104990,OTHERS-OF-OTHER MIXED COTTON FABRICS OF YARN OF DIFFERENT COLOUR WEIGHING <200 GSM,52,8.59,7.94,4.33,3.46,4.26,4.48,0.22
59114000,FILTERING OR STRAINNG CLTH OF A KIND USD IN OIL        PRESSES OR THE LIKE INCLUDING THAT OF HUMAN HAIR,59,6.32,8.07,4.49,3.45,1.83,4.62,2.79
29329920,"EMAMECTIN BENZONATE(ISO),ABAMECTIN,DINOTEFURON",29,0.03,0.0,0.0,3.43,0.03,-3.43,-3.46
29095010,GUAIACOL,29,2.34,2.27,1.96,3.4,0.38,-1.13,-1.51
29146910,1:4 DIHYDROXY ANTHRAQUINONE (QUINIZARIN),29,0.05,0.15,4.39,3.35,-4.34,-3.2,1.14
56041000,"RUBBER THREAD ANDCORD,TEXTILE COVERED",56,0.34,0.54,3.44,3.35,-3.1,-2.81,0.29
39209110,"RIGID, PLAIN",39,0.01,0.02,2.83,3.32,-2.82,-3.3,-0.48
39121190,OTHERS-OF-CELLULOSE ACETATES-NON-PLASTICISED,39,1.03,0.52,4.24,3.32,-3.21,-2.8,0.41
54083290,OTHR ARTFICL FBRCS,54,1.68,1.75,3.7,3.3,-2.02,-1.55,0.47
54023200,TEXTURD YARN OF NYLON OR OTHR POLYAMIDES  MEASURING PER SINGLE YARN MORE THAN 50 TEX,54,9.88,7.34,2.14,3.3,7.74,4.04,-3.7
29042050,PARA NITROTOLUENE,29,0.3,0.61,3.86,3.29,-3.56,-2.68,0.88
57024190,OTHR FLR CVRNGS OF WOOL/FINE ANML HAIR,57,1.26,1.39,1.61,3.28,-0.35,-1.89,-1.54
29181390,OTHER SALTS AND ESTERS OF TARTARIC ACID,29,24.7,27.97,1.95,3.26,22.75,24.71,1.96
39031100,EXPANSIBLE POLYSTERENE,39,6.0,11.84,2.91,3.26,3.09,8.58,5.49
29143930,BENZOPHENONE,29,2.89,2.61,4.54,3.22,-1.65,-0.61,1.04
56012900,WADDING AND ARTCLS OF WADDING NES,56,1.51,1.95,2.25,3.19,-0.74,-1.24,-0.5
58013720,"WARP PILE FABRICS, CUT",58,12.19,13.36,3.99,3.18,8.2,10.18,1.98
54074119,UNBLECHD OTHR WOVN FORCS,54,0.2,0.15,2.57,3.17,-2.37,-3.02,-0.65
62031200,SUITS OF SYNTHETIC FIBRES,62,64.93,7.34,3.6,3.17,61.33,4.17,-57.16
29034700,"1,1,1,3,3-PENTAFLUOROPROPANE (HFC-245FA) AND 1,1,2,2,3-PENTAFLUOROPROPANE (HFC-245CA)",29,0.0,0.01,3.07,3.17,-3.07,-3.16,-0.09
29419050,NEOMYCIN,29,0.05,0.09,2.55,3.16,-2.5,-3.07,-0.57
29214190,OTHR ANILINE SALTS,29,11.82,13.32,4.18,3.16,7.64,10.16,2.52
61101120,SWEATERS AND CARDIGANS OF WOOL,61,13.56,10.55,10.38,3.14,3.18,7.41,4.23
39206110,"PLTES SHTS ETC OF PLYCRBNTS RIGID, PLAIN",39,0.99,1.52,1.73,3.14,-0.74,-1.62,-0.88
29214224,ETHYL ANILINE,29,0.25,0.15,0.17,3.11,0.08,-2.96,-3.04
39169010,CANES  OF OTHR PLSTCS,39,0.52,0.53,1.77,3.1,-1.25,-2.57,-1.32
61059090,SHIRTS OF OTHER FIBRES,61,154.17,141.56,2.86,3.1,151.31,138.46,-12.85
55162200,"WVN FBRCS CNTNG<85% BY WT OF ARTFCL       STPL FBRS MXD MAINLY/SOLELY WTH           MAN MADE FILAMENT,DYED",55,3.6,2.56,1.65,3.09,1.95,-0.53,-2.48
29163160,ORTHOCHLORO BENZOIC ACID,29,0.01,0.8,2.2,3.07,-2.19,-2.27,-0.08
59039010,"COTTON FBRCS, IMPRGNTD,COARED ETC WTH     OTHRPLASTICS",59,3.18,2.64,1.56,3.06,1.62,-0.42,-2.04
55161300,WVN FBRCS OF YRN OF DIFFERENT COLRS CNTNG 85% OR MORE BY WT OFARTFCL STPL FBRS,55,1.0,1.33,2.19,3.01,-1.19,-1.68,-0.49
62082200,NIGHTDRESSES AND PYJAMAS OF MAN-MADE FIBRES,62,35.62,34.27,1.57,3.0,34.05,31.27,-2.78
55121990,"WOVN FBRCS,OTHR CNTNG POLYETR>=85%",55,5.45,5.27,3.21,2.99,2.24,2.28,0.04
39261099,OTHER OFFICE OR SCHOOL SUPPLIES NES,39,14.09,17.49,2.48,2.99,11.61,14.5,2.89
29215940,"DIAMINOSTILBENE 2,2-DISULPHONIC ACID (DASDA)",29,3.68,2.78,4.57,2.97,-0.89,-0.19,0.7
63019090,"OTHER BLANKETS AND TRAVELLING RUGS,",63,56.09,45.04,2.69,2.97,53.4,42.07,-11.33
29331970,ANALGIN,29,0.08,0.0,4.5,2.95,-4.42,-2.95,1.47
29362390,OTHER VITAMIN B2 AND ITS DERIVATIVES,29,0.14,0.17,4.48,2.95,-4.34,-2.78,1.56
61046920,"TROUSERS, BIB AND BRACE OVERALLS ETC OF     ARTIFICIAL FIBRES",61,0.88,1.54,1.4,2.95,-0.52,-1.41,-0.89
63049249,OTHER TABLE CLOTH AND TABLE COVERS,63,68.86,56.14,3.17,2.95,65.69,53.19,-12.5
53089090,OTHER YARN,53,0.74,0.48,2.47,2.95,-1.73,-2.47,-0.74
39161090,OTHERS POLYMERS OF ETHYLENE,39,4.6,4.91,3.8,2.94,0.8,1.97,1.17
55161200,"WVN FBRCS,DYD,CNTNG 85% OR MORE BY WT     OF ARTIFICIAL STAPLE FBRES",55,10.71,13.18,2.32,2.94,8.39,10.24,1.85
29038990,"OTHERS-OF-OTHER HALOGENATED DERIVATIVES OF CYCLANIC, CYCLENIC OR CYCLOTERPENIC HYDROCARBONS",29,0.0,1.93,0.0,2.94,0.0,-1.01,-1.01
29222912,META AMINOPHENOL   THN ONE KIND OF OXYGEN FUNCTION ;SALTS,29,2.69,0.83,1.15,2.93,1.54,-2.1,-3.64
62033190,JACKETS AND BLAZERS OF WOOL OR FINE ANIMAL HAIR: OTHER,62,29.78,27.7,2.48,2.92,27.3,24.78,-2.52
29369000,"OTHER, INCL. NATURAL CONCENTRTS",29,46.73,52.48,1.25,2.91,45.48,49.57,4.09
62171010,ACCESSORIES FOR ARTCLS OF APPAREL OF COTN,62,4.93,5.01,1.45,2.91,3.48,2.1,-1.38
62019090,OTHERS-OF-OF OTHER TXTL MTRLS,62,3.06,2.64,4.2,2.89,-1.14,-0.25,0.89
52113990,OTHERS-OF-OTHER FABRICS :,52,13.67,12.96,2.42,2.88,11.25,10.08,-1.17
56039410,OTHER FILMNT WGHNG >150G/SQM-Non-woven Geotextile and articles,56,2.49,3.49,2.37,2.88,0.12,0.61,0.49
39269039,OTHER LASTS WITH OR WITOUT STEEL HINGS;   EVAAND GRAPE SHEET FOR SOLEANDHEELS; WELT,39,0.45,0.78,3.07,2.85,-2.62,-2.07,0.55
39264059,OTHER DECORATIVE SHEETS,39,0.16,0.1,4.16,2.83,-4.0,-2.73,1.27
29051410,"ETHAMBUTOL, ETHAMBUTOL HCL",29,8.64,5.55,4.5,2.83,4.14,2.72,-1.42
62099090,BABIES GARMENTS AND CLOTHING ACCESSORIES OF WOOL OR FINE ANIMAL HAIR,62,41.2,42.09,1.8,2.81,39.4,39.28,-0.12
54023400,OF POLYPROPYLENE,54,3.61,3.41,3.2,2.8,0.41,0.61,0.2
54082290,OTHR DYED FBRCS,54,12.68,13.05,3.9,2.75,8.78,10.3,1.52
61171040,"SHWL, SCRV, MUFLR ETC OF MAN-MADE FIBRES",61,4.24,2.39,1.52,2.75,2.72,-0.36,-3.08
29280010,ISONIAZID,29,1.15,1.32,1.72,2.74,-0.57,-1.42,-0.85
57032929,"OTHERS-OF-OTHERS-OF-CARPETS AND OTHER TEXTILE FLOOR COVERINGS(INCLUDING TURF), TUFTED, WHETHER OR NOT MADE UP",57,0.8,0.15,5.85,2.74,-5.05,-2.59,2.46
29173700,DIMETHYL TEREPHTHALATE,29,0.08,0.0,3.48,2.71,-3.4,-2.71,0.69
39051290,OTHERS-OF-POLYVINYL ACETATE IN AQS DISPRSN,39,4.39,6.19,4.35,2.67,0.04,3.52,3.48
59113190,"OTHERS-OF-TXTL FBRCS AND FLTS,ENDLESS/FITTD WTH LINKNGDEVICES USD IN PAPER MAKNG/SMLR MACHINESWEIGHING LESS THAN 650 G/M2",59,2.03,2.33,4.41,2.63,-2.38,-0.3,2.08
29202930,"TRIS (2, 3 DIBROMOPROPYL) PHOSPHATE",29,0,0,2.38,2.62,-2.38,-2.62,-0.24
29183040,METHYL  ACET0 ACETATE,29,0.37,0.62,3.58,2.6,-3.21,-1.98,1.23
29362290,OTHER VITAMIN B1I AND ITS DRIVATIVES,29,17.06,12.12,3.5,2.6,13.56,9.52,-4.04
58012290,OTHERS-OF-CUT CORDUROY OF COTTON,58,5.28,6.41,2.63,2.59,2.65,3.82,1.17
51121110,UNBLEACHED WOVN FBRCS CONTNG >=85% BY WT  OF WOOL/FINE ANML HAIR OF A WT NT EXCDNG  200 G/M2,51,0.03,0.03,2.02,2.57,-1.99,-2.54,-0.55
29159091,HEXOIC ACID (CAPROIC ACID),29,0.05,0.01,4.55,2.56,-4.5,-2.55,1.95
63053900,SACKS AND BAGS OF OTHER MAN-MADE TXTL MATRLS,63,14.6,17.25,2.83,2.55,11.77,14.7,2.93
61083100,NIGHTDRESSES AND PYJAMAS OF COTTON,61,280.37,302.77,3.53,2.54,276.84,300.23,23.39
55151330,"FBRC OF POLSTR,MXD WTH WOOL/FINE ANIMAL   HAIR, DYED",55,35.06,41.81,3.56,2.54,31.5,39.27,7.77
61171090,"SHWL, SCRV, MUFLR ETC OF OTHR FIBRES",61,0.98,0.95,2.24,2.53,-1.26,-1.58,-0.32
61044400,DRESSES OF ARTIFICIAL FIBRES,61,4.25,3.54,2.78,2.53,1.47,1.01,-0.46
39219010,THERM0C0L,39,1.99,2.14,2.84,2.52,-0.85,-0.38,0.47
29161590,OTHER OLEIC LINOLEIC ACIDS AND THEIR SALTS  ANDESTRS,29,25.14,19.51,1.66,2.51,23.48,17.0,-6.48
60054200,"WARP KNIT FBRCS OF ARTIFICIAL FIBRES, DYED",60,0.75,0.63,3.12,2.51,-2.37,-1.88,0.49
54072090,OTHR WVEN FBRCS FROM STRIP/THE LIKE,54,126.61,122.56,2.49,2.5,124.12,120.06,-4.06
29130010,ORTHO-CHLORO-BENZALDEHYDE,29,1.4,0.8,3.02,2.48,-1.62,-1.68,-0.06
54041200,"OTHER, OF POLYPROPYLENE",54,1.47,1.76,2.29,2.47,-0.82,-0.71,0.11
56081900,"OTHER KNOTTED NETTING OF TWINE,CORDAGE OR ROPE OF MAN-MADE TEXTILE MATERIALS",56,10.95,11.23,1.06,2.46,9.89,8.77,-1.12
62023090,OTHERS-OF-OF COTTON,62,4.9,6.16,1.78,2.46,3.12,3.7,0.58
56050090,"OTHERS-OF-MTLSD YRN,W/N GMPD BEING TXTL YRN/STRP/THELIKE OF HD 5404/5405 COMBND WTH METL IN THE FORM OF THRED,STRP/PWDR/COVRD",56,5.95,2.55,1.65,2.42,4.3,0.13,-4.17
62123000,CORSELETTES,62,0.99,0.62,0.14,2.41,0.85,-1.79,-2.64
57032910,"CARPETS, CARPETING AND RUGS",57,7.99,7.93,3.61,2.39,4.38,5.54,1.16
29071210,PARA CRESOL (P-CRESOLS),29,29.85,25.74,2.16,2.39,27.69,23.35,-4.34
62043999,JACKETS OF ALL OTHR FIBRES-OTHER,62,17.32,17.33,2.15,2.37,15.17,14.96,-0.21
58071020,LABEL BADGES ETC OF MAN-MADE FIBRE WOVEN,58,1.95,2.25,2.17,2.36,-0.22,-0.11,0.11
29041010,BENZENE SULPHONIC ACID,29,0.62,0.71,2.35,2.36,-1.73,-1.65,0.08
29071910,O-PHENYL PHENOLS,29,0.0,0.01,2.31,2.33,-2.31,-2.32,-0.01
62045999,SKRTS AND DVDED SKRTS OF OTHR TXTL MATERIALS OTHR THAN SILK - OTHER,62,58.14,64.96,1.78,2.33,56.36,62.63,6.27
62114999,OTHER GARMENTS OF OTHER TEXTILE MATERIALS EXCL. WOOL OR FINE ANIMAL HAIR/SILK - OTHER,62,137.65,131.9,1.3,2.33,136.35,129.57,-6.78
39046910,POLY (VINYL FLUORIDE) AS IN NOTE 6(B) CHAP,39,1.6,1.06,2.79,2.33,-1.19,-1.27,-0.08
63071020,FLOOR-CLOTH AND THE LIKE OF MANMADE FIBRE,63,1.26,1.85,2.26,2.33,-1.0,-0.48,0.52
63049999,OTHER FURNISHING ARTICLES NEC,63,133.08,122.27,1.58,2.32,131.5,119.95,-11.55
29062100,BENZYL ALCOHOL,29,35.77,25.29,4.3,2.32,31.47,22.97,-8.5
63031200,CURTAN ETC HND KNTD/CRCHTD OF SYNTH FIBRE,63,3.15,3.86,1.57,2.31,1.58,1.55,-0.03
29412090,"OTHER STREPTOMYCINE AND DRVTVS, SALTS",29,0.03,0.29,2.31,2.3,-2.28,-2.01,0.27
55061000,"STAPLE FIBRES ETC OF NYLON/OTHR           POLYAMIDESCARDED, COMBED",55,0.03,0.0,2.31,2.27,-2.28,-2.27,0.01
57024230,"CARPETS, RUGS AND MATS OF HANDLOOM",57,24.47,20.42,0.15,2.27,24.32,18.15,-6.17
62043290,JACKETS OF COTTON-OTHER,62,64.86,78.63,2.68,2.26,62.18,76.37,14.19
29039940,BENZYLCHLORIDE,29,11.68,8.7,3.83,2.26,7.85,6.44,-1.41
58063190,"NARROW FABRICS ETC,OTHER",58,1.65,1.82,1.74,2.26,-0.09,-0.44,-0.35
55129990,OTHRS,55,0.84,2.81,2.33,2.25,-1.49,0.56,2.05
29420011,CEFADROXIL,29,19.52,13.99,1.7,2.25,17.82,11.74,-6.08
58109210,"EMBROIDERY BADGES, MDTIFS AND THE LIKE",58,15.6,16.54,1.88,2.23,13.72,14.31,0.59
29062920,PHENYLETHYL ALCOHOL,29,8.55,5.58,2.42,2.23,6.13,3.35,-2.78
55031190,OTHER FIBRE OF ARAMIDS,55,0.02,0.01,0.72,2.23,-0.7,-2.22,-1.52
58071010,WVN LABELS BADGES AND THE LIKE OF COTTON,58,1.33,1.17,2.57,2.23,-1.24,-1.06,0.18
55062000,"STAPLE FIBRS OF POLYESTERS,CARDED/COMBED",55,2.01,1.6,1.78,2.23,0.23,-0.63,-0.86
61052020,MENS/BOYS SHIRTS OF ARTIFICIAL FIBRES,61,1.88,0.6,1.57,2.22,0.31,-1.62,-1.93
62113300,OTHR GRMNTS OF MAN-MDE FBRS FR MENS/BOYS,62,37.58,39.51,1.3,2.22,36.28,37.29,1.01
58089010,ORNAMENTAL TAPES OF COTTON,58,1.03,1.16,2.2,2.2,-1.17,-1.04,0.13
61022000,"OVRCOAT,CAR-COATS,CAPES ETC OF COTTON",61,5.37,4.8,1.84,2.2,3.53,2.6,-0.93
39207329,SHTS OF CELLULOSE ACETATE PLASTICISED  NES,39,0.0,0.0,0.74,2.2,-0.74,-2.2,-1.46
52051110,GREY,52,54.83,34.45,2.46,2.17,52.37,32.28,-20.09
55142200,"WOVEN FABRICS,DYED,3/4-THRD TWILL INCL    CROSS TWILL OF POLYESTR STAPLE FIBRES",55,1.15,1.6,0.92,2.17,0.23,-0.57,-0.8
39241010,TABLEWARE AND KITCHENWARE OF PLASTICS       INSULATED WARE,39,69.89,80.4,1.85,2.17,68.04,78.23,10.19
55094110,POLYPROPYLENE SPUN YARN,55,0.37,0.5,1.45,2.17,-1.08,-1.67,-0.59
39251000,RESRVRS TANKS VATS AND SMLR CONTNR UPTO 300L,39,4.84,4.11,6.01,2.16,-1.17,1.95,3.12
29061390,OTHER STEROLS AND INOSITOLS,29,3.43,3.74,4.27,2.16,-0.84,1.58,2.42
62179090,OTHERS                                    AND TRIMMINGS OF OTHER TEXTILE FIBRES,62,3.81,3.43,1.86,2.15,1.95,1.28,-0.67
61082220,BRIEFS AND PANTIES OF ARTIFICIAL FIBRES,61,0.26,0.31,1.4,2.15,-1.14,-1.84,-0.7
52113190,"OTHERS-OF-PLAIN WEAVE,DYED,MXD COTN FABRICS WEGHING MORE THAN 200 GM PER SQM",52,9.97,10.12,0.92,2.13,9.05,7.99,-1.06
56012190,WADDING AND ARTCLS OF WADDNG N.E.S.OF COTTON,56,24.6,28.55,2.08,2.13,22.52,26.42,3.9
63079019,"DRESS MATERIALS,N.E.S.",63,72.52,66.59,1.46,2.13,71.06,64.46,-6.6
61083990,NIGHTDRESSES AND PYJAMAS OF OTHR FIBRES,61,100.43,104.84,2.3,2.13,98.13,102.71,4.58
29214380,4-TOLUIDINE-3-SULPHONIC ACID,29,0,0,3.1,2.09,-3.1,-2.09,1.01
62031100,SUITS OF WOOL OR FINE ANIMAL HAIR,62,9.7,12.9,2.34,2.09,7.36,10.81,3.45
54079300,OTHR SYNTHTIC WOVN FABRCS OF YARNS        OF DIFFERENT COLOURS,54,10.63,11.56,2.31,2.08,8.32,9.48,1.16
39079130,FUMERIC RESINS UNSATURATED,39,0.68,0.44,1.9,2.08,-1.22,-1.64,-0.42
39209490,OTHR PLTES SHTS ETC OF PHENOLIC RESINS NES,39,0.06,0.54,1.93,2.07,-1.87,-1.53,0.34
29362930,VITAMIN K (MENAPHTHONUM B.P.),29,9.2,9.11,2.42,2.06,6.78,7.05,0.27
54012000,SEWING THREAD OF ARTIFICIAL FILAMENTS,54,0.61,0.4,2.17,2.05,-1.56,-1.65,-0.09
57032100,TURF OF NYLON OR OTHER POLYAMIDES:,57,0.16,0.17,1.61,2.05,-1.45,-1.88,-0.43
54074230,NYLON TAFETTA,54,0.05,0.04,1.0,2.04,-0.95,-2.0,-1.05
52084390,OTHERS-OF-COTN FABRICS COMTMG>85% BY WT OF COTN 3-THREAD/4-THREAD TWILL IMCL CROSS TWILLOF YARN OF DIFF CLRS WEIGHNG <=200 G,52,16.95,20.54,1.09,2.03,15.86,18.51,2.65
61151000,"GRADUATED COMPRESSION HOSIERY FOR EXAMPLE, (STOCKINGS FOR VARICOSE VEINS)",61,2.02,2.43,2.63,2.03,-0.61,0.4,1.01
55041029,OTHER ARTIFICIAL STAPLE FIBRES NT CRD/COMBD OF FLAME RETARADANT VISCOSE RAYON OBTD FRM BAMBOO,55,0.0,0.0,2.25,2.02,-2.25,-2.02,0.23
63026090,"TOILET LINEN AND KITCHEN LINEN, OF TERRY TOWELLING OR SIMILAR TERRY FABRICS, OF COTTON, OTHER THAN HANDLOOM",63,1183.89,1104.14,9.96,2.01,1173.93,1102.13,-71.8
54025290,"OTHR YARN OF POLYESTERS,SINGLE,WITH A     TWIST EXCEEDING 50 TURNS/PER METRE",54,11.94,8.54,1.76,2.01,10.18,6.53,-3.65
51052990,OTHER COMBED WOOL(EXCLUDING FRAGMENTS),51,0.21,0.26,2.15,2.01,-1.94,-1.75,0.19
57024210,"CARPETS,CARPETING AND RUGS",57,39.05,41.84,3.25,1.98,35.8,39.86,4.06
39262011,DISPOSABLE  GLOVES,39,1.26,1.37,1.38,1.98,-0.12,-0.61,-0.49
29359014,SULPHADIMIDINE,29,0.06,0.04,1.44,1.97,-1.38,-1.93,-0.55
39039020,"BROMINATED POLYSTYRENE,WEIGHT 58% OR MORE BUT NOT MORE THAN 71%OF BROMINE NOTE 6(B)",39,0.0,0.0,4.26,1.96,-4.26,-1.96,2.3
29314930,"GLYPHOSATE(ISO),FOSETYL-AL,GLUFOSINATE AMMONIUM,GLYPHOSTAE POTASSIUM SALT",29,0.17,9.96,0.7,1.95,-0.53,8.01,8.54
55021010,VISCOSE RAYON TOW,55,1.14,0.0,5.55,1.95,-4.41,-1.95,2.46
59069910,"INSULATING TAPE,ELECTRICAL-OF COTTON",59,0.02,0.02,2.03,1.95,-2.01,-1.93,0.08
52104190,"OTHERS-OF-PLAIN WEAVE,OF YARNS OF DIFFERENT COLOURS MIXED COTTON FABRICS WEIGHING<=200 GSM",52,5.27,3.36,2.28,1.95,2.99,1.41,-1.58
63061990,OTHERS-OF-TARPAULINS ETC OF OTHER TXTL MATRLS,63,3.24,3.04,2.35,1.94,0.89,1.1,0.21
54041920,STRIP AND THE LIKE OF SYNTHETIC FIBRE     MATERIAL,54,0.17,0.31,1.82,1.93,-1.65,-1.62,0.03
29231000,CHOLINE AND ITS SALTS,29,11.73,9.1,2.93,1.93,8.8,7.17,-1.63
62104010,"PERSONAL PROTECTIVE GARMENTS(E.G.BULLET   PROOF JACKETS,BOMB DISPOSAL JACKETS ETC)",62,12.37,4.66,1.44,1.93,10.93,2.73,-8.2
54074490,"OTHERS-OF-WOVEN FABRICS,PRINTED,CNTNG FLMNTS OF NYLON/OTHER POLYAMIDES>=85% BY WT",54,0.31,0.56,0.83,1.92,-0.52,-1.36,-0.84
52121300,OTHR DYED WOVEN FBRCS WGHNG <=200 G/M2,52,10.59,8.05,1.39,1.92,9.2,6.13,-3.07
29012300,UNSTRD BUTENE (BUTYLENE)AND ISOMERS THEREOF,29,2.31,6.42,0.2,1.92,2.11,4.5,2.39
60019990,OTHR PILE FBRCS OF OTHR TXTL MATRLS,60,0.52,0.37,1.59,1.92,-1.07,-1.55,-0.48
62114299,COTN GRMNTS OTHR THN KURTA AND SALWAR WTH/WITHOUT DUPPATTA - OTHER,62,315.39,342.2,1.5,1.91,313.89,340.29,26.4
29021910,CYCLOPROPYL ACTETYLENE,29,0.0,0.0,1.76,1.91,-1.76,-1.91,-0.15
39231010,"PLASTIC CONTAINERS FOR AUDIO OR VIDEO     CASSETTES, CASSETTE TAPES, FLOPPY DISK ETC",39,1.33,1.3,1.21,1.91,0.12,-0.61,-0.73
62142090,"OTHR ITMS OF WOOL OTHR THN SHWLS,SCRVS    AND MUFFLERS",62,10.69,12.94,2.02,1.9,8.67,11.04,2.37
29039910,CHLOROFLUOROBENZENE,29,0.01,0.0,3.21,1.9,-3.2,-1.9,1.3
60024000,KNITD OR CROCHETED FBRCS CONTNG           ELASTOMERIC YARN>=5% BY WT BUT NOT        RUBR THREAD,60,0.2,0.31,3.51,1.9,-3.31,-1.59,1.72
52082290,OTHERS-OF-COTN FABRICS CONTNG >=85% BY WT OF COTTON BLEACHD PLAIN WEAVE WEIGNG > 100 G/M2,52,10.2,13.15,2.39,1.9,7.81,11.25,3.44
54079400,"OTHER WOVEN SYNTHETIC FABRICS,PRINTED",54,10.15,11.54,1.01,1.89,9.14,9.65,0.51
62103010,"OUTR GRMNTS WOMENS AND GIRLS OF THE FBRCS IMPRGNTD,COATD,COVRD/LAMINATED WTH PREPRTNOF CELULOS DERVTS/OTHR ARTF",62,0.04,0.01,0.81,1.89,-0.77,-1.88,-1.11
29171930,SUCCINIC ACID,29,0.17,0.18,1.63,1.88,-1.46,-1.7,-0.24
57023110,CARPETS,57,164.83,150.7,3.12,1.88,161.71,148.82,-12.89
54082219,"OTHR FBRCS OF RAYON ,DYED",54,3.52,1.75,1.85,1.87,1.67,-0.12,-1.79
55041011,ARTIFICIAL STAPLE FIBRES NT CRD/COMBD OF FLAME RETARADANT VISCOSE RAYON OBTD FRM WOOD OT BAMBOO,55,10.52,7.3,1.85,1.86,8.67,5.44,-3.23
29225014,AMINO ANISIC ACID ANILIDE,29,0,0,1.02,1.86,-1.02,-1.86,-0.84
55095300,OTHER YARN OF POLYSTER STAPLE FIBRS MIXED MAINLY/SOLELY WITH COTTON,55,184.92,184.4,1.96,1.86,182.96,182.54,-0.42
29052250,DIHYDROMYRCENOL,29,78.54,105.61,1.69,1.86,76.85,103.75,26.9
29071950,ALKYL PHENOLS,29,0.45,0.35,0.61,1.85,-0.16,-1.5,-1.34
52061200,SNGL YRN OF UNCMBD FBRS MEASURNG<714.29   BUT >=232.56 DCTX(>14 BUT <=43 MTRC NO),52,25.87,29.52,0.75,1.84,25.12,27.68,2.56
50079090,OTHER FABRICS,50,5.17,4.87,2.06,1.84,3.11,3.03,-0.08
55052000,WASTE OF ARTIFICIAL FIBRES,55,0.03,0.06,1.51,1.83,-1.48,-1.77,-0.29
29214226,PARA NITROANILINE,29,4.45,4.62,0.03,1.83,4.42,2.79,-1.63
58013790,OTHERS-OF-WARP PILE FABRICS,58,5.54,5.05,1.06,1.83,4.48,3.22,-1.26
52083110,LUNGI,52,9.43,5.76,1.09,1.82,8.34,3.94,-4.4
39262039,OTHER PLASTIC STICKERS FOR GARMENTS,39,0.22,0.22,2.44,1.82,-2.22,-1.6,0.62
61130000,"GRMNTS,MADE UP OF KNTTD/CRCHTD FABRICS    OF HDNG NO. 5903 5906 OR 5907",61,1.33,0.81,1.28,1.82,0.05,-1.01,-1.06
29173400,OTHER ESTERS OF ORTHOPHTHALIC ACID,29,27.14,22.96,2.53,1.81,24.61,21.15,-3.46
39209991,"OTHER PLATES SHEETS ETC OF OTHR PLASTICS  RIGID, PLAIN",39,0.03,0.04,1.53,1.81,-1.5,-1.77,-0.27
59011090,OTHERS-OF-TEXTILE FABRICS COATED WTH GUM/AMYLACEOUS SUBSTANCES USED FOR OUTER BOOK COVERS,59,0.5,0.3,2.02,1.8,-1.52,-1.5,0.02
55031920,Nylon Anti Static Staple Fibre,55,0.0,0.01,1.06,1.79,-1.06,-1.78,-0.72
29302090,OTHERS-OF-THIOCARBAMATES AND DITHIOCARBAMATES,29,6.82,7.51,1.14,1.79,5.68,5.72,0.04
58042910,MECHANICALLY MADE LACE OF COTTON,58,0.28,0.29,2.18,1.79,-1.9,-1.5,0.4
29159010,*ACETYL CHL0RIDE,29,0.93,1.35,2.8,1.78,-1.87,-0.43,1.44
53091110,NONBLECHD FLAX WOVN FABRICS CONTNG        FLAX >=85%,53,5.1,6.56,1.36,1.77,3.74,4.79,1.05
52052890,OTHR,52,46.18,47.12,6.96,1.76,39.22,45.36,6.14
29171950,FUMBRIC ACID,29,8.66,6.15,3.68,1.76,4.98,4.39,-0.59
29101000,OXIRANE (ETHYLENE OXIDE),29,2.04,2.16,1.69,1.75,0.35,0.41,0.06
55091100,SINGLE YARN CONTNG 85% OR MORE BY WT OF   STAPLE FIBRES OF NYLON/OTHR POLYAMDS,55,0.82,0.43,0.69,1.74,0.13,-1.31,-1.44
61152200,PANTY HOSE AND TIGHTS OF SYNTHETIC FIBRES   MSRNG PER SINGLE YRN 67 DECITEX OR MORE,61,0.02,0.03,1.82,1.74,-1.8,-1.71,0.09
39189020,"WALL /CEILING COVER COMB WITH KNITED/     WOVENFABRICS, NONWOVENS/FELTS OF OTHR     PLASTICS",39,4.1,6.7,1.39,1.73,2.71,4.97,2.26
55091200,MULTIPLE(FOLDED)/CABLED YRN CNTNG>=85%    STAPLE FIBRES OF NYLON/OTHR POLYAMIDES,55,0.98,0.91,1.44,1.73,-0.46,-0.82,-0.36
29362950,VITAMIN H (BI0LIN),29,0.74,0.44,1.56,1.72,-0.82,-1.28,-0.46
29183020,ETHYL ACETO ACETATE(ACETOACETIC ESTER),29,2.0,1.88,2.79,1.72,-0.79,0.16,0.95
52052310,GREY,52,1054.57,948.53,0.39,1.71,1054.18,946.82,-107.36
54082490,OTHR PRINTD FBRCS,54,3.49,2.92,2.39,1.7,1.1,1.22,0.12
54023990,OTHERS-OF-OTHER TEXTURED YARN,54,5.74,2.0,1.02,1.7,4.72,0.3,-4.42
52085290,"OTHERS-OF-COTN FABRICS CONTNG >=85% BY WT COTNPRINTED,PLAIN WEAVE WEIGHING >100 G/M2",52,345.2,391.31,2.36,1.7,342.84,389.61,46.77
54071099,OTHR POLYESTER FBRCS NES,54,9.53,9.84,2.45,1.7,7.08,8.14,1.06
51123090,OTHER WOVN FBRCS MIXD WITH MANMADE STAPL  FIBRS OF COMD WOOL AND FINE ANML HAIR,51,0.88,0.86,3.05,1.69,-2.17,-0.83,1.34
59050090,OTHER TEXTILE WALL COVERINGS,59,1.87,6.27,1.16,1.69,0.71,4.58,3.87
29309039,OTHERS-OF-OTHER ORGANO-SULPHUR COMPOUNDS,29,0.0,2.55,0.0,1.69,0.0,0.86,0.86
51122090,OTHER WOVN FBRCS OF COMD WOOL MIXED       MAINLYOR SOLELY WITH MANMADE  FILAMENT,51,0.01,0.04,1.96,1.68,-1.95,-1.64,0.31
29332950,ALBENDAZ0LE,29,14.84,17.62,1.55,1.68,13.29,15.94,2.65
39269041,RING BUCKL TACK WASHR OTHR DECO FITTNGS   OFPALSTIC USED TRIM AND EMBELLSHMNT FOR     LEATHRPROD PATTERN FOR LEATHR OF P,39,0.02,0.05,0.66,1.68,-0.64,-1.63,-0.99
39061010,BINDERS FOR PIGMENTS OR INKS,39,0.46,0.29,1.17,1.67,-0.71,-1.38,-0.67
29331100,PHENAZONE (ANTIPYRIN) AND ITS DERIVATIVES,29,9.65,9.57,1.23,1.66,8.42,7.91,-0.51
54072010,UNBLECHD WVEN FBRCS FROM STRIP/THE LIKE,54,0.13,0.12,1.02,1.66,-0.89,-1.54,-0.65
39259010,OTHR BUILDER WARE OF PLSTCS OF POLYURETHNE,39,2.48,0.99,2.54,1.65,-0.06,-0.66,-0.6
55031120,Para-aramid Fibre,55,0.17,0.16,1.38,1.65,-1.21,-1.49,-0.28
29024200,M-XYLENE,29,10.84,0.05,2.81,1.64,8.03,-1.59,-9.62
29420027,"ATENOLOL, PROPRONALOL",29,10.88,10.96,1.19,1.64,9.69,9.32,-0.37
39129010,PROPIONATE CELLULOSE AND ACETO NON-PLSTCZD,39,0.67,0.34,2.23,1.64,-1.56,-1.3,0.26
39081031,FLAKE (CHIP),39,0.0,0.0,1.75,1.63,-1.75,-1.63,0.12
39231040,PACKING FOR ACCOMMODATING CONNECTORS,39,0.17,0.06,1.69,1.62,-1.52,-1.56,-0.04
61152100,PANTY HOSE AND TIGHTS OF SYNTHTC FIBRES     MSRNG PER SINGLE YRN LESS THN 67 DECITEX,61,0.14,0.12,1.71,1.62,-1.57,-1.5,0.07
39207119,OTHER CELLO PHANE TRANSPARENT,39,0.04,0.05,2.22,1.61,-2.18,-1.56,0.62
39264060,SEQUINE,39,0.09,0.08,0.49,1.6,-0.4,-1.52,-1.12
54081000,"WOVEN FABRICS,OBTAINED FROM HIGH TENACITY YARN OF VISCOSE RAYON",54,2.92,3.62,1.61,1.59,1.31,2.03,0.72
29199050,TRICRESYL PHOSPHATE,29,0.88,1.68,0.46,1.57,0.42,0.11,-0.31
52083190,OTHERS-OF-COTN FABRICS CONTNG >=85%BY WT OF COTNDYED PLAIN WEAVE WEIGNG<=100 G/M2,52,50.38,51.23,1.47,1.56,48.91,49.67,0.76
61143020,OTHR GARMENTS OF ARTIFICIAL FIBRES,61,7.6,7.48,1.26,1.56,6.34,5.92,-0.42
56012110,ABSORBENT COTTON WOOL,56,64.98,54.46,1.39,1.56,63.59,52.9,-10.69
39094040,KETONIC RESINS,39,14.64,12.84,1.14,1.56,13.5,11.28,-2.22
55081000,SEWING THREAD OF SYNTHTC STAPLE FIBRES,55,6.0,4.99,1.14,1.55,4.86,3.44,-1.42
54071029,BLECHD OTHR POLYESTER FABRCS,54,6.24,5.28,1.49,1.55,4.75,3.73,-1.02
52052290,OTHERS-OF-SNGL YRN OF CMBD FBRS MEASURNG<714.29 BUT >= 232.56 DCTX(>14 BUT <=43 MTRC NO),52,20.45,23.45,0.16,1.54,20.29,21.91,1.62
39169060,VULCANIZED FIBRE (ROD ETC),39,0.13,0.2,4.28,1.54,-4.15,-1.34,2.81
58030012,"COTON GAUZE,BLCHD(E.G.LANOFABRICS)",58,0.12,0.13,0.37,1.54,-0.25,-1.41,-1.16
29329300,PIPERAN0L,29,0.19,0.58,2.73,1.52,-2.54,-0.94,1.6
56075040,NYLON ROPE,56,3.22,2.62,1.0,1.52,2.22,1.1,-1.12
29095020,ISOEUGENOL,29,0.54,0.7,2.15,1.52,-1.61,-0.82,0.79
29339920,"CRBNDZM,BITRTNL,CHLRFNPYR,CHLRFLUZURN,FNOXPRP-P-ETHL,FLUFNZN,FLUPYRDFRN,PENCNZL,PRPQZFOP,QUIZLFOP-P-TFRYL,TRIZPHOS",29,0.02,17.64,0.0,1.52,0.02,16.12,16.1
52085190,"Others of Plain weave, weighing not more than 100 g/m2",52,123.67,148.17,1.82,1.52,121.85,146.65,24.8
39094030,ALKYL PHENOL-FORMALDEHYDE RESINS,39,23.13,21.72,1.66,1.52,21.47,20.2,-1.27
61142000,OTHER GARMENTS OF COTTON,61,229.1,206.05,1.29,1.51,227.81,204.54,-23.27
62059019,OF SILK: OTHERS,62,1.03,1.43,0.72,1.51,0.31,-0.08,-0.39
29163400,*PHENYLACETIC ACID AND ITS SALTS,29,1.1,1.1,5.8,1.5,-4.7,-0.4,4.3
61121200,TRACK SUITS OF SYNTHETIC FIBRES,61,3.65,3.54,1.55,1.5,2.1,2.04,-0.06
63079020,MADE UP ARTCLS OF COTTON,63,235.67,260.12,1.62,1.49,234.05,258.63,24.58
52052410,GREY2401,52,600.62,613.46,1.14,1.49,599.48,611.97,12.49
39119010,POLYSULPHONES,39,1.05,8.07,3.79,1.49,-2.74,6.58,9.32
29339100,"ALPRA ZOLAM, CAMAZEPAM AND OTHER CMPNDS OF  ZEPAM, SALTS THEREOF",29,19.21,21.0,2.26,1.49,16.95,19.51,2.56
58012600,CHENILLE FABRICS OF COTTON,58,0.53,0.77,0.44,1.49,0.09,-0.72,-0.81
29124910,ANISIC ALDEHYDE,29,35.07,31.85,1.66,1.49,33.41,30.36,-3.05
29026000,ETHYLBENZENE,29,0.0,0.02,1.79,1.48,-1.79,-1.46,0.33
62012090,OTHERS-OF-OF WOOL/FINE ANIMAL HAIR,62,2.86,2.48,1.88,1.48,0.98,1.0,0.02
54026100,"OTHR YARN OF NYLON OR OTHER POLYMDS,      MULTIPLE(FOLDED)OR CABLED",54,16.3,15.89,1.67,1.47,14.63,14.42,-0.21
29270010,PARA AMINO-AZO-BENZENE,29,0.15,0.19,1.78,1.47,-1.63,-1.28,0.35
51061090,OTHERS-OF-YRN OF CRDED WOOL CONTNG>=85% WOOL BY WTNT PUT UP FOR RETAIL SALE,51,7.01,3.94,1.88,1.46,5.13,2.48,-2.65
55012000,SYNTHTC FILAMNT TOW OF POLYESTR,55,0.32,0.36,1.69,1.46,-1.37,-1.1,0.27
54075220,POLYESTER SIUTINGS,54,9.83,7.99,1.24,1.45,8.59,6.54,-2.05
52030000,COTTON CARDED OR COMBED,52,69.44,79.74,1.06,1.45,68.38,78.29,9.91
29420032,CIMETIDINE,29,0.02,0.08,0.65,1.44,-0.63,-1.36,-0.73
52083310,SHIRTING FABRICS,52,4.08,9.86,0.28,1.43,3.8,8.43,4.63
58041090,TULLS AND OTHR NET FBRCS OF OTHR TXTL MATRLS,58,13.11,13.52,1.93,1.43,11.18,12.09,0.91
54078290,OTHERS-OF-WOVN FBRCS DYD CNTNG<85% BY WT OF SYNTHTC FILMNTS MIXED MAINLY OR SOLELY WTH COTTON,54,18.91,17.19,1.22,1.43,17.69,15.76,-1.93
39209922,"SHEETS FILMS  STRIP OF VINYL PLASTICS     FLEXIBLE, PLAIN",39,0.62,0.5,1.56,1.43,-0.94,-0.93,0.01
39219096,"OTHR PLTS,SHTS,FILM FOIL,STRIP ETC NES    FLEXIBLE, LAMINATED",39,76.08,85.03,1.3,1.42,74.78,83.61,8.83
55121920,"OTHR WOVN FBRCS,PRINTD CNTNG POLYETR> =85%",55,1.27,1.57,1.84,1.42,-0.57,0.15,0.72
29037620,BROMOTRIFLUOROMETHANE (HALON-1301),29,3.06,1.63,0.0,1.42,3.06,0.21,-2.85
53101011,CRPT BCKNG CLTH CNTNG 100% BY WT OF JUTE.,53,0.34,0.44,4.05,1.41,-3.71,-0.97,2.74
29042040,ORTHO NITROTOLUENE,29,6.21,9.08,0.0,1.41,6.21,7.67,1.46
54075129,BLECHD OTHR THAN POLYESTER SHIRTG,54,1.35,0.51,1.61,1.41,-0.26,-0.9,-0.64
54033910,CUPRAMMONIUM RAYON,54,0.0,1.31,0.06,1.41,-0.06,-0.1,-0.04
29252910,GUANIDINE NITRATE,29,0.0,0.01,0.59,1.41,-0.59,-1.4,-0.81
29309098,DICHIARO DIPHENYL SULPHONE,29,40.73,39.82,2.7,1.4,38.03,38.42,0.39
39201091,"OTHR PLTS,SHEET ETC OF POLYMRS OF         ETHYLENERIGID, PLAIN",39,0.04,0.21,0.74,1.4,-0.7,-1.19,-0.49
29153940,METHYL ACETATE,29,0.21,0.24,1.18,1.39,-0.97,-1.15,-0.18
29153100,ETHYL ACETATE,29,93.04,84.05,1.29,1.39,91.75,82.66,-9.09
53091120,BLECHD FLAX WOVN FABRICS CONTNG           FLAX >=85%,53,3.91,8.58,0.86,1.38,3.05,7.2,4.15
54071034,DYED UMBRELLA CLOTH PANEL FBRCS,54,0.0,0.0,1.23,1.38,-1.23,-1.38,-0.15
51111190,OTHERS-OF-WOVN FBRCS CONTNG>=85% BY WT OF WOOL OR FINE ANML HAIR WEGHNG NT EXCDNG 300G/M2,51,0.3,0.1,1.28,1.38,-0.98,-1.28,-0.3
55151390,"FBRC OF POLSTR,MXD WTH WOOL/FINE ANIMAL   HAIR, OTHR",55,0.91,1.22,1.88,1.38,-0.97,-0.16,0.81
55094290,OTHER SPUN YARN,55,0.14,0.46,1.3,1.38,-1.16,-0.92,0.24
29269010,"Alphacypermethrin,beta cyfluthrin,chlorothalonil,cyflumetofen,cyfluthrin,cyhalofop?butyl,cymoxanil,cyphenothrin etc.",29,0.0,6.63,0.0,1.37,0.0,5.26,5.26
39081021,FLAKE (CHIP),39,0.0,0.03,0.22,1.37,-0.22,-1.34,-1.12
61101200,JERSEYS ETC OF KASHMIRI GOATS,61,0.23,0.22,1.43,1.37,-1.2,-1.15,0.05
52054110,GREY,52,1.25,0.47,0.0,1.37,1.25,-0.9,-2.15
29042010,NITROBENZENE,29,0.33,0.4,1.39,1.36,-1.06,-0.96,0.1
53110019,OTHER WOVN FBRCS OF OTHR VEG TEXTL,53,0.08,0.09,0.29,1.36,-0.21,-1.27,-1.06
29012400,UNSTRD BUTS-1 3-DIENE AND ISOPRENE,29,212.85,114.61,0.08,1.36,212.77,113.25,-99.52
39051990,OTHERS EXCL. POLY,39,19.74,17.0,1.09,1.36,18.65,15.64,-3.01
29181320,METROPROLOL TARTRATE,29,9.64,9.46,1.36,1.35,8.28,8.11,-0.17
54077300,OTHR WOVN FABRCS OF YRNS OF DIFRNT COLORS CNTNG 85% OR MORE BY WT OF SYNTHTC FILMNTS,54,16.31,15.69,1.11,1.35,15.2,14.34,-0.86
29315990,OTHERS-OF-OTHERS-OF-OTHER ORGANO-INORGANIC COMPOUNDS,29,0.0,0.78,0.0,1.35,0.0,-0.57,-0.57
29214516,SODIUM NAPHTHIONATE,29,0.93,0.48,0.52,1.35,0.41,-0.87,-1.28
62034100,"TROUSERS,BIB AND BRACE OVERALLS BREECHES AND  SHORTS OF WOOL/FINE ANML HAIR,MENS/BOYS",62,12.8,12.14,1.24,1.35,11.56,10.79,-0.77
62102020,"OUTR GRMNTS,MENS AND BOYS OF THE FBRCS IMPRGNTD,COATD,COVRD/LAMNTD WTH PRPRTN OF CELULOS DERVTVS AND OTHR ARTFCL PL",62,6.83,10.41,1.07,1.33,5.76,9.08,3.32
52051410,GREY,52,48.26,80.46,2.25,1.33,46.01,79.13,33.12
63022190,"OTHER BED LINEN, PRINTED: OF COTTON, OTHER THAN HANDLOOM",63,115.18,99.4,1.34,1.32,113.84,98.08,-15.76
39072100,BIS (POLYOXYETHYLENE) METHYL PHOSPHONATE,39,0.44,0.11,0.76,1.32,-0.32,-1.21,-0.89
62111100,SWIMWEAR FOR MENS OR BOYS,62,1.94,2.23,1.13,1.32,0.81,0.91,0.1
39159090,WASTE PARINGS AND SCRAP OF OTHR PLASTIC NES,39,1.34,1.08,1.91,1.32,-0.57,-0.24,0.33
39262029,OTHER APRON,39,2.3,0.48,1.8,1.32,0.5,-0.84,-1.34
29241100,MEPROBAMATE (INN),29,7.36,5.46,2.03,1.32,5.33,4.14,-1.19
39094060,TERPENE PHENOLIC RESINS,39,0.57,1.09,1.09,1.31,-0.52,-0.22,0.3
53110013,DYED WOV N FBRCS OF OTHR VEG TEXTL,53,0.05,0.15,1.91,1.31,-1.86,-1.16,0.7
61123100,MENS/BOYS SWIMWEAR OF SYNTHTC FBRS,61,0.13,0.12,1.81,1.31,-1.68,-1.19,0.49
29309029,OTHERS-OF-OTHER ORGANO-SULPHUR COMPOUNDS,29,0.0,1.83,0.0,1.31,0.0,0.52,0.52
29222914,META DIETHYL AMINO-PHENOL,29,0.41,0.08,1.16,1.31,-0.75,-1.23,-0.48
54071039,OTHR DYED POLYESTER FABRCS,54,37.89,40.42,1.69,1.3,36.2,39.12,2.92
29392010,QUININE ALKALOIDS,29,0.0,0.0,0.67,1.3,-0.67,-1.3,-0.63
62141090,"SHWLS,SCRVS,ETC OF SLK,OTHERS",62,14.94,14.63,1.29,1.3,13.65,13.33,-0.32
29392090,SALTS AND OTHR DRVTVS OF QUININE NES,29,8.44,6.3,1.85,1.29,6.59,5.01,-1.58
55164110,"WVN FBRC CNTNG<85% BY WT OF ARTFCL STPL   FBRS MXD WTH COTTON, UNBLCHD",55,1.55,1.7,0.14,1.29,1.41,0.41,-1.0
53082000,TRUE HEMP YARN,53,0.01,0.0,1.82,1.28,-1.81,-1.28,0.53
52122300,OTHR DYED WOVN FBRCS WGHNG >200 G/M2,52,4.23,4.97,1.53,1.28,2.7,3.69,0.99
29142922,SYNTHETIC,29,11.15,12.82,3.98,1.26,7.17,11.56,4.39
62044190,OTHER DRESSES INCL UNIFORM DRESS,62,3.25,2.2,0.3,1.24,2.95,0.96,-1.99
52051310,GREY,52,154.31,124.24,1.28,1.24,153.03,123.0,-30.03
29302010,"CARTAP HYDROCHLORIDE(ISO),MANCOZEB,METIRAM,PROPINEB,THIOBENCARB(BENTHIOCARB),TRIALLATE,ZIRAM",29,0.01,209.56,0.0,1.22,0.01,208.34,208.33
29362920,NCTNC ACID AND NCTNMD(NIACINAMIDE/NIACINE,29,91.22,80.7,1.87,1.22,89.35,79.48,-9.87
59119020,GASKETS WASHERS POLISHING DISCS AND OTHR    MACHINERY PARTS OF TEXTILE ARTICLES,59,2.12,2.68,2.93,1.22,-0.81,1.46,2.27
29159093,TRI FLUORO ACETIC ACID,29,11.63,13.09,0.53,1.22,11.1,11.87,0.77
51111990,OTHERS-OF-WOVN FBRCS CONTNG>=85% BY WT OF WOOL/FINE ANML HAIR OF WEIGHT EXCDNG 300 G/M2,51,0.25,0.55,1.25,1.21,-1.0,-0.66,0.34
55142300,"WVN FBRCS OF OTHR PLYESTR STPL FBRS,DYED",55,1.36,0.73,1.32,1.21,0.04,-0.48,-0.52
62082990,NIGHTDRESSES AND PYJAMAS OF OTHER FIBRES,62,14.12,17.18,1.39,1.2,12.73,15.98,3.25
29110010,ACETALS AND HEMIACETALS W/N WITH OTHER    OXYGEN FN.,29,1.36,1.09,1.0,1.2,0.36,-0.11,-0.47
29359024,SULPHAMIDE,29,0.0,0.0,0.83,1.2,-0.83,-1.2,-0.37
29154010,"MONOCHLOROACETIC ACID,THR SALTS AND ESTERS",29,15.21,12.1,2.28,1.2,12.93,10.9,-2.03
63061910,JUTE TARPAULINS (INCL.DW TARPAULINE),63,0.06,0.67,2.55,1.2,-2.49,-0.53,1.96
29214350,PARA TOLUIDNE,29,3.0,3.01,2.11,1.2,0.89,1.81,0.92
39171020,"TUBE,PIPEANDHOSESANDFTTNG OF CELLULOSIC MATERL",39,0.45,0.51,1.2,1.19,-0.75,-0.68,0.07
29336930,TRIS(2-HYDROXYETHYL)  ISOCYANURATE,29,4.42,2.87,0.43,1.18,3.99,1.69,-2.3
63021090,ALL OTHER BED LINENS KNITTED OR CROCHETED,63,7.56,6.63,0.67,1.18,6.89,5.45,-1.44
29336940,ETHYLHEXYLTRIAZONE,29,10.69,5.41,0.71,1.18,9.98,4.23,-5.75
29024400,MIXED XYLENE ISOMERS,29,0.22,0.25,0.11,1.17,0.11,-0.92,-1.03
54074300,OTHR WOVEN FABRICS CONTNG >85%            POLYAMADE OF YARNS OF DIFFERENT COLOURS,54,0.1,0.07,0.69,1.17,-0.59,-1.1,-0.51
29241910,"Bendiocarb,carboxin,chlorpropham,fenobucarb(BPMC),fluazaindolizine,methomyl,metolachlor,propamocarb hydrochloride,thiodicarb.",29,0.0,11.31,0.0,1.17,0.0,10.14,10.14
51129090,OTHER WOVN FBRCS OF COMD WOOL OR COMD     FINEANML HAIR,51,0.07,0.24,0.8,1.16,-0.73,-0.92,-0.19
39262091,OTHER ARTCLS OF APRL OF POLYURETHANE FOAM,39,0.01,0.01,1.07,1.16,-1.06,-1.15,-0.09
58109990,EMBRDRY OF OTHR TXTL MATRLS-OTHERS,58,31.58,35.62,2.05,1.16,29.53,34.46,4.93
29214910,XYLIDINES,29,12.57,13.57,1.44,1.15,11.13,12.42,1.29
52081190,"OTHERS-OF-COTN FABRCS CONTNG>=85% BY WT OF COTN,UNBLEACHED PLAIN WEAVE WEIGING <=100 G/M2",52,66.58,53.77,2.09,1.15,64.49,52.62,-11.87
54025900,"OTHERS-OF-OTHER YARN,SNGLE,WITH A TWIST EXCEEDING 50 TURNS PER METRE",54,0.87,0.82,2.13,1.14,-1.26,-0.32,0.94
29222936,PARA CRESIDINE ORTHO SULPHONIC ACID,29,1.66,1.17,0.1,1.14,1.56,0.03,-1.53
52104130,SHIRTING FABRICS,52,1.11,1.03,0.63,1.14,0.48,-0.11,-0.59
62022090,OTHERS-OF-OF WOOL/FINE ANIMAL HAIR,62,1.0,1.05,1.37,1.14,-0.37,-0.09,0.28
55094220,P.V.A.SPUN YARN,55,0.0,0.0,3.07,1.13,-3.07,-1.13,1.94
58012210,SOLELY OF COTTON,58,11.58,10.06,1.87,1.13,9.71,8.93,-0.78
52081290,OTHERS-OF-COTN FABRCS CONTNG >=85% BY WT OF COTNUNBLEACHD PLAINWEAVE WEIGING > 100 G/M2,52,106.6,101.37,0.57,1.13,106.03,100.24,-5.79
55029010,VISCOSE RAYON TOW,55,0.0,0.0,1.08,1.13,-1.08,-1.13,-0.05
39207399,OTHR PLTES SHTS OF CELLULOSE ACETATE NES,39,0.05,0.12,1.04,1.13,-0.99,-1.01,-0.02
58019090,PILE/CHENILLE FBRCS NES,58,0.09,0.24,0.52,1.13,-0.43,-0.89,-0.46
39139030,DEXTRAN,39,0.01,0.02,1.64,1.13,-1.63,-1.11,0.52
52085230,"Shirting Fabrics of Plain weave, weighing  more than 100 g/m2",52,8.56,12.61,1.24,1.12,7.32,11.49,4.17
50030090,SILK WASTE N.E.S.,50,21.96,19.78,0.91,1.12,21.05,18.66,-2.39
61072100,NIGHTSHIRTS AND PYJAMAS OF COTTON,61,181.15,213.24,1.76,1.11,179.39,212.13,32.74
52113290,OTHERS-OF-MIXED COTTON FABRICS WEIGHING > 200 G/SQM DYED 3/4 THREAD TWILL INCL CROSS TWILL,52,5.94,7.38,2.27,1.11,3.67,6.27,2.6
39169050,CLULSE NTRTE AND CELULD PLSTCZD AND NONPLSTCZD,39,0.01,0.11,1.13,1.11,-1.12,-1.0,0.12
29042030,META NITROTOLUENE,29,0.0,0.07,1.5,1.11,-1.5,-1.04,0.46
56089090,"OTHER TWINE,CORDAGE/ROPE",56,0.69,1.07,0.28,1.11,0.41,-0.04,-0.45
52095990,OTHERS-OF-OTHER FABRICS :,52,3.76,3.97,1.05,1.1,2.71,2.87,0.16
62129010,"SUSPNDR BLTS,BRCS,SUSPNDR GOUTERS AND LIKE",62,0.82,0.84,0.73,1.1,0.09,-0.26,-0.35
55163200,"WVN FBRCS CNTNG<85% BY WT OF ARTFCL       STPL FBRS,MXD MAINLY/SOLELY WITH          WOOL OR FNE ANIMAL HAIR,DYED",55,0.19,1.25,1.02,1.1,-0.83,0.15,0.98
29039120,O - DICHLOROBENZENE (ORTHODICHLOROBENZENE),29,2.59,2.16,0.87,1.09,1.72,1.07,-0.65
29331950,1-PHNYL-5-PYRAZLN-3-CRBOXYLC ACD ETHYLESTR,29,0.02,0.02,0.0,1.09,0.02,-1.07,-1.09
63049190,"OTHERS-OF-OTHER FURNISHING ARTICLS,KNTD/CROCHETED",63,33.8,30.77,0.71,1.09,33.09,29.68,-3.41
39262019,NON-DISPOSABLE  GLOVES,39,0.19,0.17,1.02,1.09,-0.83,-0.92,-0.09
55131120,"BLCHD WOVN POLYSTR STPL FBRC,PLAN WEVN",55,3.45,3.42,1.04,1.07,2.41,2.35,-0.06
54026950,P0LYTETRAFLUR0ETHYLENE YARN,54,0.0,0.0,1.5,1.06,-1.5,-1.06,0.44
52121200,OTHR BLCHD WOVEN FBRCS WGHNG <=200 G/M2,52,1.01,1.19,1.23,1.06,-0.22,0.13,0.35
61033200,JACKETS AND BLAZERS OF COTTON,61,9.91,9.92,0.87,1.06,9.04,8.86,-0.18
39169023,ALKYDS AND POLYESTERS,39,0.07,0.16,1.24,1.05,-1.17,-0.89,0.28
62029090,OTHERS-OF-OF OTHER TEXTILE MATERIALS,62,2.73,2.04,1.26,1.05,1.47,0.99,-0.48
29335400,"OTHER DERIVATIVES OF MALONYLUREA          (BARBITURIC ACID ), SALTS THEREOF",29,1.44,1.72,0.32,1.04,1.12,0.68,-0.44
29214524,"KCHS ACD(1-NPTHYLAMN-3,6,8-TRISLPHNC ACD)",29,0.12,0.07,0.69,1.04,-0.57,-0.97,-0.4
56050010,REAL ZARI THREAD(GOLD AND SILVER THREAD   COMBINED WITH TEXTILE THREAD),56,0.96,0.79,1.14,1.03,-0.18,-0.24,-0.06
52085990,SHIRTING FABRICS,52,31.76,44.92,0.55,1.03,31.21,43.89,12.68
39173920,OTHR TUBE PIPEAND HOSES OF  ADDITION        POLYMERISATION PRODUCTS,39,1.85,1.67,0.62,1.03,1.23,0.64,-0.59
62102090,OTHR OUTER GRMNTS FOR MENS AND BOYS,62,2.8,4.49,0.45,1.02,2.35,3.47,1.12
39262049,"OTHR COLAR STAYS,PATTIES,BUTTERFLY,       SHOLUDRAND OTHER STAYS",39,0.19,0.21,0.66,1.02,-0.47,-0.81,-0.34
29053920,HEXYLENE GLYCOL,29,4.15,6.38,0.78,1.02,3.37,5.36,1.99
57050049,OTHR THAN KNITTED CARPETS ETC,57,16.52,15.17,0.8,1.01,15.72,14.16,-1.56
29224210,GLUTAMIC ACID,29,0.17,0.25,0.7,1.01,-0.53,-0.76,-0.23
29171920,*MALONIC ACID,29,0.01,0.0,0.64,1.01,-0.63,-1.01,-0.38
29312000,TRIBUTYLTIN COMPOUNDS,29,0.61,0.45,1.37,1.0,-0.76,-0.55,0.21
60059000,WARP KNIT FBRCS OF WOOL OR FINE ANIML HAIR,60,7.6,7.0,2.02,1.0,5.58,6.0,0.42
29191000,"TRIS(2,3-DIBROMOPROPYL) PHOSPHATE",29,0.09,0.0,0.89,1.0,-0.8,-1.0,-0.2
51053100,"FINE ANML HAIR,CARDED/COMBED OF KASHMIRI  GOATS.",51,0.01,0.0,0.91,1.0,-0.9,-1.0,-0.1
62082190,OTHERS-OF-NIGHTDRESSES AND PYJAMAS OF COTTON,62,74.37,99.4,0.85,0.99,73.52,98.41,24.89
61081110,SLIPS AND PETTICOATS OF SYN FIBRES,61,0.48,0.5,0.77,0.99,-0.29,-0.49,-0.2
54071035,DYED OTHR NYLON/POLYAMIDE FBRCS           ( FILAMENT ),54,1.68,1.89,2.9,0.99,-1.22,0.9,2.12
39231030,BOXS CASES CRATES AND SMLR ARTCLS OF PLSTCS INSULATED WARE,39,10.77,11.32,0.61,0.99,10.16,10.33,0.17
54034990,OTHERS-OF-OTHR YRN MULTPL(FOLDD)OR CABLD(EXCLD VISCOS RAYN AND CELULOS ACTATE),54,0.0,0.0,0.87,0.98,-0.87,-0.98,-0.11
39206310,"PLTES SHTS ETC OF UNSATURATED POLYESTERS  RIGID, PLAIN",39,6.08,6.19,0.0,0.98,6.08,5.21,-0.87
59113220,"WOVEN TEXTILE FELTS,W/N IMPREGNATED/      COATEDOF KIND COMMONLY USED IN OTHR       MACHINERY",59,0.31,0.4,0.83,0.98,-0.52,-0.58,-0.06
63049250,"TERRY TOWEL OF COTN, NTKNTD/CRCHTD",63,204.93,191.14,0.83,0.98,204.1,190.16,-13.94
29355090,OTHERS-OF-OTHER PERFLUOROOCTANESULPHONAMIDES,29,2.57,2.84,0.1,0.97,2.47,1.87,-0.6
55070090,"OTHERS-OF-ARTIFICIAL STAPLE FIBRES,CARDED,CMBED/OTHERWISE PROCESSED FOR SPINNING",55,0.01,0.0,0.57,0.97,-0.56,-0.97,-0.41
62105000,PRSNAL PRTECTVE GRMNTS FR WOMENS AND GIRLS,62,10.53,12.36,0.69,0.97,9.84,11.39,1.55
62043190,OTHERS-OF-JACKETS OF WOOL OR FINE ANIMAL HAIR,62,4.17,3.65,0.75,0.97,3.42,2.68,-0.74
29411040,CLOXACILLINE AND ITS SALTS,29,22.96,20.54,0.57,0.97,22.39,19.57,-2.82
29163910,CINNAMIC ACID,29,1.12,0.81,1.45,0.96,-0.33,-0.15,0.18
61178040,OTHR CLOTNG ACCESSORIS OF MAN-MADE FIBRES,61,0.19,0.17,0.42,0.96,-0.23,-0.79,-0.56
57049090,"OTHERS-OF-OTHER CARPETS AND TEXTILE FLOOR COVERINGS OFFELT,NT TUFTED/FLOCKED,W/N MADE UP",57,4.17,3.84,0.8,0.96,3.37,2.88,-0.49
61032200,ENSEMBLES OF COTTON,61,12.28,16.85,0.58,0.96,11.7,15.89,4.19
29263000,FENPROPOREX (INN) AND ITS SALTS,29,0.04,0.0,0.0,0.95,0.04,-0.95,-0.99
51013000,CARBONISED WOOL NOT CARDED/COMBED,51,0.19,0.27,1.21,0.95,-1.02,-0.68,0.34
54075210,POLYESTER SHIRTINGS,54,41.31,34.62,1.09,0.95,40.22,33.67,-6.55
53091920,PRINTED FLAX WOVN FABRICS CONTNG          FLAX >= 85%,53,0.21,0.39,2.01,0.94,-1.8,-0.55,1.25
39171010,"TUBE,PIPEANDHOSESANDFTTNGS OF HARDENED PROTEIN",39,0.38,0.61,0.27,0.94,0.11,-0.33,-0.44
55095900,OTHER YARN OF POLYESTER STAPLE FIBRES,55,9.43,10.1,0.59,0.93,8.84,9.17,0.33
52093170,CANVAS ( INCL DUCK ) OF CARDED/COMBED     YARN,52,0.14,0.29,0.63,0.93,-0.49,-0.64,-0.15
29095040,4-METHOXY PHENOL (MONO METHYL ETHER OF HYDROQUINONE),29,34.7,30.29,0.15,0.93,34.55,29.36,-5.19
39139020,"HARDEND PROTINS(HARDND CASEIN,GELATIN ETC)",39,0.17,0.41,1.03,0.92,-0.86,-0.51,0.35
29333110,"FLRPYRXFEN BNZL,FLUROXPR MPTYL,HALXIFN-MTHL,HALOXFP-R-MTHL,PARQUT DCHLRID,PYRFLQNZN,TRCLOPYR ACID,TRCLOPYR BTOTYL ESTR",29,0.0,11.31,0.0,0.91,0.0,10.4,10.4
54041100,ELASTOMERIC,54,0.02,0.01,0.84,0.91,-0.82,-0.9,-0.08
29222911,2-AMINO 4-NITROPHENOL,29,1.12,0.93,0.98,0.9,0.14,0.03,-0.11
39207311,"SHTS OF CELLULOSE ACETATE NON-PLASTICISED RIGID, PLAIN",39,0.0,0.01,1.42,0.9,-1.42,-0.89,0.53
29182310,METHYL SALICYLATE,29,8.85,8.28,1.49,0.9,7.36,7.38,0.02
50030010,MULBURY SILK WASTE,50,9.37,14.95,0.58,0.9,8.79,14.05,5.26
55164200,"WVN FBRCS CNTNG<85% BY WT OF ARTFCL STPL  FBRS,MXD MAINLY/SOLELY WTH COTTON,DYED",55,0.35,0.52,0.63,0.89,-0.28,-0.37,-0.09
52082230,SHIRTING FABRICS,52,3.93,3.78,0.78,0.88,3.15,2.9,-0.25
62104090,OTHR PERSONAL PROTECTIVE GRMNTS,62,7.02,10.36,0.97,0.88,6.05,9.48,3.43
61023020,OVRCOT ETC OF ARTIFICIAL FIBRES,61,0.24,0.16,0.38,0.88,-0.14,-0.72,-0.58
52051210,GREY,52,306.15,338.86,1.76,0.87,304.39,337.99,33.6
61101110,JERSEYS OF WOOL,61,1.78,2.63,0.49,0.87,1.29,1.76,0.47
55132900,"WOVN FBRCS OF OTHR SYNTHTC STPL FBRS,DYED",55,20.6,23.79,1.1,0.86,19.5,22.93,3.43
63079091,OTHR MADE UP ARTCLS - TEXTILE FACE MASKS INCLDNG SURGICAL MASKS AND DISPOSABLE FACE MASKS,63,4.7,5.73,1.21,0.86,3.49,4.87,1.38
56022100,"FELT,NOT IMPREGNATED,COATED,COVERED/      LAMINATED,OF WOOL/FINE ANIMAL HAIR",56,6.34,7.17,0.81,0.86,5.53,6.31,0.78
63052000,SACKS AND BAGS OF COTTON,63,54.34,46.08,0.47,0.85,53.87,45.23,-8.64
29031300,CHLOROFORM (TRICHLOROMETHANE),29,2.61,2.79,1.7,0.85,0.91,1.94,1.03
61083220,NIGHTDRESSES AND PYAJAMAS OF ARTIFICIAL     FIBRES,61,2.77,4.27,0.43,0.85,2.34,3.42,1.08
60064400,"OTHR KNITD OR CROCHETD FBRCS OF ARTIFCL   FIBRES , PRINTD",60,0.09,1.12,1.05,0.85,-0.96,0.27,1.23
61069090,BLOUSES ETC OF OTHER FIBRES,61,63.88,71.25,0.45,0.85,63.43,70.4,6.97
63049289,OTHER CUSHION COVERS,63,84.47,83.5,1.12,0.85,83.35,82.65,-0.7
29392030,QUININE SULPHATE,29,1.09,0.71,0.51,0.84,0.58,-0.13,-0.71
61042200,ENSEMBLES OF COTTON,61,15.94,20.39,0.59,0.84,15.35,19.55,4.2
63059000,SACKS AND BAGS OF OTHER TEXTILE MATERIALS,63,6.79,9.3,0.87,0.84,5.92,8.46,2.54
62041390,SUITS OF SYNTHETIC FIBRES-OTHERS,62,44.12,36.81,0.29,0.84,43.83,35.97,-7.86
39219025,"OTHR PLTS,SHTS,FILM FOIL,STRIP ETC, OF    POLYMER OF VINYL CHLORIDE RIGID, LAMINATED",39,4.48,3.37,0.24,0.84,4.24,2.53,-1.71
29159040,PIVALOYL CHLORIDE,29,3.66,2.26,1.07,0.83,2.59,1.43,-1.16
60064100,"OTHR KNITD OR CROCHETD FBRCS OF ARTIFCL   FIBRES, UNBLCHD OR BLCHD",60,1.57,0.21,0.64,0.83,0.93,-0.62,-1.55
55132300,"WOVN FBRCS OF OTHR POLYESTR STPL FBRS,DYED",55,2.52,2.42,1.98,0.83,0.54,1.59,1.05
29414000,CHLORAMPHENICOL AND ITS DRVTVS SLTS THEREOF,29,2.82,2.01,2.5,0.82,0.32,1.19,0.87
55132100,"WOVEN FABRICS OF POLYESTER STAPLE FIBRES, PLAIN WEAVE,DYED",55,2.97,1.82,0.94,0.82,2.03,1.0,-1.03
52010022,"Cotton, other than Indian, of staple length exceeding 20.0 mm but not exceeding 24.5 mm",52,0.0,0.0,0.0,0.82,0.0,-0.82,-0.82
39139011,CHLORINATED RUBBER (CHEMICAL DERIVATIVE   OFNATURAL RUBBER),39,0.22,0.14,1.14,0.81,-0.92,-0.67,0.25
55152990,"FBRC OF ACRYLC/MODACRYLC MXD WTH OTHR     FIBRES , OTHR",55,1.45,1.58,0.41,0.81,1.04,0.77,-0.27
29037930,"DERIVATIVES OF METHANE, ETHANE OR PROPANE HALOGENATED ONLY WITH FLUORINE AND BROMINE",29,0.0,0.02,0.0,0.81,0.0,-0.79,-0.79
61033990,JACKETS AND BLAZERS OF OTHER FIBRES,61,17.92,16.94,0.24,0.81,17.68,16.13,-1.55
39219091,"OTHR PLTS,SHTS,FILM FOIL,STRIP ETC NES    RIGID, LACQUERED",39,0.18,0.13,0.72,0.8,-0.54,-0.67,-0.13
54023910,POLY PROPYLENE FILAMENT YARN,54,2.18,2.52,0.59,0.8,1.59,1.72,0.13
56060020,TRIMMINGS OF MAN-MADE FIBRES,56,3.77,4.04,1.03,0.8,2.74,3.24,0.5
29349910,CHIARO THIOPHENE-2-CARBOXYL IC ACID,29,0.06,0.17,0.84,0.79,-0.78,-0.62,0.16
29071920,P-PHENYL PHENOLS,29,0.0,0.05,0.4,0.79,-0.4,-0.74,-0.34
29309091,"ETHANOL, 2, 2-THIOBIS",29,49.86,33.27,0.53,0.79,49.33,32.48,-16.85
29163120,BENZYL BENZOATE,29,5.06,3.87,0.6,0.79,4.46,3.08,-1.38
56079010,"COIR, CORDAGE AND ROPES OTHR THAN COTTON",56,3.18,2.15,0.17,0.78,3.01,1.37,-1.64
52092210,SHIRTING FABRICS,52,2.65,1.04,0.0,0.78,2.65,0.26,-2.39
29012910,ACETYLENE W/N IN DISSOLVED CONDITION,29,0.17,0.11,0.99,0.78,-0.82,-0.67,0.15
56050020,IMITATION ZARI THREAD,56,1.11,1.09,1.06,0.78,0.05,0.31,0.26
39219024,"OTHR PLTS,SHTS,FILM FOIL,STRIP ETC, OF    POLYMER OF VINYL CHLORIDE FLEXIBLE,METALSD",39,0.0,0.0,0.42,0.78,-0.42,-0.78,-0.36
63051090,SACKS AND BAGS OF OTHR THN JUTE OR OF OTHR  TXTL BAST FIBRES OF HDG NO.5303,63,14.55,13.32,0.79,0.78,13.76,12.54,-1.22
29182910,GALIC ACID,29,0.04,0.03,1.02,0.77,-0.98,-0.74,0.24
29171960,ITAC0NIC ACID,29,0.01,0.03,0.95,0.77,-0.94,-0.74,0.2
52091119,"OTHER FABRICS,HANDLOOM",52,1.81,2.03,0.41,0.77,1.4,1.26,-0.14
53092110,UNBLECHD  WOVN FABRICS CONTNG             FLAX < 85%,53,3.01,0.35,0.29,0.77,2.72,-0.42,-3.14
29359013,SULPHADIAZINE,29,5.72,6.39,0.69,0.76,5.03,5.63,0.6
61071220,UNDERPANTS AND BRIEFS OF ARTIFICIAL FIBRES,61,0.59,0.41,0.61,0.76,-0.02,-0.35,-0.33
60052200,"WARP KNIT FBRCS OF COTTON, DYED",60,0.48,0.15,0.56,0.76,-0.08,-0.61,-0.53
52084190,"OTHERS-OF-COTN FABRICS CONTNG >=85% BY WT OF COTN PLAIN WEAVE, WEIGHING NOT MORE THAN 100 GMPER SQM OF YARN OF DIFFERENT COLOU",52,1.05,1.71,0.68,0.75,0.37,0.96,0.59
62122000,GIRDLES AND PANTY-GIRDLES,62,0.07,0.09,0.27,0.75,-0.2,-0.66,-0.46
55096100,OTHR YRN OF ACRYLC/MODACRYLC STAPLE       FIBRESMXD MAINLY/SOLELY WTH WOOL/FINE ANML HAIR,55,1.47,1.09,0.86,0.75,0.61,0.34,-0.27
29089920,MUSK XYLOL,29,0.02,0.01,0.61,0.75,-0.59,-0.74,-0.15
63049239,OTHER PILLOW CASES AND PILLOW SLIPS,63,109.78,127.59,0.92,0.74,108.86,126.85,17.99
39140010,ION-EXCHANGERS OF THE CONDENSATION        POLYCONDENSATION OR POLYADDITION,39,0.01,0.05,1.41,0.74,-1.4,-0.69,0.71
29394900,OTHERS-OF-OTHERS-OF-ALKLDS NATRL/RPRDCD BY SYNTHSIS AND THR SLTS ETHRS ESTRS AND OTHR DRVTVS,29,2.81,1.68,0.57,0.73,2.24,0.95,-1.29
55169300,"OTHER MXD WOVEN FBRCS OF ARTFCL           STPL FBRS,OF YARNS OF DIFFRNT COLOURS",55,2.29,0.95,0.18,0.73,2.11,0.22,-1.89
29182200,0-ACETYLSALICYLIC ACID ITS SALTS AND ESTRS,29,1.6,1.64,0.66,0.73,0.94,0.91,-0.03
57011010,HAND-MADE,57,218.12,188.91,0.96,0.72,217.16,188.19,-28.97
29094920,1-(4-PHENOXYPHENOXY)PROPAN-2-OL,29,0.0,0.0,0.16,0.72,-0.16,-0.72,-0.56
55142900,"WOVEN FABRICS OF OTHR SYNTHTC FIBRS,DYED",55,9.2,11.13,1.13,0.72,8.07,10.41,2.34
63013000,"BLANKETS(OTHER THAN ELECTRIC BLANKETS)    AND TRAVELLING RUGS,OF COTTON",63,72.68,64.49,0.53,0.71,72.15,63.78,-8.37
29309094,"CONTAINING A PHOSPHORUS ATOM TO WHICH ONE METHYL,ETHYL,N-PROPYL OR ISOPROPYL GROUP IS BONDED BUT NO FURTHER CARBON ATOMS",29,0.0,0.03,0.0,0.71,0.0,-0.68,-0.68
52102990,"OTHERS-OF-OTHER MXD COTN FABRICS,BLEACHED WEGHNGNOT MORE THN 200 GM PER SQM",52,1.37,1.56,0.67,0.71,0.7,0.85,0.15
39231020,WATCHBOX JEWELLERY BOX AND SIMILAR        CONTAINER OF PLASTICS,39,0.77,0.6,2.32,0.71,-1.55,-0.11,1.44
39209942,"SHEET OF POLY(TETRAFLURO-ETHYLENE)(PTFE)  FLEXIBLE, PLAIN",39,0.37,0.41,0.3,0.71,0.07,-0.3,-0.37
59090010,HOSE PIPING AND SMLR TUBING OF COTTON,59,0.22,0.2,0.58,0.7,-0.36,-0.5,-0.14
61045200,SKIRTS AND DIVIDED SKIRTS OF COTTON,61,8.27,7.85,0.55,0.7,7.72,7.15,-0.57
50060090,"OTHERS-OF-SLK YRN AND YRN SPUN FROM SLK WAST PUT UP FOR RETAIL SALE,SLK-WORM GUT",50,0.15,0.14,1.07,0.7,-0.92,-0.56,0.36
29061200,CYCLHXNL MTHYLCYCLHXNLSANDDIMTHYL CYCLHXNLS,29,0.46,0.4,0.43,0.7,0.03,-0.3,-0.33
59113250,TEXTILE FABRICS OF METALLISED YARN OF A   KIND COMMONLY USED IN PAPER MAKING,59,0.01,0.0,0.76,0.7,-0.75,-0.7,0.05
63049229,OTHER NAPKINS,63,43.7,31.52,0.36,0.7,43.34,30.82,-12.52
39169027,POLYPROPYLENE,39,0.57,0.66,0.84,0.7,-0.27,-0.04,0.23
29332960,"IMIDACLOPRID(ISO),FENAMIDONE,IMAZAMOX,IMIPROTHRIN,IPRODIONE,PROCHLORAZ",29,0.0,3.56,0.0,0.7,0.0,2.86,2.86
29157050,D.C.0. FATTY ACID,29,6.92,5.66,0.98,0.69,5.94,4.97,-0.97
29181510,POTASSIUM CITRATE,29,3.59,2.02,1.86,0.69,1.73,1.33,-0.4
63061200,TARPAULINS ETC OF SYNTHETIC FIBRES,63,7.13,11.04,0.94,0.69,6.19,10.35,4.16
52051390,OTHERS-OF-SNGL YRN OF UNCMBD FBRS MEASURNG<232.56 BUT >=192.31 DCTX(>43 BUT <=52 MTRC NO),52,1.51,1.47,0.5,0.69,1.01,0.78,-0.23
59113210,FELT FOR COTTON TEXTILE INDUSTRIES(WOVEN),59,0.01,0.0,1.17,0.68,-1.16,-0.68,0.48
39173210,"TUBE PIPEANDHOSES OF CONDENSATON /          REARANGMNTPOLYMERIZATON PRODUCT, W/N      CHEMICALY MODFD",39,1.78,1.92,0.65,0.68,1.13,1.24,0.11
52094390,"OTHERS-OF-OTHER FABRICS OF 3-THREAD OR 4-THREAD TWILL, INCLUDING CROSS TWILL :",52,4.69,3.78,0.49,0.68,4.2,3.1,-1.1
54071011,UNBLECHD PARACHUTE FABRICS,54,1.23,0.71,0.4,0.68,0.83,0.03,-0.8
51071090,OTHER WOOLLEN YARN,51,1.5,1.59,1.13,0.68,0.37,0.91,0.54
39173910,"OTHR TUBE PIPEAND HOSES OF CONDENSATON  OR  REARANGMNT POLYMERIZ PROD, W/N CHEM MODFID",39,8.18,4.66,0.61,0.68,7.57,3.98,-3.59
54025210,"OTHR YARN OF POLYESTERS YARN-ANTI STATIC FILAMENT,SINGLE,WITH A TWIST EXCEEDING 50 TURNS/PER METRE",54,1.49,1.21,1.05,0.68,0.44,0.53,0.09
62151090,OF SILK OR SILK WASTE: OTHER,62,0.19,0.31,0.87,0.67,-0.68,-0.36,0.32
39264019,OTHER BANGLES,39,1.07,0.96,0.77,0.67,0.3,0.29,-0.01
29242960,PYRAZINAMIDE(PYRAZINE CARBOXAMIDE),29,5.46,3.9,1.46,0.67,4.0,3.23,-0.77
62046919,TROUSERS BIB AND BRACE OVERALLS BREECHES AND  SHORTS OF SLK EXCL SLK-SEQND/BDED/EMBRDRD,62,2.09,2.18,0.29,0.67,1.8,1.51,-0.29
29153960,TERPINYL ACETATE,29,7.87,7.74,0.37,0.66,7.5,7.08,-0.42
39261091,OTHER ARTICLS OF OFFICE OR SCHOOL         SUPPLIESOF POLYURETHANE FOAM,39,0.25,0.18,0.54,0.66,-0.29,-0.48,-0.19
61149090,OTHER GARMENTS OF OTHER FIBRES,61,136.37,115.29,0.82,0.66,135.55,114.63,-20.92
61044990,DRESSES OF OTHER FIBRES,61,56.82,54.75,0.62,0.66,56.2,54.09,-2.11
39205112,SHTS OF PLYMTHYL METHACRYLTE FLEXIBL PLAIN,39,0.0,0.01,0.0,0.66,0.0,-0.65,-0.65
29331940,PHENYL-METHYL PYRAZOLONE,29,0.02,0.03,0.82,0.66,-0.8,-0.63,0.17
39205911,"POLY ACRYLATE SHEETS RIGID, PLAIN",39,0.02,0.01,0.33,0.65,-0.31,-0.64,-0.33
55099200,OTHER SYNTHETIC YARN MIXED MAINLY/SOLELY  WITH COTTON,55,0.05,0.12,0.89,0.65,-0.84,-0.53,0.31
52102190,OTHERS-OF-BLEACHD PLAIN WEAVE MXD COTN FABRICSWEGHING NOT MORE THN 200 GM PER SQM,52,0.96,0.84,0.44,0.65,0.52,0.19,-0.33
55169400,"OTHR MIXED WOVEN FABRICS OF ARTIFICIAL    STPALE FIBRES,PRINTED",55,1.63,1.15,1.21,0.65,0.42,0.5,0.08
52085280,VOILS ( EXCLD LEND FABRICS ),52,0.74,0.5,0.02,0.65,0.72,-0.15,-0.87
52121400,OTHR WOVN FBRCS OF COTTON OF YRNS OF DIFF COLOURS WEIGHING NOT MORE THAN 200 G/M2,52,1.99,2.54,1.02,0.64,0.97,1.9,0.93
39261011,OFFICE SUPPLIES EXCL PINS CLIPS WRITING   INSTRUMENTS OF POLYURETHANE FOAM,39,0.31,0.33,0.95,0.64,-0.64,-0.31,0.33
39031910,MOULDING POWDER,39,1.35,0.81,0.42,0.64,0.93,0.17,-0.76
55095200,OTHER YARN OF POLYSTR STPLE FIBRS MIXED   MAINLY/SOLELY WITH WOOL/FINE ANIMAL HAIR,55,14.95,15.73,0.68,0.64,14.27,15.09,0.82
54073090,OTHER FBRC CNSTG LYER OF PAREL TXTL YRN,54,1.27,1.07,0.51,0.64,0.76,0.43,-0.33
57023190,OTHR FLR CVRNGS OF WOOL/FINE ANML HAIR,57,6.98,6.76,0.42,0.64,6.56,6.12,-0.44
29341010,"CLOTHIANIDIN,OXATHIAPIPROLIN,THIFLUZAMIDE,THIOMETHOXAM",29,0.0,1.22,0.0,0.64,0.0,0.58,0.58
58101000,EMBROIDERY WITHOUT VISIBLE GROUND,58,32.88,29.55,0.32,0.63,32.56,28.92,-3.64
63071010,"FL00R-CL0TH, PIECE CL0THS, DUSTERS AND    SIMILAR CLEANING CL0THS 0F C0TT0N",63,32.04,30.5,0.36,0.63,31.68,29.87,-1.81
62071100,UNDERPANTS AND BRIEFS OF COTTON,62,17.07,23.37,0.41,0.63,16.66,22.74,6.08
58013300,OTHR WEFT PILE FBRCS OF MAN-MADE FIBRE,58,0.07,0.06,0.35,0.63,-0.28,-0.57,-0.29
29153992,ETHYLENE GLYCOL MONO ETHYL ETHER ACETATE,29,0.44,0.25,0.52,0.62,-0.08,-0.37,-0.29
61124990,WOMEN SWIMWEAR OF OTHER FIBRES,61,0.36,0.51,0.21,0.62,0.15,-0.11,-0.26
29322010,"COUMARIN, METHYLCOUMARINS AND   ETHYLCOUMARINS",29,9.95,10.28,0.88,0.61,9.07,9.67,0.6
52115990,OTHERS-OF-OTHER FABRICS :,52,2.53,0.97,0.4,0.61,2.13,0.36,-1.77
63069090,OF OTHER TEXTILE MATERIALS,63,0.26,0.29,0.73,0.61,-0.47,-0.32,0.15
52114190,OTHERS-OF-MIXED COTTON FABRICS OF YARNS OF DIFFERENTCOLOURS WEIGHING > 200 GM/SQM; PLAIN WEAVE,52,0.87,0.48,1.66,0.61,-0.79,-0.13,0.66
29147950,DICHLOROACETOPHENONE,29,0,0,0.28,0.61,-0.28,-0.61,-0.33
55152190,"FBRC OF ACRYLC/MODACRYLC,MXD WTH MAN-MADE FILMNT, OTHR",55,0.2,0.17,0.41,0.6,-0.21,-0.43,-0.22
59070091,TXTL COTTON FBRCS COATED/IMPRGNTD WTH OIL OR PREPARATION WTH BASIS OF DRYNG OIL,59,0.02,0.07,0.16,0.6,-0.14,-0.53,-0.39
60053500,FABRICS SPECIFIED IN SUB-HEADING NOTE 1 TO THIS CHAPTER,60,0.08,0.12,0.61,0.6,-0.53,-0.48,0.05
62044919,OTHR DRESSES OF OTHR TXTL MATERIALS,62,11.87,9.95,0.46,0.6,11.41,9.35,-2.06
29331910,3-CARBOXY (PARA SLPHPHNYL)-5 PYRAZOLONE,29,1.86,2.46,0.14,0.6,1.72,1.86,0.14
29333921,Acetamiprid (ISO),29,0.08,0.0,0.0,0.6,0.08,-0.6,-0.68
29183030,NALIDIXIC ACID,29,1.77,0.91,0.72,0.6,1.05,0.31,-0.74
63011000,ELECTRIC BLANKETS,63,0.13,0.03,0.42,0.6,-0.29,-0.57,-0.28
29147940,CHLORO-4-(4-CHLORO PHENOXY) ACETOPHENONE,29,0.0,0.01,0.0,0.6,0.0,-0.59,-0.59
39209932,"PLATE SHEET FILM FOIL AND STRIP OF          COPOLYMEROF VINYL CHLORIDEAND ACETATE       FLEXIBLE, PLAIN",39,0.04,0.06,1.17,0.58,-1.13,-0.52,0.61
61019090,OTHER (EXCL SILK),61,1.28,1.5,0.35,0.58,0.93,0.92,-0.01
39045010,"COPOLYMER OF VINYLIDENE CHLORIDE WITH     ACRYLONITRITE, IN THE FORM OF EXPANSIBLE  BEADS OF A DIAMETER >= 4 AND < 20 MI",39,0.0,0.0,0.63,0.58,-0.63,-0.58,0.05
55122910,"WOVN FBRC,DYED CNTNG ACRYLC/MODACRYLC =85%",55,1.86,4.17,0.48,0.58,1.38,3.59,2.21
29153910,BENZYL ACETATE,29,9.29,7.7,0.21,0.58,9.08,7.12,-1.96
29212920,TRIMETHYLENE TRINIFRAMINE,29,0,0,0.28,0.57,-0.28,-0.57,-0.29
54078300,OTHER WOVN FBRCS CONT <85% OF SYNTHTC     FILMNT MIXD WTH COTN YRN OF DIFF COLOURS,54,3.63,3.65,0.61,0.57,3.02,3.08,0.06
51123010,UNBLEACHED WOVN FBRCS MIXED WITH MANMADE  STAPL FIBRS OF COMD WOOL AND FINE ANML HAIR,51,0.04,0.0,0.01,0.57,0.03,-0.57,-0.6
29034900,OTHER --UNSATURATED FLUORINATED DERIVATIVES OF ACYCLIC HYDROCARBONS:,29,0.2,0.08,0.62,0.57,-0.42,-0.49,-0.07
56072900,"OTHR TWINE,ROPE ETC OF SISAL OR OTHER     TEXTILE FIBRES OF THE GENUS AGAVE",56,1.36,2.49,0.58,0.56,0.78,1.93,1.15
63053300,SACKS AND BAGS OF POLYETHYLENE OR         POLYPROPYLENE STRIP OR THE LIKE,63,22.35,29.94,0.24,0.56,22.11,29.38,7.27
29037200,DICHLOROTRIFLUOROETHANES (HCFC-123),29,0,0,0.28,0.56,-0.28,-0.56,-0.28
29031120,CHLOROETHANE ETHYL CHLORIDE,29,0.19,0.21,1.58,0.56,-1.39,-0.35,1.04
39239010,OTHR ARTCLS FOR THE CNVYNCE/PCKNG OF      GOODSINSULATED WARE,39,0.46,0.74,0.38,0.56,0.08,0.18,0.1
59090020,HOSE PIPING AND SMLR TUBING OF MAN MADE FIBR,59,1.61,2.04,0.49,0.56,1.12,1.48,0.36
59039020,POLYETHYLENE LAMINATED JUTE FABRICS,59,2.81,1.42,0.54,0.56,2.27,0.86,-1.41
58089020,HAIR BAND OF NARROW FABRICS,58,0.25,0.23,0.04,0.56,0.21,-0.33,-0.54
62042290,OTHER ENSEMBLES OF COTTON,62,30.56,36.51,0.32,0.56,30.24,35.95,5.71
29411020,AMPICILLINE AND ITS SALTS,29,27.32,22.13,0.39,0.56,26.93,21.57,-5.36
52094190,"OTHERS-OF-PLAIN WEAVE COTTON FABRICS OF YARN OF DIFF CLRS, WEIGHING>= 200 G/M2",52,3.21,4.19,0.36,0.56,2.85,3.63,0.78
58110090,OTHERS-OF-QUILTED TXTL PRDCTS IN THE PIECE CMPSD OF ONE/MORE LAYERS OF TXTL MATRLS ASSMBLD WTHPDDNG BY STICHING ETC EXCPT HDG,58,1.46,3.33,1.03,0.56,0.43,2.77,2.34
39129020,VISCOSE SPONGE,39,0.06,0.0,0.62,0.56,-0.56,-0.56,0.0
29359040,"AMISLBRM,AZMSLFRN,BENSLFRN MTHL,CHLRIMRN ETHL,CYAZFAMD,CYZOFAMD,DICLOSLM,FLCTOSULFRN,HELOSULFRN MTHL,MSOSULFRN METHL ETC",29,0.0,32.78,0.0,0.56,0.0,32.22,32.22
63029900,OTHER LINEN OF FLAX,63,8.6,10.85,0.92,0.55,7.68,10.3,2.62
52095190,"OTHERS-OF-PLAIN WEAVE,PRINTED COTN FABRICS WEIGHING MORE THAN 200 GM PER SQM",52,0.47,0.41,0.5,0.55,-0.03,-0.14,-0.11
29152910,CALCIUM ACETATE,29,0.51,1.72,0.9,0.55,-0.39,1.17,1.56
52094990,OTHERS-OF-OTHER FABRICS :,52,2.03,2.83,0.32,0.55,1.71,2.28,0.57
39169024,POLYAMIDS,39,1.49,1.22,0.37,0.55,1.12,0.67,-0.45
60054300,WARP KNIT FBRCS OF ARTIFICIAL FIBRES OF   DIFFRNT COLR,60,0,0,0.42,0.55,-0.42,-0.55,-0.13
52082390,"OTHERS-OF-COTN FABRICS CONTNG>=85% BY WT OF COTNBLECHD,3/4 THREAD TWILL INCL CROSS TWILLWEIGHING NOT MORE THN 200 GM PER SQM",52,3.82,4.63,0.38,0.55,3.44,4.08,0.64
62142029,SCARVES:OTHER,62,10.9,12.45,0.41,0.55,10.49,11.9,1.41
59080090,"OTHERS-OF-TXTL WICKS,WOVEN,PLAITED/KNITTED,FOR LAMPSSTOVES,LIGHERS,CANDLES ETC,INCANDESCENT GAS MANTLES ETC,W/N IMPREGNATED",59,0.14,0.21,0.63,0.55,-0.49,-0.34,0.15
39269021,"COUPLERS,PACKING RING, O RINGS AND LIKE   OF POLYURETHANE FOAM",39,0.09,0.07,0.37,0.54,-0.28,-0.47,-0.19
55151910,"FBRC OF POLSTR,MXD WTH OTHR FIBRS,UNBLCHD",55,0.03,0.04,0.0,0.54,0.03,-0.5,-0.53
55101290,OTHERS-OF-MULTIPLE(FOLDED)/CABLED YRN CNTNG 85% OR MORE BY WT OF ARTFCL STAPLE FIBRES,55,0.41,0.07,0.04,0.54,0.37,-0.47,-0.84
52054890,OTHR,52,3.05,1.03,0.29,0.54,2.76,0.49,-2.27
61013020,OVRCOT ETC OF ARTIFICIAL FIBRES,61,0.01,0.02,0.4,0.54,-0.39,-0.52,-0.13
54076110,POLYESTER SHIRTINGS,54,1.1,0.62,0.63,0.54,0.47,0.08,-0.39
63022200,PRINTED BED LINEN OF MAN-MADE FIBRES,63,9.94,8.25,0.35,0.53,9.59,7.72,-1.87
29094910,PHENOXY ETHANOL,29,62.58,60.54,0.78,0.53,61.8,60.01,-1.79
29321200,2-FURALDEHYDE(FURFURALDEHYDE),29,0.05,0.2,0.65,0.53,-0.6,-0.33,0.27
29214515,AMINOLINELI-R-ACID,29,0,0,0.34,0.53,-0.34,-0.53,-0.19
57050042,"MATS AND MATTINGS INCLUDING BATH MATS, WHERE COTTON PREDOMINATES BY WEIGHT, OF  HANDLOOM, COTTON RUGS OF HANDLOOM",57,14.28,12.46,0.18,0.53,14.1,11.93,-2.17
29222934,PARA CRESIDINE,29,0.22,0.04,2.65,0.52,-2.43,-0.48,1.95
29221919,"OTHERS-OF-OTHER: N,N-DIALKYL (METHYL, ETHYL, N-PROPYL OR ISOPROPYL) -2-AMINOETHANOLS AND THEIR PROTONATED SALTS :",29,0.0,0.04,0.0,0.52,0.0,-0.48,-0.48
54082419,"OTHR FBRCS OF RAYON , PRINTD",54,2.44,2.05,0.78,0.52,1.66,1.53,-0.13
51053900,OTHER FINE ANML HAIR,51,0.0,0.01,0.2,0.52,-0.2,-0.51,-0.31
29396210,ERGOTAMINE TARTARATE,29,0.0,0.01,0.74,0.52,-0.74,-0.51,0.23
39172910,SEAMLESS TUBE OF COPOLYMERS OF VINYL      ACETATE AND VINYL CHLORIDE,39,0.3,0.36,0.68,0.52,-0.38,-0.16,0.22
29161970,ERUCIC ACID,29,62.01,63.98,0.16,0.51,61.85,63.47,1.62
39219023,"OTHR PLTS,SHTS,FILM FOIL,STRIP ETC, OF    POLYMER OF VINYL CHLORIDE RIGID, METALLISD",39,0.0,0.01,0.23,0.51,-0.23,-0.5,-0.27
50020020,MULBERRY DUPION SILK,50,0.06,0.03,0.36,0.51,-0.3,-0.48,-0.18
57031010,CARPETS,57,207.84,212.17,0.52,0.51,207.32,211.66,4.34
39232910,SACKS AND BAGS (INCL CONES)OF OTHR PLASTICS OF POLY (VINYL CHLORIDE),39,0.87,0.96,0.89,0.51,-0.02,0.45,0.47
60052100,"WARP KNIT FBRCS OF COTTON, NBLCHD OR BLCHD",60,0.24,0.07,0.12,0.51,0.12,-0.44,-0.56
51081000,CARDED YARN OF FINE ANIMAL HAIR           NOT PUT UP FOR RETAIL SALE,51,0.0,0.0,0.12,0.51,-0.12,-0.51,-0.39
52091190,"OTHERS-OF-PLAIN WEAVE,UNBLEACHED COTTON FABRICS WEIGHING MORE THN 200 GM PER SQM",52,24.06,19.79,0.6,0.5,23.46,19.29,-4.17
39206120,"PLTES SHTS ETC OF PLYCRBNTS FLEXIBLE, PLAI",39,0.19,0.06,1.03,0.5,-0.84,-0.44,0.4
29039110,CHLOROBENZENE (MONOCHLORO),29,3.79,2.42,0.47,0.5,3.32,1.92,-1.4
62013010,"OVERCOATS,RAINCOATS,CARCOATS,CAPES,CLOAKS AND SMLR ARTCLS",62,0.48,0.51,0.41,0.5,0.07,0.01,-0.06
29214214,2:6-DICHLORO PARANITROANILINE,29,0.34,0.02,0.98,0.5,-0.64,-0.48,0.16
29122930,HEXYL CINNAMIC ALDEHYDE,29,7.84,6.65,0.65,0.5,7.19,6.15,-1.04
39094010,CRESOL FORMALDEHYDE RESINS,39,0.12,0.2,0.48,0.49,-0.36,-0.29,0.07
63049299,OTHER FURNISHING ACRICLES,63,73.22,57.66,0.34,0.49,72.88,57.17,-15.71
29331960,1-(M-SULPHOPHENYL)-3-PYRAZOLONE,29,0.04,0.08,0.28,0.49,-0.24,-0.41,-0.17
51072010,WORSTED HOSIERY YARN,51,0.95,0.24,0.0,0.49,0.95,-0.25,-1.2
29214330,ORTHO TOLUIDINE,29,12.77,13.28,0.34,0.49,12.43,12.79,0.36
51082000,COMBED YARN OF FINE ANIMAL HAIR           NOT PUT UP FOR RETAIL SALE,51,0.1,0.06,0.38,0.49,-0.28,-0.43,-0.15
62113990,OTHERS-OF-OTHR GRMNTS OF OTHR TXTL MTRLS FR MNS/BOYS,62,42.3,50.1,0.66,0.49,41.64,49.61,7.97
54075430,POLYESTER SAREES,54,13.6,17.63,0.0,0.49,13.6,17.14,3.54
54083219,OTHR RAYON FBRCS,54,0.09,0.08,0.16,0.48,-0.07,-0.4,-0.33
29225021,FRUSEMIDE,29,18.98,18.27,0.42,0.48,18.56,17.79,-0.77
52053290,OTHERS-OF-MLTPL(FLDED)/CBLD YRN OF UNCMBD FBRSMEASURNG<714.29 BUT >=232.56 DCTX (> 14 BUT <= 43 MTRC NO PER SNGL YAR,52,2.12,1.57,0.24,0.48,1.88,1.09,-0.79
51129030,DYED OTHR WOVN FBRCS OF COMD WOOL OR COMD FINE ANML HAIR,51,4.35,4.92,0.43,0.48,3.92,4.44,0.52
54026960,Ultra high molecular weight poly ethylene filament yarn conforming ...,54,0,0,0.41,0.48,-0.41,-0.48,-0.07
29121200,ETHANAL (ACETALDEHYDE),29,2.23,1.62,0.4,0.48,1.83,1.14,-0.69
58012710,"WARP PILE FABRICS, EPINGLE (UNCUT)",58,0.0,0.0,0.15,0.48,-0.15,-0.48,-0.33
52084121,SAREES OF HANDLOOM,52,0.01,0.01,0.45,0.48,-0.44,-0.47,-0.03
61101900,JERSEYS ETC OF OTHR FINE ANIML HAIR,61,2.94,1.3,0.23,0.48,2.71,0.82,-1.89
52103990,OTHERS-OF-OTHER FABRICS :,52,2.08,2.73,0.66,0.48,1.42,2.25,0.83
53110012,BLECHD WOVN FBRCS OF OTHR VEG TEXTL,53,0.02,0.0,0.51,0.47,-0.49,-0.47,0.02
29337920,N-ETHYL-2-PYRROLIDONE,29,2.29,1.95,0.99,0.47,1.3,1.48,0.18
62072190,NIGHT SHRTS AND PYJAMAS OF OTHR THAN COTTON,62,22.28,18.43,0.38,0.47,21.9,17.96,-3.94
53050050,OF ABACA,53,0.03,0.0,0.34,0.47,-0.31,-0.47,-0.16
62034210,OF COTTON: HANDLOOM,62,1.67,3.57,0.28,0.47,1.39,3.1,1.71
60054400,"WARP KNIT FBRCS OF ARTIFICIAL FIBRES,      PRINTD",60,0.0,0.15,0.96,0.47,-0.96,-0.32,0.64
55109010,VISCOSE RAYON SPUN YARN,55,1.9,2.46,0.02,0.47,1.88,1.99,0.11
29202100,DIMETHYL PHOSPHITE,29,1.36,0.8,0.1,0.47,1.26,0.33,-0.93
59069920,RUBBERISED COTTON FABRICS OTHER THAN      KNITTED OR CROCHETED FABRICS,59,0.16,0.09,0.47,0.46,-0.31,-0.37,-0.06
52054390,OTHERS-OF-MLTPL(FLDED)/CBLD YRN OF CMBD FBRSMEASURNG PER SNGL YRN <232.56 BUT >=192.31DCTX(>43 BUT <=52 MTRC NO PER SNGL Y,52,0.98,0.77,0.21,0.46,0.77,0.31,-0.46
29202910,DIMETHYL SULPHATE,29,21.75,22.32,1.05,0.46,20.7,21.86,1.16
55041021,ARTIFICIAL STAPLE FIBRES NT CRD/COMBD OF FLAME RETARADANT VISCOSE R...,55,0,0,0.42,0.46,-0.42,-0.46,-0.04
29242930,ACETO ACETIC ORTHO CHLORANILIDE,29,0.01,0.03,0.9,0.46,-0.89,-0.43,0.46
58012300,OTHR WEFT PILE FABRICS OF COTTON,58,0.06,0.04,0.19,0.46,-0.13,-0.42,-0.29
57024110,CRPTS OF WOOL/FINE ANML HAIR,57,26.53,25.1,0.61,0.46,25.92,24.64,-1.28
60029000,OTHR KNITDOR CROCHETED FBRCS OF WIDTH<30CM,60,3.14,2.69,0.44,0.46,2.7,2.23,-0.47
55121110,"WOVEN FBRCS, UNBLECHD",55,2.7,3.0,0.5,0.46,2.2,2.54,0.34
54079120,"OTHR SYNTHTIC WOVN FBRCS, BLECHD",54,0.04,0.1,0.03,0.46,0.01,-0.36,-0.37
29171140,DIETHYL OXALATE,29,5.95,4.58,0.44,0.46,5.51,4.12,-1.39
29335950,"BSPRBC-NA,AMTRCTRDN,AZXYSTRBN,BNZPYRMXM,BPRMT,FLRSLAM,PLYOXN D ZN SLT,PRMPHS-MTHL,PRYBNZXM,PYRFTLD,PYRTHBC NA,TRFLMZPYRM",29,1.04,8.64,0.01,0.45,1.03,8.19,7.16
39121290,OTHERS-OF-CELLULOSE ACETATES PLASTICISED,39,0.01,0.0,0.19,0.45,-0.18,-0.45,-0.27
57011090,"OTHERS-OF-CARPETS AND OTHER TEXTILE FLOOR COVERINGS OF WOOL OR FINE ANIMAL HAIR, KNOTTED",57,13.14,14.8,0.49,0.45,12.65,14.35,1.7
29303000,"THIURAM MONO-,DI-OR TETRASULPHIDES",29,5.03,5.69,2.07,0.45,2.96,5.24,2.28
54083490,OTHER ARTIPCL PRINTD FBRCS,54,1.76,1.38,1.24,0.45,0.52,0.93,0.41
54083419,ITHER RAYON FBRCS,54,0.42,0.24,0.79,0.45,-0.37,-0.21,0.16
55033010,"Pre Oxidised Acrylic or modacrylic Fibre, conforming to IS 17308",55,0.0,0.0,0.13,0.44,-0.13,-0.44,-0.31
55161110,"WVN FBRC, UNBLCHED CNTNG ARTFCL STPL FBRC >=85%",55,20.75,18.78,0.03,0.44,20.72,18.34,-2.38
29147910,1-CHLORO ANTHRAQUINONE,29,0.0,0.01,0.38,0.44,-0.38,-0.43,-0.05
61123990,SWIMWEAR OF OTHR FBRS,61,0.22,0.29,0.03,0.44,0.19,-0.15,-0.34
63080000,"SETS CONSSTNG OF WOVN FBRCS AND YRN,W/N WTH ACCSSRS,FR MKNG RUGS,TPSTRS,EMBRDRD TABLE CLOTH AND LIKE IN PCKNGS FR RTL SA",63,0.19,0.2,0.38,0.44,-0.19,-0.24,-0.05
39209120,"FLEXIBLE, PLAIN",39,0.0,0.0,0.34,0.44,-0.34,-0.44,-0.1
61169200,OTHER GLOVES ETC OF COTTON,61,2.74,2.8,0.38,0.44,2.36,2.36,-0.0
52113240,TROUSERS OR PANT FABRCS                   (EXCL JEANS/CREPS ),52,0.07,0.2,0.79,0.44,-0.72,-0.24,0.48
55070020,VISCOSE TOPS,55,0.07,0.09,0.41,0.44,-0.34,-0.35,-0.01
54083300,OTHR ARTIFICIAL WOVEN FABRICS OF YARN     OF DIFFERENT COLOURS,54,0.35,0.4,0.39,0.43,-0.04,-0.03,0.01
53050040,C0IR PITH,53,312.42,509.93,0.16,0.43,312.26,509.5,197.24
58030099,GAUZE OF OTHR FIBER,58,0.18,0.89,0.71,0.43,-0.53,0.46,0.99
29051420,SALBUTAMOL SULPHATE,29,12.9,12.03,0.26,0.43,12.64,11.6,-1.04
29233000,TETRAETHYLAMMONIUM PERFLUOROOCTANE SULPHONATE,29,0.0,0.0,0.38,0.43,-0.38,-0.43,-0.05
39081061,FLAKE (CHIP),39,0,0,0.9,0.43,-0.9,-0.43,0.47
63012000,"BLANKETS(OTHER THAN ELECTRIC BLANKETS)AND   TRVLNG RUGS,OF WOOL OR OF FINE ANIMAL HAIR",63,8.65,8.01,0.48,0.42,8.17,7.59,-0.58
51031010,NOILS OF WOOL,51,2.08,3.25,0.17,0.42,1.91,2.83,0.92
59029090,OTHERS-OF-TYRE CORD FABRICS OF VISCOSE RAYON,59,10.02,6.82,0.35,0.42,9.67,6.4,-3.27
58022000,TERRY TOWELLING AND SIMILAR WOVEN TERRY     FABRICS OF OTHER TEXTILE MATERIALS,58,5.35,7.34,0.13,0.42,5.22,6.92,1.7
29091920,METHYL TERTIARY BUTYL ETHER (MTBE),29,70.76,39.69,3.03,0.42,67.73,39.27,-28.46
29093020,DIPHENYL OXIDE,29,10.52,7.61,0.17,0.42,10.35,7.19,-3.16
61089210,NEGLIGES ETC OF SYNTHETIC FIBRES,61,1.0,0.49,0.29,0.42,0.71,0.07,-0.64
57039020,CARPETS AND FLOOR COVERINGS OF COIR,57,21.78,31.83,0.0,0.42,21.78,31.41,9.63
52054490,OTHERS-OF-MLTPL(FLDED)/CBLD YRN OF CMBD FBRSMEASURNG PER SNGL YRN<192.31 BUT>=125 DCTX(>52 BUT <=80 MTRC NO PER SNGL Y,52,15.19,12.88,0.16,0.42,15.03,12.46,-2.57
29142930,PENTYL-2-CYCLOPENTEN-1-ONE,29,0.0,0.01,0.0,0.42,0.0,-0.41,-0.41
61124920,WOMEN SWIMMEAR OF ARTIFICIAL FIBRES,61,0.0,0.0,0.34,0.42,-0.34,-0.42,-0.08
29163950,ESTERS OF AROMATIC MONOACIDS NES,29,4.38,5.59,0.23,0.42,4.15,5.17,1.02
59080010,WICKS AND GAS MANTLE FABRICS ETC.OF COTTON,59,0.57,0.82,0.48,0.41,0.09,0.41,0.32
62111200,SWIMWEAR FOR WOMENS OR GIRLS,62,4.75,3.35,0.23,0.41,4.52,2.94,-1.58
62171020,ACCSSRS FR ARTCLS OF APPRL OF SYNTHTC FBRS,62,4.4,6.08,0.37,0.41,4.03,5.67,1.64
52092990,OTHERS-OF-OTHER FABRICS :,52,2.25,2.99,0.13,0.41,2.12,2.58,0.46
29396190,OTHER ERGOMETRINE SALTS,29,0.0,0.0,0.12,0.41,-0.12,-0.41,-0.29
58081010,"BRAIDS IN THE PIECE,OF COTTON",58,0.81,1.25,0.26,0.41,0.55,0.84,0.29
29331920,1(2:5 DCHLR-4-SLPHPHNYL)-3-MTHYL-5-PYRAZLN,29,1.04,7.21,0.17,0.41,0.87,6.8,5.93
62023010,"OVERCOATS,RAIN COATS, CAR COATS, CAPES, CLOAKS AND  SMLR ARTCLS",62,0.88,0.68,0.55,0.41,0.33,0.27,-0.06
57031090,OTHERS-OF-OF WOOL OR FINE ANIMAL HAIR:,57,6.1,8.23,0.34,0.41,5.76,7.82,2.06
29091100,DIETHYL ETHER,29,7.46,7.38,0.54,0.41,6.92,6.97,0.05
61079190,OTHR COTTON ARTICLES,61,18.44,19.96,0.48,0.4,17.96,19.56,1.6
29420013,NIFEDIPINE,29,1.85,3.08,0.01,0.4,1.84,2.68,0.84
29181700,"2, 2-DIPHENYL-2-HYDROXYACETIC ACID (BENZILIC ACID)",29,0.0,0.0,0.21,0.4,-0.21,-0.4,-0.19
58090090,OTHERS-OF-WVN FBRCS OF MTL THRD AND MTLSD YARN OF HDG 5605 OF A KND USED IN APPAREL AS FRNSHNGFBRCS/FOR SMLR PURPOSES N.E.S./I,58,0.68,0.81,0.58,0.4,0.1,0.41,0.31
62159090,"TIES,BOW TIES AND CRAVATS OF OTHR TXTL FIBRS",62,0.39,0.67,0.43,0.4,-0.04,0.27,0.31
29182930,PROPYL GALLATE,29,1.42,1.44,0.61,0.39,0.81,1.05,0.24
55063000,"STAPLE FIBRES OF ACRYLC/MODACRYLC,CRD/CMBD",55,1.62,1.61,0.01,0.39,1.61,1.22,-0.39
53092120,BLECHD WOVN FABRICS CONTNG FLAX <85%,53,0.52,0.63,1.46,0.39,-0.94,0.24,1.18
29349200,OTHER FENTANYLS AND THEIT DERIVATIVES,29,0.26,0.54,0.54,0.39,-0.28,0.15,0.43
52010023,"Cotton, other than Indian, of staple length exceeding 24.5 mm but not exceeding 27.0 mm",52,0.0,0.0,0.72,0.39,-0.72,-0.39,0.33
52103290,OTHERS-OF-DYED 3/4-THRED TWILL INCLUDNG CROSS TWILL MIXD COTN FABRICS WEGHNG<=200 GSM,52,11.95,8.62,1.5,0.38,10.45,8.24,-2.21
55162300,"WVN FABRCS CNTNG <85% BY WT OF ARTFCL     STPL FBRS,MXD MAINLY/SOLELY WITH          MAN-MADE FLAMENTS,OF YRN OF DIFFRNT",55,0.39,0.5,0.35,0.38,0.04,0.12,0.08
62061010,"WOMEN/GRLS BLOUSES,SHRTS AND SHRT-BLOUSES   OF SILK",62,3.69,3.63,0.55,0.38,3.14,3.25,0.11
50040010,MULBERRY DUPION SILK YARN,50,0.94,0.93,0.55,0.38,0.39,0.55,0.16
56075030,VISCOSE TYRE CORD,56,0.0,0.05,0.17,0.38,-0.17,-0.33,-0.16
62102030,"OUTER GARMENTS,MENS AND BOYS OF TEXTILE   FABRICS,OTHERWISE IMPREGNATED OR COATED",62,1.99,3.79,0.1,0.38,1.89,3.41,1.52
62089210,DRESSING GOWNS AND BATHROBES,62,15.4,13.68,0.22,0.38,15.18,13.3,-1.88
55164120,"WVN FBRC CNTNG<85% BY WT OF ARTFCL STPL   FBRS MXD WTH COTTON, BLCHD",55,0.15,0.05,2.39,0.38,-2.24,-0.33,1.91
29420034,FAMOTIDINE,29,14.22,13.84,0.21,0.38,14.01,13.46,-0.55
29152920,MAGNESIUM ACETATE,29,0.44,0.47,0.1,0.38,0.34,0.09,-0.25
61089990,NEGLIGES ETC OF OTHER FIBRES,61,3.93,2.94,0.16,0.38,3.77,2.56,-1.21
29420021,TIMOLOL MALEATE,29,4.91,4.64,0.31,0.37,4.6,4.27,-0.33
29039130,P - DICHLOROBENZENE (PARADICHLOROBENZENE),29,57.97,43.53,0.61,0.37,57.36,43.16,-14.2
55164400,"WVN FBRCS CNTNG<85% BY WT OF ARTFCL STPL  FBRS,MXD MAINLY/SOLELY WTH COTTON,PRINTED",55,0.17,0.24,0.28,0.37,-0.11,-0.13,-0.02
54082300,WOVN FABRICS OF YARNS OF DIFRNT COLORS    CNTNG>=85% OF ARTIFICL FILMNTS/STRP/LIKE,54,0.05,0.04,0.33,0.37,-0.28,-0.33,-0.05
62061090,"WOMEN/GRLS BLOUSES,SHRTS AND SHRT-BLOUSES   OF OTHR FIBRES",62,4.54,4.11,0.31,0.37,4.23,3.74,-0.49
29163940,SODIUM COMPOUNDS OF AROMATIC MONOACIDS,29,0.22,0.3,0.36,0.37,-0.14,-0.07,0.07
52052390,OTHERS-OF-SNGL YRN OF CMBD FBRS MEASURNG< 232.56BUT >=192.31 DCTX(>43 BUT <=52 MTRC NO),52,23.36,19.28,0.69,0.37,22.67,18.91,-3.76
29124940,"3,4,5-TRIMETHOXY-BENZALDEHYEDE",29,2.94,2.0,0.4,0.37,2.54,1.63,-0.91
57022010,"COIR MATTING,WOVEN,POWERLOOM",57,3.73,4.88,0.02,0.36,3.71,4.52,0.81
59070011,TXTL FBRCS COVRD WTH TXTL FLOCKS ON THE   BASE FABRICS OF COTTON,59,0.1,0.08,0.11,0.36,-0.01,-0.28,-0.27
29062910,CHINNAMIC ALCOHOL,29,1.52,1.15,0.53,0.36,0.99,0.79,-0.2
39161020,CANES OF POLYMERS OF ETHYLENE,39,0.01,0.01,0.05,0.36,-0.04,-0.35,-0.31
39219095,"OTHR PLTS,SHTS,FILM FOIL,STRIP ETC NES    RIGID, LAMINATED",39,1.1,1.1,0.31,0.36,0.79,0.74,-0.05
52111900,"OTHER MXD COTN FABRICS,UNBLEACHED         WEIGHINGMORE THAN 200 GM PER SQM",52,0.09,0.28,0.14,0.36,-0.05,-0.08,-0.03
61045920,SKRTS AND DIVIDED SKRTS OF ARTIFICIAL FIBRES,61,0.69,0.2,0.39,0.36,0.3,-0.16,-0.46
29173940,DIMETHYL PHTHALATE,29,11.25,11.59,0.25,0.36,11.0,11.23,0.23
29221710,METHYLDIETHANOLAMINE,29,36.62,25.0,0.35,0.36,36.27,24.64,-11.63
61029090,"OVRCOATS,CAR-COATS,CAPES ETC OF OTHR FBRS",61,2.31,2.5,0.79,0.36,1.52,2.14,0.62
61051010,"COTTON SHIRTS,HAND CROCHETED",61,40.37,46.84,0.61,0.36,39.76,46.48,6.72
61043200,JACKETS OF COTTON,61,9.29,10.84,0.8,0.36,8.49,10.48,1.99
52104910,ZARI BORDERED SAREE,52,0.03,0.0,0.0,0.35,0.03,-0.35,-0.38
29161510,OLEIC ACID,29,0.02,0.02,0.54,0.35,-0.52,-0.33,0.19
58012790,OTHER WARP PILE FABRICS,58,2.66,2.75,0.68,0.35,1.98,2.4,0.42
53110014,PRINTED WOVN FBRCS OF OTHR VEG TEXTL,53,0.02,0.01,0.45,0.35,-0.43,-0.34,0.09
59113230,CTN FBRCS AND ARTCLS USD IN MACHINERY/PLANT,59,0.0,0.0,0.29,0.35,-0.29,-0.35,-0.06
61072210,NIGHTSHIRTS AND PYJAMAS OF SYN FIBRES,61,15.22,10.19,0.42,0.35,14.8,9.84,-4.96
60061000,OTHR KNITED OR CROCHETD FBRCS OF WOOL OR  FINE ANIML HAIR,60,0.12,0.22,0.39,0.35,-0.27,-0.13,0.14
52105190,"OTHERS-OF-MIXED COTTON FABRICS WEIGHING NOT MORETHAN 200 GSM PRINTED, PLAIN WEAVE",52,1.86,4.15,0.55,0.35,1.31,3.8,2.49
63051080,JUTE SOIL SAVERS,63,0.64,0.44,0.32,0.35,0.32,0.09,-0.23
29214512,PHENYL ALPHA NAPHTHYLAMINE,29,1.35,1.61,0.37,0.35,0.98,1.26,0.28
29214370,2-CHLORO-4-TOLUIDN-5-SLPHNC ACID(SOD SLT),29,0.0,0.02,0.0,0.35,0.0,-0.33,-0.33
39173220,TUBES PIPES AND HOSES OF ADDITION           POLYMERISATION PRODUCTS,39,0.01,0.14,0.33,0.35,-0.32,-0.21,0.11
62043310,JACKETS OF SYNTHETIC FIBRES-EMBROIDERED WITH LUCKNOW CHIKAN CRAFT,62,0.15,0.27,0.0,0.34,0.15,-0.07,-0.22
54075111,UNBLECHD POLYESTER SHIRTING,54,0.2,0.35,0.13,0.34,0.07,0.01,-0.06
29049100,TRICHLORONITROMETHANE (CHLOROPICRIN),29,0.0,0.0,0.18,0.34,-0.18,-0.34,-0.16
63024090,"TBLE LINN OF ALL OTHR FBRS,KNITD/CROCHTD",63,9.68,11.96,0.01,0.34,9.67,11.62,1.95
51021910,MARINE ANGORA,51,0.0,0.0,0.06,0.34,-0.06,-0.34,-0.28
51021990,OTHERS-OF-FINE ANML HAIR OF OTHER ANIMALS,51,0.0,0.0,0.67,0.34,-0.67,-0.34,0.33
61032300,ENSEMBLES OF SYNTHETIC FIBRES,61,10.96,18.7,0.36,0.34,10.6,18.36,7.76
54026300,OTHER YARN OF POLYPROPYLENE MULTPL OR CABLD,54,0.45,0.69,0.32,0.34,0.13,0.35,0.22
59041000,LINOLEUMS,59,0.0,0.0,0.55,0.33,-0.55,-0.33,0.22
55142100,"WOVEN FABRICS OF POLYESTR STAPLE FIBRES,  PLAIN WEAVE,DYED",55,1.84,2.03,1.0,0.33,0.84,1.7,0.86
29335920,TRIMETHOPRIM,29,13.7,13.93,0.25,0.33,13.45,13.6,0.15
29214600,AMFETAMINE BENZFETAMINE ETC THR SALTS,29,36.72,56.77,0.44,0.33,36.28,56.44,20.16
62144090,"SHWLS SCRVS,MUFFLRS ETC OF ARTIFICIAL FBRS - OTHER",62,5.92,5.07,0.12,0.33,5.8,4.74,-1.06
52111190,OTHERS-OF-UNBLEACHED PLAIN WEAVE MXD COTN FABRICS WEIGHING MORE THN 200 GM PER SQM,52,2.1,2.17,0.19,0.33,1.91,1.84,-0.07
62022010,"OVERCOATS,RAINCOATS,CARCOATS,CAPES,CLOAKS AND SMLR ARTCLS OF WOOL/FINE ANIMAL HAIR",62,0.61,0.26,0.63,0.33,-0.02,-0.07,-0.05
29054210,DIPENTA ERYTHRITOL,29,2.96,5.75,0.04,0.33,2.92,5.42,2.5
59100010,COTTON CANVAS PLY BELTING,59,0.35,0.3,0.32,0.33,0.03,-0.03,-0.06
29332910,TINIDAZOLE,29,3.63,3.92,0.34,0.33,3.29,3.59,0.3
57029210,"CARPETS,CARPETING AND RUGS",57,35.86,38.97,0.24,0.33,35.62,38.64,3.02
29039960,"NAPHTHALENE,CHLORINATED",29,0.05,0.06,0.14,0.33,-0.09,-0.27,-0.18
62113200,OTHR GRMNTS OF CTN FOR MENS OR BOYS,62,44.08,51.71,0.39,0.33,43.69,51.38,7.69
61171020,"SHWL, SCRV, MUFLR ETC OF WOOL",61,0.32,0.5,0.31,0.32,0.01,0.18,0.17
62114929,OTHERS-OF-OTHER GARMENTS OF OTHER TEXTILE MATERIALS,62,5.31,3.55,0.36,0.32,4.95,3.23,-1.72
52062400,SNGL YRN OF CMBD FBRS MEASURNG <192.31    BUT>=125 DCTX (>52 BUT <=80 MTRC NO),52,46.06,40.11,0.07,0.32,45.99,39.79,-6.2
56022910,FELT OF OTHR TXTL MATRLS FOR MACHINES OTHR THAN COTTON MACHIRY,56,0.0,0.01,0.24,0.32,-0.24,-0.31,-0.07
52092290,OTHERS-OF-BLECHD 3/4 THREAD TWILL INCL CROSS TWILLCOTTON FABRICS WEING MORE THN 200 GM PER SQM,52,10.3,7.24,0.39,0.32,9.91,6.92,-2.99
60012900,LOOPED PILE FABRICS OF OTHR TXTL MATERIALS,60,0.13,0.17,0.3,0.32,-0.17,-0.15,0.02
62152000,"TIES,BOW TIES AND CRAVATS OF MAN-MADE FIBRES",62,0.45,1.09,0.15,0.32,0.3,0.77,0.47
52051190,OTHERS-OF-SNGL YRN OF UNCMBD FBRS MEASURNG 714.29 DCTX/MORE(NT EXCDNG 14 MTRC NO),52,1.66,1.51,0.24,0.31,1.42,1.2,-0.22
60033000,FBRCS OF SYNTHETIC FIBRES,60,0.16,0.12,0.49,0.31,-0.33,-0.19,0.14
62029010,"OVERCOATS,RAINCOATS,CARCOATS,CAPES CLOAKS AND SMLR ARTCLS",62,0.51,0.28,0.19,0.31,0.32,-0.03,-0.35
39081069,"OTHER PRIMARY FORM POLYAMIDE -6, 12 (NYLON-6, 12):",39,0.42,0.76,1.58,0.31,-1.16,0.45,1.61
29153991,METHYL CYCLOHEXYL ACETATE,29,6.89,4.82,0.0,0.31,6.89,4.51,-2.38
39161010,RODS OF POLYETHYLENE,39,0.5,0.22,0.42,0.31,0.08,-0.09,-0.17
59113110,FELT FOR COTTON TXTL INDUSTRIES(WOVEN),59,0.13,0.02,0.13,0.31,0.0,-0.29,-0.29
61099040,"T-SHIRTS,SNGLTS AND OTHR VSTS,OF WOOL/FINE  ANML HAIR,NT ELSTC NOR RUBBRZD",61,0.05,0.32,0.11,0.31,-0.06,0.01,0.07
29215140,O-DIAMINOTOLUENE,29,0.13,0.8,0.6,0.31,-0.47,0.49,0.96
54033990,"OTHERS-OF-OTHER YARN,SINGLE",54,0.01,0.01,0.26,0.31,-0.25,-0.3,-0.05
52103110,SHIRTING FABRICS,52,12.24,10.51,0.81,0.3,11.43,10.21,-1.22
62114219,KURTA AND SALWAR WTH/WTHOUT DUPTA OF COTN - OTHER,62,62.54,55.05,0.29,0.3,62.25,54.75,-7.5
63051030,JUTE HESSIAN BAGS,63,30.29,37.46,0.18,0.3,30.11,37.16,7.05
61082990,BRIEFS AND PANITIES OF OTHER FIBRES,61,31.99,35.55,0.34,0.3,31.65,35.25,3.6
54075121,BLECHD POLYESTER SHIRTING,54,0.03,0.16,0.02,0.3,0.01,-0.14,-0.15
51062090,OTHERS-OF-YARN OF CRDED WOOL CONTNG<85% WOOL BY WTNT PUT UP FOR RETAIL SALE,51,2.61,3.6,0.26,0.3,2.35,3.3,0.95
56075020,NYLON TYRE CORD,56,0.01,0.01,0.8,0.3,-0.79,-0.29,0.5
29342010,METHABENZTHIAZURON,29,0.0,0.07,0.0,0.3,0.0,-0.23,-0.23
39206921,"SUN/DUST CONTROL FILM OF OTHR POLYESTERS  RIGID, PLAIN",39,0.04,0.0,0.0,0.3,0.04,-0.3,-0.34
55129110,"WOVN SYN STRL FBRC,UNBLCHD CNTNG OTHR SYN FBRCS>=85%",55,0.08,0.15,2.13,0.3,-2.05,-0.15,1.9
62012010,"OVERCOATS,RAINCOATS,CARCOATS,CAPES,CLOAKS AND SMLR ARTCLS",62,1.0,0.9,0.27,0.3,0.73,0.6,-0.13
52121500,OTHR PRNTD WOVEN FBRCS WGHNG <=200 G/M2,52,4.56,2.66,0.64,0.3,3.92,2.36,-1.56
29392020,QUININE HYDROCHLORIDE,29,2.64,3.9,0.0,0.3,2.64,3.6,0.96
51121920,BLEACHED WOVN FBRCS CONTNG>=85%BY WT OF   COMB WOOL/FINE ANML OF WT EXCDING 200 G/M2,51,0.13,0.16,0.08,0.3,0.05,-0.14,-0.19
57050041,"KNITTED CARPETS, CARPETING, RUGS, MATS AND  MATTINGS",57,39.15,25.44,0.09,0.29,39.06,25.15,-13.91
57033939,"OTHERS-OF-OTHERS-OF-CARPETS AND OTHER TEXTILE FLOOR COVERINGS(INCLUDING TURF), TUFTED, WHETHER OR NOT MADE UP",57,0.05,0.07,0.05,0.29,0.0,-0.22,-0.22
57023290,"OTHERS-OF-CRPTS AND TXTL FLR CVRNGS,WVN,OF MANMADETXTL MATRLS,OF PILE CNSTRCTN,NOT MADE UP",57,2.68,2.74,0.24,0.29,2.44,2.45,0.01
52092190,"OTHERS-OF-BLEACHED COTON FABRICS,PLAIN WEAVEWEIGHING MORE THN 200 GM PER SQM",52,1.79,1.72,0.35,0.29,1.44,1.43,-0.01
52113910,ZARI BORDERED SAREE,52,0,0,0.58,0.29,-0.58,-0.29,0.29
54071014,UNBLECHD UMBRELLA CLOTH PANEL FBRCS,54,0.0,0.01,0.0,0.29,0.0,-0.28,-0.28
52052490,OTHERS-OF-SNGL YRN OF CMBD FBRS MEASURNG<192.31 BUT >=125 DCTX(>52 BUT <=80 MTRC NO),52,11.05,10.3,0.6,0.28,10.45,10.02,-0.43
59119039,KNTD/WOVEN GEO-TECHNICL TXTL-OTHERS,59,2.09,0.67,0.75,0.28,1.34,0.39,-0.95
52091290,OTHERS-OF-UNBLCHD 3/4 THRED TWILL INCL CROSS TWILLCOTTON FABRICS WEIGING MORE THAN200 GM PER SQM,52,65.47,52.23,0.22,0.28,65.25,51.95,-13.3
55151140,"FBRC OF POLSTR,MXD WTH VISCOS RYON,PRINTD",55,18.82,21.55,0.07,0.28,18.75,21.27,2.52
29091910,TERTIARY AMYL METHYL ETHER,29,211.41,187.55,0.03,0.28,211.38,187.27,-24.11
52064500,MULTPL(FLDED)/CBLD YRN OF CMBD FBRS       MEASURNG PER SNGL YRN LESS THN 125 DCTX   (EXCDNG 80 MTRC NO PER SNGL YRN),52,0.5,0.25,0.5,0.28,0.0,-0.03,-0.03
51129010,UNBLEACHED OTHR WOVN FBRCS OF COMD WOOL OR COMD FINE ANML HAIR,51,0.0,0.01,0.1,0.28,-0.1,-0.27,-0.17
29333917,Chlorantraniliprole (ISO),29,0.19,0.13,0.0,0.28,0.19,-0.15,-0.34
57025039,"OTHR TXTL FLR CVRNGS OF OTHR TXTL MATRLS, NT OF PILE CONSTRCTN",57,2.38,2.94,0.26,0.28,2.12,2.66,0.54
29379011,EPINETHRINE,29,0.01,0.0,0.0,0.28,0.01,-0.28,-0.29
55141920,"WVN FBRC OF OTHR POLSTR STPL, BLCHD",55,0.03,0.0,0.12,0.28,-0.09,-0.28,-0.19
39209911,"PLATES SHEETS FILMS FOIL AND STRIP OF POLY  (VINYL ACETATE) RIGID, PLAIN",39,0.12,0.12,0.13,0.28,-0.01,-0.16,-0.15
62082910,NIGHTDRESSES AND PYJAMAS OF SILK,62,0.53,0.23,0.05,0.28,0.48,-0.05,-0.53
54034914,"CUPRAMMONIUM FLAMNT YARN, 83 DECITEX",54,0,0,0.33,0.28,-0.33,-0.28,0.05
62103030,"OUTR GRMNTS,WOMENS AND GIRLS OF TEXTILE FABRICS,OTHERWISE IMPREGNATED",62,0.1,0.1,0.19,0.28,-0.09,-0.18,-0.09
29222932,2:5 DIMETHOXY ANILINE,29,0.39,0.12,1.65,0.28,-1.26,-0.16,1.1
58110010,"KANTHA(MULTI LAYER STITCHED TEXTILE FBRCS IN PIECE USD FOR BDNG,MTRS PADS/CLTHNG ETC",58,0.57,0.45,0.37,0.28,0.2,0.17,-0.03
62031990,SUITS OF OTHR TXTL MATERIALS,62,39.86,29.58,0.36,0.27,39.5,29.31,-10.19
59029010,TYRE CORD FBRC OF VISCOSE RAYON IMPREGNTD WTH RUBR,59,46.85,30.27,0.23,0.27,46.62,30.0,-16.62
51111110,UNBLEACHED WOVN FBRCS,51,0.01,0.01,0.32,0.27,-0.31,-0.26,0.05
59100060,FIBRE BELT CONVEYOR,59,0.01,0.06,0.09,0.27,-0.08,-0.21,-0.13
54077400,"WOVEN FABRICS CNTNG 85% OR MORE BY        WT OF OTHR SYNTHETIC FILAMENTS, PRINTED",54,20.89,21.76,2.29,0.27,18.6,21.49,2.89
63021010,"BED LINEN,KNTED/CRCHTD OF COTTON",63,19.83,17.8,0.09,0.27,19.74,17.53,-2.21
29122910,CINNAMIC ALDEHYDE,29,12.85,9.42,0.46,0.27,12.39,9.15,-3.24
56075010,NYLON FISH NET TWINE,56,2.64,2.57,0.43,0.27,2.21,2.3,0.09
61034100,"TROUSERS,SHORTS ETC OF WOOL/FINE ANML HAIR",61,0.48,0.86,0.03,0.27,0.45,0.59,0.14
50050022,YRN SPN FRM NOIL SLK CONTNG <85% BY WT OF SILK,50,0.08,0.36,0.1,0.27,-0.02,0.09,0.11
29181120,CALCIUM LACTATE,29,0.19,0.14,0.37,0.27,-0.18,-0.13,0.05
39051910,POLYVINYL ACETATE(PVA) MOULING MATERIAL,39,0.01,0.02,0.02,0.26,-0.01,-0.24,-0.23
52112099,OTHERS-OF-BLEACHED :,52,3.2,2.27,0.23,0.26,2.97,2.01,-0.96
29051610,DIMETHYL OCTANOL,29,0.05,0.03,0.22,0.26,-0.17,-0.23,-0.06
55133100,"WOVN FABRICS OF YARNS OF DIFFERENT        COLOURSOF POLYESTER STAPLE FIBRES,PLAIN   WEAVE",55,0.68,0.19,0.91,0.26,-0.23,-0.07,0.16
29122920,PHENYL ACETALDEHYDE,29,0.01,0.2,0.13,0.26,-0.12,-0.06,0.06
53110029,OTHER WOVN FBRCS OF PAPER YARN,53,0.2,0.09,0.14,0.26,0.06,-0.17,-0.23
57029290,"OTHR TXTL FLR CVRNGS OF MAN-MADE TXTL, NT PILE CONSTRTN",57,12.25,10.0,0.28,0.25,11.97,9.75,-2.22
61041300,SUITS OF SYNTHETIC FIBRES,61,0.97,0.58,0.97,0.25,0.0,0.33,0.33
56039310,"OTHER FILMNT WGHNG BETWN 70G/SQM AND 150G/SQM - MULCH MATS, CONFORMING TO IS 17355",56,1.11,1.05,0.25,0.25,0.86,0.8,-0.06
29214223,DIMETHYL ANILINE,29,1.59,1.09,0.48,0.25,1.11,0.84,-0.27
62139090,"OTHERS-OF-Handkerchiefs, of other textile materials :",62,0.58,0.7,0.54,0.25,0.04,0.45,0.41
29215150,M-DIAMINOTOLUENE,29,0.05,0.08,0.78,0.25,-0.73,-0.17,0.56
39209292,"OTHER POLYAMIDES FLEXIBLE, PLAIN",39,0.0,0.1,0.28,0.24,-0.28,-0.14,0.14
39207319,SHTS OF CELLULOS ACETATE NON-PLASTICIS NES,39,0.0,0.01,0.12,0.24,-0.12,-0.23,-0.11
52010021,"Cotton, other than Indian, of staple length not exceeding 20.0 mm",52,0.02,0.03,2.84,0.24,-2.82,-0.21,2.61
55011900,OTHER(OF NYLON OR OTHER POLYAMIDES:),55,0.0,0.0,0.11,0.24,-0.11,-0.24,-0.13
60012100,LOOPED PILE FABRICS OF COTTON,60,5.89,7.89,0.45,0.24,5.44,7.65,2.21
57050019,CARPETS OTHR THAN SILK,57,1.88,1.85,0.29,0.24,1.59,1.61,0.02
39207911,"SHEETS OF CELLULOSE NITRATE AND CELLULOID W/N PLASTICISED OF OTHER CELLULOS         DERIVATVRIGID, PLAIN",39,0.0,0.0,0.31,0.24,-0.31,-0.24,0.07
61169100,"OTHER GLOVES,MITTENS AND MITTS OF WOOL    OR FINE ANIMAL HAIR",61,0.34,0.25,0.18,0.24,0.16,0.01,-0.15
29039930,BENZOTRICHLORIDE,29,0.0,0.0,0.64,0.24,-0.64,-0.24,0.4
29061910,BERNEOL,29,0.78,0.98,0.32,0.24,0.46,0.74,0.28
62102010,"OUTER GARMENTS,MENS AND BOYS  OF  RUBBERISED TEXTILE FABRICS",62,2.41,0.01,0.02,0.23,2.39,-0.22,-2.61
52083129,OTHERS-OF-COTN FABRICS CONTNG >=85%BY WT OF COTNDYED PLAIN WEAVE WEIGNG<=100 G/M2,52,2.45,2.99,0.09,0.23,2.36,2.76,0.4
52051290,OTHERS-OF-SNGL YRN OF UNCMBD FBRS MEASURING<714.29BUT >= 232.56 DCTX(> 14 BUT <=43 MTRC NO),52,2.12,4.4,0.4,0.23,1.72,4.17,2.45
50060019,OTHER SLK YRN,50,0.03,0.03,0.0,0.23,0.03,-0.2,-0.23
29147100,CHLORDECONE (ISO),29,0.04,0.01,0.01,0.23,0.03,-0.22,-0.25
39172920,SMLESS TBE OF PLYMRS AND CPLYMRS OF PLYSTRNE,39,0.07,0.12,0.19,0.23,-0.12,-0.11,0.01
61159910,OTHR HOSIERY OF ARTIFICIAL FIBRES,61,0.05,0.13,0.04,0.23,0.01,-0.1,-0.11
62046110,"TRSRS,SLCKS AND SHRTS OF WOOL/FNE ANIML HAIR",62,2.54,2.17,0.15,0.23,2.39,1.94,-0.45
52082210,DHOTI,52,1.42,1.28,0.68,0.23,0.74,1.05,0.31
62044220,DRESSES OF COTTON,62,44.98,32.25,0.11,0.23,44.87,32.02,-12.85
52101190,OTHERS-OF-UNBLEACHED PLAIN WEAVE MXD COTTON FABRICS WEGHING<= 200 G/SM,52,5.49,4.16,0.17,0.23,5.32,3.93,-1.39
39169028,ACRYLICMETHACRYLIC ANDACRYLOMETHACRYLIC POLY,39,15.63,12.86,0.17,0.23,15.46,12.63,-2.83
54031090,"OTHR VISCOS RAYN FILAMNT YARN,OTHR DENIERS",54,10.75,4.23,0.08,0.23,10.67,4.0,-6.67
62141020,"SCRVS OF SLK MSRNG 60 CM/LESS,HND PRINTED",62,9.33,10.87,0.25,0.23,9.08,10.64,1.56
60053710,"OTHER, DYED - Shade Nets, conforming to IS 16008",60,1.3,1.25,0.58,0.23,0.72,1.02,0.3
54077110,UNBLECHD WVN FBRC CNTNS OTHR SYN FILAMNT  >=85%,54,0.02,0.08,0.31,0.23,-0.29,-0.15,0.14
52093230,DRILL,52,0.68,0.22,0.06,0.22,0.62,0.0,-0.62
55143019,"WOVEN FABRICS OF OTHR SYNTHETIC STAPLE    FIBRS,YARN OF DIFFRNT COLOURS",55,0.62,0.75,0.45,0.22,0.17,0.53,0.36
56031110,"MAN-MADE FILMNT WGHNG<25G/SQM-CROP COVERS, CONFIRMING TO IS 16718",56,0.6,0.93,0.15,0.22,0.45,0.71,0.26
29153980,PARA TERTIARY BUTYL CYCLOHEXYL ACETATE,29,15.17,12.9,0.4,0.22,14.77,12.68,-2.09
29173910,DIBUTYL PHTHALATE,29,8.17,6.61,0.18,0.22,7.99,6.39,-1.6
54071095,OTHR NYLON/POLYAMIDE FBRCS(FILAMENT),54,2.65,5.13,0.07,0.22,2.58,4.91,2.33
39205191,"OTHR PLATES,SHEETS OF PLYMTHYL            METHACRYLTERIGID, PLAIN",39,0.0,0.0,0.01,0.22,-0.01,-0.22,-0.21
29211919,"OTHERS-OF-OTHER : N,N-DIALKYL (METHYL, ETHYL, N-PROPYL OR ISOPROPYL) --2-CHLOROETHYLAMINES AND THEIR PROTONATED SALTS :",29,0.0,1.46,0.0,0.22,0.0,1.24,1.24
51072090,OTHER WOOLLEN YARN,51,0.55,1.22,0.41,0.22,0.14,1.0,0.86
58013200,CUT CORDUROY OF MAN-MADE FIBRES,58,0.0,0.02,0.27,0.22,-0.27,-0.2,0.07
55134900,"WVN FBRCS OF OTHR SYNTHTC STPL FIBRS,PRNTD",55,1.96,5.37,0.11,0.22,1.85,5.15,3.3
39249020,OTHR HOUSEHOLD AND TOILT ARTCLS OF PLSTCS   INSULATED WARE,39,0.11,0.13,0.11,0.22,0.0,-0.09,-0.09
29214212,ORTHO CHLORO PARANITROANILINE,29,0.23,0.73,0.27,0.22,-0.04,0.51,0.55
52103220,SHIRTING FABRICS,52,0.72,0.52,0.08,0.22,0.64,0.3,-0.34
61031090,SUITS OF WOOL/FINE ANIMAL HAIR,61,10.28,1.17,1.2,0.22,9.08,0.95,-8.13
61042990,ENSEMBLES OF WOOL/FINE ANIMAL HAIR,61,8.19,5.44,0.48,0.21,7.71,5.23,-2.48
39093910,POLY(PHENYLENE OXIDE),39,1.5,0.72,0.75,0.21,0.75,0.51,-0.24
57029990,"OTHR FLR CVRNGS OF OTHR TXTL, NT PILE     CONSTRTN",57,45.75,41.1,0.23,0.21,45.52,40.89,-4.63
39203020,"PLTES SHTS ETC. OF POLYMRS OF STYRENE     FLEXIBLE, PLAIN",39,1.4,1.01,0.28,0.21,1.12,0.8,-0.32
54075420,POLYESTER SHIRTING,54,1.78,1.24,0.25,0.21,1.53,1.03,-0.5
39269071,"PLASTIC OR NYLON TIPPED HAMMER;           INSULATINGLINER OF NYLON, HDPE OF         POLYURETHANE FOAM",39,0.03,0.01,0.18,0.21,-0.15,-0.2,-0.05
59011020,PREPARED PAINTING CANVAS,59,5.0,6.46,0.68,0.21,4.32,6.25,1.93
29142940,CYCLOHEXANE DIONE,29,0.02,0.0,0.69,0.21,-0.67,-0.21,0.46
52083130,SHIRTING FBRCS,52,6.0,6.01,0.27,0.21,5.73,5.8,0.07
62041290,SUITS OF COTTON-OTHERS,62,10.77,16.67,0.12,0.21,10.65,16.46,5.81
51071040,WOOLLEN CARPET YARN,51,0.4,1.46,0.09,0.21,0.31,1.25,0.94
52081210,DHOTI,52,1.74,1.64,0.0,0.21,1.74,1.43,-0.31
52054830,DYED,52,0.55,1.31,0.18,0.21,0.37,1.1,0.73
52084130,SHIRTING FABRICS,52,0.8,1.08,0.3,0.21,0.5,0.87,0.37
52112060,TWILL FABRICS,52,0.12,0.01,0.04,0.21,0.08,-0.2,-0.28
39122029,OTHERS-PLASTICIZED,39,12.61,18.25,0.31,0.21,12.3,18.04,5.74
59019010,TRACING CLOTH OF COTTON,59,0.01,0.0,0.11,0.21,-0.1,-0.21,-0.11
52061100,SNGL YRN OF UNCMBD FBRS MEASURNG 714.29   DCTX/MORE(NT EXCDNG 14 MTRC NO),52,2.56,1.35,0.24,0.2,2.32,1.15,-1.17
52062300,SNGL YRN OF CMBD FBRS MEASURNG <232.56    BUT >= 192.31 DCTX(>43 BUT <=52 MTRC NO),52,51.19,42.5,0.28,0.2,50.91,42.3,-8.61
61034920,"TROUSERS,BIB,SHORTS ETC OF ARTIFICIAL     FIBRES",61,0.96,1.21,0.17,0.2,0.79,1.01,0.22
50072010,"SAREES CONTNG >=85% BY WT OF SLK/SLK WST, OTHER THAN NOIL SLK.",50,9.44,7.07,0.18,0.2,9.26,6.87,-2.39
52064200,MULTPL(FLDED)/CBLD YRN OF CMBD FBRS       MEASURNG PER SNGL YRN<714.29 BUT>=232.56  DCTX (>14 BUT<=43 MTRC NO),52,7.73,7.93,0.02,0.2,7.71,7.73,0.02
29264000,ALPHA-PHENYLACETOACETONITRILE,29,0.0,0.02,0.11,0.2,-0.11,-0.18,-0.07
29161930,POTASSIUM CMPNDS OF UNSATRTDS ACYLC       MONDACDS,29,0.03,0.02,0.37,0.2,-0.34,-0.18,0.16
62103090,OTHR OUTER GRMNTS FOR WOMENS AND GIRLS,62,0.24,1.54,0.29,0.2,-0.05,1.34,1.39
52105990,"OTHERS-OF-OTHER MXD COTN FABRICS,PRINTED WEGHINGNOT MORE THAN 200 GM PER SQM",52,3.87,2.62,0.45,0.2,3.42,2.42,-1.0
55151990,"FBRC OF POLSTR , MXD WTH OTHR FIBRS, OTHR",55,1.07,0.55,0.32,0.2,0.75,0.35,-0.4
29215180,META TOLUYLENE DIAMINE,29,0,0,0.07,0.2,-0.07,-0.2,-0.13
29336960,"AMTRYN,ATRZIN,CARFNTRZN ETHL,CYPROCNZL,DFNOCNZL,FLUSILZL,HXACNZL,HXAZNON,INDZFLM,IODSLFRN MTHL NA,MFNTRIFLUCNZOL ETC.",29,0.0,31.93,0.0,0.2,0.0,31.73,31.73
59070092,OTHR TXTL FBRCS COATED/IMPRGNTD WTH OIL OR OIL PREPARATION,59,0.0,0.0,0.16,0.19,-0.16,-0.19,-0.03
59113120,"WOVEN TXTLS FELT,W/N IMPREGNATED/COATED   OF A KIND COMMONLY USED IN OTHER MACHINES",59,0.01,0.0,0.21,0.19,-0.2,-0.19,0.01
39209941,"SHEET OF POLY(TETRAFLURO-ETHYLENE)(PTFE)  RIGID, PLAIN",39,0.34,0.36,0.12,0.19,0.22,0.17,-0.05
29124991,ALDEHYDE-ALCOHOLS,29,0.07,0.03,0.21,0.19,-0.14,-0.16,-0.02
61043990,JACKETS OF OTHER FIBRES,61,7.88,7.94,0.27,0.19,7.61,7.75,0.14
39206932,OTHR FILM OF OTHR POLYESTER FLEXIBLE PLAIN,39,0.73,0.5,0.28,0.19,0.45,0.31,-0.14
52122400,OTHR WOVN FBRCS OF COTN OF YRNS OF        DIFF COLOURS WGHNG MORE THAN 200 GSM,52,1.05,1.06,0.22,0.19,0.83,0.87,0.04
52054610,GREY,52,7.28,6.24,0.11,0.19,7.17,6.05,-1.12
52121100,OTHR UNBLCHED WOVEN FABRICS OF COTTON     WEIGHING NOT MORE THAN 200 G/M2,52,0.87,0.79,0.4,0.19,0.47,0.6,0.13
29109010,EPOXYCONAZOLE,29,0.0,0.06,0.0,0.19,0.0,-0.13,-0.13
55152930,"FBRC OF ACRYLC/MODACRYLCMXD WTH OTHR      FIBRES, DYED",55,0.67,0.34,0.36,0.19,0.31,0.15,-0.16
62044120,BLAZERS OF WOOL AND FINE ANIMAL HAIR,62,0.14,0.12,0.0,0.19,0.14,-0.07,-0.21
63051010,JUTE BAGGING FOR RAW COTTON,63,0.34,0.46,0.03,0.19,0.31,0.27,-0.04
52041190,OTHERS-OF-SWNG THREAD CNTNG 85% OR MORE BY WEIGHT OFCOTTON NOT PUT UP FOR RETAIL SALE,52,0.8,0.65,0.12,0.19,0.68,0.46,-0.22
57019090,CRPTS AND FLR CVRNGS KNOTTD OTHR THAN COTTON,57,13.12,20.71,0.28,0.19,12.84,20.52,7.68
29420014,RANITIDINE,29,9.75,8.0,0.11,0.19,9.64,7.81,-1.83
62045919,SKRTS AND DVDED SKRTS OF SILK - OTHER,62,2.44,2.15,0.29,0.19,2.15,1.96,-0.19
29181930,RICINOLEIC ACID,29,12.49,17.27,0.19,0.18,12.3,17.09,4.79
39209912,"PLATES SHEETS FILMS FOIL AND STRIP OF POLY  (VINYL ACETATE) FLEXIBLE, PLAIN",39,0.19,0.0,0.77,0.18,-0.58,-0.18,0.4
54077120,BLECHD WVN FBRC CNTNS OTHR SYN FILAMNT    >=85%,54,0.02,0.03,0.02,0.18,0.0,-0.15,-0.15
51112090,"OTHER WOVEN FABRICS,OTHERS",51,0.09,0.17,0.13,0.18,-0.04,-0.01,0.03
61033100,JACKETS AND BLAZERS OF WOOL/FINE ANIMAL HAIR,61,0.21,0.57,0.13,0.18,0.08,0.39,0.31
62043919,"JACKETS AND BLAZERS OF SILK , OTHERS",62,2.05,1.61,0.16,0.18,1.89,1.43,-0.46
52094130,SHIRTING FABRICS,52,0.0,0.0,0.3,0.18,-0.3,-0.18,0.12
39209212,"POLY (AMIDE FLURODE) FILM FLEXIBLE, PLAIN",39,0.0,0.0,0.06,0.18,-0.06,-0.18,-0.12
62149099,"SHAWLS,SCARVES,ETC OF OTHR TXTL FIBRES-OTHER",62,58.0,60.37,0.17,0.18,57.83,60.19,2.36
29183010,LEVULINIC ACID,29,0.51,6.93,0.09,0.18,0.42,6.75,6.33
52052790,OTHR,52,81.32,71.45,0.01,0.18,81.31,71.27,-10.04
51091090,"OTHERS-OF-YARN OF WOOL/OF FINE ANML HAIR CONTNG>=85%BY WT OF WOOL,PUT UP FOR RETAIL SALE",51,4.88,5.89,0.04,0.18,4.84,5.71,0.87
29051430,*AMINO BUTANOL,29,0.86,1.14,0.01,0.18,0.85,0.96,0.11
51071020,WORSTED KNITTING YARN,51,1.6,2.15,0.41,0.18,1.19,1.97,0.78
58013100,UNCUT WEFT PILE FBRCS OF MAN-MADE FBRS,58,0.04,0.01,0.16,0.18,-0.12,-0.17,-0.05
61059010,SHIRTS OF SILK,61,0.04,1.6,0.14,0.18,-0.1,1.42,1.52
55144200,"WOVEN FABRICS,3/4-THRD TWLL INCL CROSS    TWLL OF POLYESTR STAPLE FIBRES,PRINTED",55,0.43,0.93,0.1,0.18,0.33,0.75,0.42
54025300,"OTH YARN OF POLYPROPYLENE SINGLE,WITH A     TWIST EXCEEDING 50 TURNS/PER METRE",54,3.66,4.94,0.22,0.17,3.44,4.77,1.33
29171910,MALEIC ACID,29,0.47,1.27,0.17,0.17,0.3,1.1,0.8
57022090,OTHR FLR CVRNGS OF COIR,57,8.08,7.78,0.21,0.17,7.87,7.61,-0.26
29142320,PSEUD0 I0N0NE,29,0.0,0.0,0.8,0.17,-0.8,-0.17,0.63
55151220,"FBRC OF POLSTR,MXD WTH MAN-MADE FILMNT ,  BLCHD",55,0.11,0.1,0.18,0.17,-0.07,-0.07,-0.0
29121910,CROTONALDEHYDE,29,0.76,0.64,0.13,0.17,0.63,0.47,-0.16
63071030,"FLOOR CLOTH AND THE LIKE OF COTTON, HANDLOOM",63,1.2,1.04,0.08,0.17,1.12,0.87,-0.25
51113010,UNBLEACHED OTHR WOVEN FBRCS MIXED         MAINLY/SOLELY WITH MANMADE STAPLE FIBRS,51,0.0,0.08,0.05,0.17,-0.05,-0.09,-0.04
55141110,"WVN FBRC POLSTR STPL , PLAN WEVN, UNBLCHD",55,3.37,2.86,0.23,0.17,3.14,2.69,-0.45
62101010,"GARMENTS,MADE UP OF FABRICS OF HEADING NO.5602 OR 5603 - PERSONAL PROTECTIVE GARMENTS FOR SURGICAL/MEDICAL USE",62,1.36,1.4,0.1,0.17,1.26,1.23,-0.03
53050010,"COIR BRISTLE FIBRE, COIR MATTRESS FIBRE, COIR SHORT FIBRE, COIR BIT FIBRE, DECORTICATED COIR FIBRE",53,62.5,95.21,0.19,0.17,62.31,95.04,32.73
58012720,"WARP PILE FABRICS, CUT",58,0.08,0.06,0.08,0.17,0.0,-0.11,-0.11
29332930,MEBENDAZOLE,29,5.46,6.95,0.12,0.17,5.34,6.78,1.44
55029090,OTHERS-OF-OTHERS-OF-ARTIFICIAL FILAMENT TOW,55,0.0,0.0,0.45,0.17,-0.45,-0.17,0.28
59050010,FIXED ON THE BACKING OF ANY MATERIAL,59,0.06,0.04,0.08,0.17,-0.02,-0.13,-0.11
61043920,JACKETS OF ARTIFICIAL FIBRES,61,0.33,0.33,0.1,0.17,0.23,0.16,-0.07
63023200,OTHR BED LINEN OF MAN-MADE FIBRES,63,32.46,33.36,0.22,0.17,32.24,33.19,0.95
39264091,OTHR STATUETTES AND OTHR ORNAMENTAL ARTICLE OF POLYURETHANE FOAM,39,0.0,0.0,0.1,0.17,-0.1,-0.17,-0.07
62089290,GRMNTS OTHR THN DRESSING GOWNS AND BATHROBES OF MAN-MADE FIBRES,62,11.27,8.23,0.28,0.17,10.99,8.06,-2.93
29182340,BENZYL SALICYLATE,29,11.75,9.6,0.15,0.17,11.6,9.43,-2.17
29389010,DIGOXIN,29,1.85,1.61,0.03,0.16,1.82,1.45,-0.37
61149010,OTHER GARMENTS OF SILK,61,0.12,0.19,0.0,0.16,0.12,0.03,-0.09
61121100,TRACK SUITS OF COTTON,61,8.62,7.98,0.33,0.16,8.29,7.82,-0.47
29214340,META TOLUIDINE,29,0.5,0.84,2.67,0.16,-2.17,0.68,2.85
62132000,HANDKERCHIEFS OF COTTON,62,6.84,8.38,0.17,0.16,6.67,8.22,1.55
29335910,AMINOPHYLLINE(CORDOPHYLIN),29,0.71,0.53,0.8,0.16,-0.09,0.37,0.46
55133900,WOVEN FABRICS OF OTHR SYNTHETIC STAPLE    FIBRES YRN OF DIFFERENT COLOURS,55,1.19,1.98,0.16,0.16,1.03,1.82,0.79
55014000,OF POLYPROPYLENE,55,0,0,0.13,0.16,-0.13,-0.16,-0.03
61159400,OTHER HOSIERY GOODS OF WOOL/FINE ANML HAIR,61,0.49,0.41,0.1,0.16,0.39,0.25,-0.14
62081990,"SLIPS, PETICOATS OF OTHR TXTL MTRL",62,4.13,3.83,0.07,0.16,4.06,3.67,-0.39
56029010,"OF RUBBERISED COIR, NEEDLED FELT.",56,0.69,1.33,0.03,0.16,0.66,1.17,0.51
29034100,TRIFLUOROMETHANE (HFC-23),29,0.0,0.17,0.06,0.16,-0.06,0.01,0.07
59100030,"OTHER TRANSMISSION,CONVEYOR OR ELEVATOR   BELTS OR BELTING OF COTTON",59,0.21,0.28,0.26,0.16,-0.05,0.12,0.17
56074100,BINDR/BALR TWNE OF POLYETHLN/POLYPROPYLN,56,1.05,1.04,0.04,0.16,1.01,0.88,-0.13
61119020,BABIES GRMNTS AND CLOTNG ACCESORIS OF       ARTIFICIAL FIBRES,61,0.33,6.16,0.19,0.16,0.14,6.0,5.86
52105110,SHIRTING FABRICS,52,1.32,1.4,0.1,0.16,1.22,1.24,0.02
29093050,"ETHOFENPROX (ETOFENPROX), FOMESAFEN, OXYFLUORFEN",29,0,0,0.0,0.16,0.0,-0.16,-0.16
58110020,QUILTED WADDING,58,0.48,0.77,0.22,0.16,0.26,0.61,0.35
55129910,"WOVN SYN STPL FBRCS,DYED CNTNG OTHR SYN   FBRCS>=85%",55,0.87,1.49,0.18,0.16,0.69,1.33,0.64
29309092,"ACEPHATE,PHORATE,CPTN,CLETHDM,DIFNTHIURN,ETHION,MALATHN,OXYDMTN-METHL,PHNTHOATE,PROFNPHS,TEMPHS,THIOPHNTE-MTHYL",29,0.01,35.37,0.0,0.15,0.01,35.22,35.21
58041010,TULLES AND OTHR NET FBRCS OF COTTON,58,0.14,0.2,0.3,0.15,-0.16,0.05,0.21
58013710,"WARP PILE FABRICS, UNCUT",58,0.11,0.49,0.15,0.15,-0.04,0.34,0.38
29072920,TRIS (P-HYDROXY PHENYL) ETHANE,29,8.6,9.09,0.2,0.15,8.4,8.94,0.54
53029000,OTHERS(EXCL TRUE HEMP),53,0.01,0.06,0.45,0.15,-0.44,-0.09,0.35
54074113,UNBLECHD NYLON TAFETTA,54,0.0,0.0,0.02,0.15,-0.02,-0.15,-0.13
63029190,"OTHER BED LINEN, TABLE LENEN, TOILET LINEN, KITCHEN LINEN: OF COTTON, OTHER THAN HANDLOOM",63,112.73,141.55,0.19,0.15,112.54,141.4,28.86
62052010,OF COTTON: HANDLOOM,62,10.09,5.49,0.06,0.15,10.03,5.34,-4.69
62089110,DRESSING GOWNS AND BATHROBES OF COTN,62,14.31,16.69,0.12,0.15,14.19,16.54,2.35
55164300,"WVN FBRCS CNTNG<85% BY WT OF ARTFCL       STPL FBRS MXD MAINLY/SOLELY WITH COTTON,  OF YARNS OF DIFFERENT COLOURS",55,0.6,1.31,0.11,0.15,0.49,1.16,0.67
55151240,"FBRC OF POLSTR,MXD WTH MAN-MADE FILMNT ,  PRINTD",55,0.35,0.46,0.0,0.15,0.35,0.31,-0.04
29331980,0XYPHENBUTAZONE,29,0,0,0.01,0.15,-0.01,-0.15,-0.14
39169080,VINYL PLASTIC,39,0.02,0.02,0.12,0.15,-0.1,-0.13,-0.03
39219036,"OTHR PLTS,SHTS,FILM FOIL,STRIP ETC, OF    REGENERATED CELLULOSE FLEXIBLE, LAMINATED",39,0.07,0.05,0.64,0.15,-0.57,-0.1,0.47
55069090,"OTHERS-OF-OTHR SYNTHTC STAPLE FIBRES,CARDED/COMBED",55,0.05,0.06,0.02,0.15,0.03,-0.09,-0.12
62032200,ENSEMBLES OF COTTON,62,11.26,14.31,0.16,0.15,11.1,14.16,3.06
55159990,"OTHR WVN FBRC OF SYN FIBRS MXD WTH WOOL/  FINE ANML HAIR, OTHR",55,3.1,4.84,0.33,0.15,2.77,4.69,1.92
63025190,"OTHER TABLE LINEN: OF COTTON, OTHER THAN HANDLOOM",63,53.52,65.73,0.09,0.15,53.43,65.58,12.15
51119090,OTHERS OTHR WOVEN FABRICS OF CARDED WOOL  ETC.,51,0.39,0.34,0.16,0.15,0.23,0.19,-0.04
52114390,"OTHERS-OF-OTHER FABRICS OF 3-THREAD OR 4-THREAD TWILL, INCLUDING CROSS TWILL :",52,0.59,0.47,0.09,0.15,0.5,0.32,-0.18
29125090,OTHERS-OF-CYCLIC POLYMERSOF ALDEHYDES,29,0.0,1.85,0.0,0.15,0.0,1.7,1.7
57033932,OF 100% POLYESTER,57,0.03,0.1,0.01,0.15,0.02,-0.05,-0.07
54078119,UNBLECHD OTHR WOVN FBRCS,54,0.07,0.06,0.19,0.15,-0.12,-0.09,0.03
29163130,METHYL BENZOATE,29,0.47,0.32,0.05,0.15,0.42,0.17,-0.25
53110023,DYED WOVN FBRCS OF PAPER YQRN,53,0.32,0.23,0.12,0.15,0.2,0.08,-0.12
52079000,OTHER COTTON YARN PUT UP FOR RETAIL SALE,52,1.59,2.96,0.19,0.14,1.4,2.82,1.42
61081120,SLIPS AND PETTICOATS OF ARTIFICIAL FIBRES,61,0.06,0.04,0.07,0.14,-0.01,-0.1,-0.09
55151930,"FBRC OF POLSTR MXD WTH OTHR FIBRS, DYED",55,1.64,1.61,0.54,0.14,1.1,1.47,0.37
52082910,DHOTI AND SAREE ZARI BORDERED,52,0.89,1.13,0.0,0.14,0.89,0.99,0.1
55131920,BLEACHED,55,0.12,0.22,0.08,0.14,0.04,0.08,0.04
55122120,"WOVN FBRCS,BLCHD CNTNG ACRYLC/MODACRYLC   >=85%",55,0.18,0.0,0.05,0.14,0.13,-0.14,-0.27
39189010,FLOOR COVERINGS OF LINOXYN,39,0.04,0.04,0.15,0.14,-0.11,-0.1,0.01
29039950,PARACHLOROTOLUENE (4-CHLOROMETHYL BENZENE),29,0.01,0.0,0.82,0.14,-0.81,-0.14,0.67
29157040,HCO FATTY ACID(INCL 12-HYDROXY STEARC ACD),29,57.5,62.66,0.23,0.14,57.27,62.52,5.25
54082120,"WOVN FBRCS CNTNG ARTFCL FILMNT ETC. > =85%BY WT, UNBLECHD",54,1.99,1.53,0.27,0.14,1.72,1.39,-0.33
29037610,BROMOCHLORODIFLUOROMETHANE (HALON-1211),29,0,0,0.3,0.14,-0.3,-0.14,0.16
55141120,"WVN FBRC OF POLSTR STPL, PLAN WVN, BLCHD",55,0.02,0.03,0.02,0.14,0.0,-0.11,-0.11
61045990,SKIRTS OF OTHER FIBRES,61,4.53,5.4,0.18,0.14,4.35,5.26,0.91
62142010,SHAWLS OF WOOL,62,42.08,47.79,0.03,0.14,42.05,47.65,5.6
39269051,RETROREFLECTIVE SHEETING EXCL .HEADNG     3920OF POLYURETHANE FOAM,39,0.15,0.17,0.17,0.14,-0.02,0.03,0.05
61121990,TRACK SUITS OF OTHER FIBRES,61,7.47,6.87,0.21,0.14,7.26,6.73,-0.53
62044210,HOUSE COATS AND LIKE DRESSES OF COTTON,62,7.88,6.32,0.04,0.14,7.84,6.18,-1.66
62072200,NIGHTSHRTS AND PYJMS OF MAN-MADE FIBRES,62,5.78,5.24,0.03,0.14,5.75,5.1,-0.65
29153920,BORNYL ACETATE AND ISO BORBYL ACETATE,29,10.91,12.32,0.84,0.14,10.07,12.18,2.11
56079020,"CORDAGE,CABLE ROPES AND TWINE OF COTTON",56,2.64,2.61,0.12,0.14,2.52,2.47,-0.05
63041100,"BEDSPREADS,KNITTED OR CROCHETED",63,1.17,1.13,0.19,0.14,0.98,0.99,0.01
63049221,NAPKINS OF HANDLOOM,63,1.35,1.06,0.25,0.14,1.1,0.92,-0.18
62041999,SUITS OF ALL OTHER FIBRES - Others,62,21.42,15.77,0.2,0.14,21.22,15.63,-5.59
39219092,"OTHR PLTS,SHTS,FILM FOIL,STRIP ETC NES    FLEXIBLE, LACQUERED",39,9.37,8.84,0.14,0.14,9.23,8.7,-0.53
55131210,UNBLEACHED,55,0.11,0.12,0.08,0.14,0.03,-0.02,-0.05
55169120,"OTHR MXD WVN FBRC OF ARTFCL STPL FIBRES , BLCHD",55,0.0,0.0,0.22,0.14,-0.22,-0.14,0.08
39209952,"RETRO REFLECTIVE SHEETING FLEXIBLE, PLAIN",39,0.0,0.0,0.09,0.14,-0.09,-0.14,-0.05
29224300,*ANTHRANILIC ACID AND ITS SALTS,29,0.99,0.7,0.0,0.14,0.99,0.56,-0.43
52054290,OTHERS-OF-MLTPL(FLDED)/CBLD YRN OF CMBD FBRSMEASURNG PER SNGL YRN<714.29 BUT>=232.56DCTX(>14 BUT <=43 MTRC NO PER SNGL Y,52,10.8,10.79,0.25,0.14,10.55,10.65,0.1
62062000,"WOMENS OR GIRLS BLOUSES,SHIRTS AND SHIRT  BLOUSES OF WOOL/FINE ANIMAL HAIR",62,0.54,0.51,0.09,0.14,0.45,0.37,-0.08
29034800,"1,1,3,3-PENTAFLUOROBUTANE (HFC-365MFC) AND 1,1,1,2,2,3,4,5,5,5-DECA...",29,0,0,0.11,0.13,-0.11,-0.13,-0.02
54071049,PRINTED OTHR POLYESTER FBRCS,54,18.1,14.82,0.4,0.13,17.7,14.69,-3.01
52053320,DYED,52,0.05,0.01,0.12,0.13,-0.07,-0.12,-0.05
52085910,ZARI BORDERED SAREE,52,0.0,0.06,0.01,0.13,-0.01,-0.07,-0.06
55162120,"WVN FBRC CNTNG<85% BY WT OF ARTFCL STPL   FBRS MXD WTH MAN-MADE FILMNT, BLCHD",55,0.0,0.01,1.87,0.13,-1.87,-0.12,1.75
57050029,"OTHR TXTL FLR CVRNGS, W/N MADE UP",57,18.85,16.15,0.07,0.13,18.78,16.02,-2.76
61152930,PANTY HOSE AND TIGHTS OF ARTIFICIAL FIBRES,61,0.17,0.15,0.2,0.13,-0.03,0.02,0.05
55151310,"FBRC OF POLSTR,MXD WTH WOOL/FINE ANIMAL   HAIR, UNBLCHD",55,0.0,0.08,0.06,0.13,-0.06,-0.05,0.01
29159060,N-OCTANOYL CHLORIDE,29,21.37,13.45,0.11,0.13,21.26,13.32,-7.94
60032000,FBRCS OF COTTON,60,2.28,1.14,0.31,0.13,1.97,1.01,-0.96
52082190,OTHERS-OF-BLECHD PLAIN WEAVE WEIGNG <=100 G/M2,52,33.55,32.85,0.4,0.13,33.15,32.72,-0.43
52082310,SHIRTINGS FBRCS,52,1.16,0.47,0.19,0.13,0.97,0.34,-0.63
39169025,POLYURETHANES,39,0.1,0.1,0.02,0.13,0.08,-0.03,-0.11
51111930,DYED WOVN FBRCS,51,2.63,2.57,0.11,0.13,2.52,2.44,-0.08
52054410,GREY,52,53.24,57.22,0.0,0.12,53.24,57.1,3.86
55031930,Nylon 66 fibre conforming to IS 13464,55,0,0,0.08,0.12,-0.08,-0.12,-0.04
39207312,"SHTS OF CELLULOSE ACETATE NON-PLASTICISED FLEXIBLE, PLAIN",39,0,0,0.0,0.12,0.0,-0.12,-0.12
29329400,SAFR0LE,29,0,0,0.0,0.12,0.0,-0.12,-0.12
29189920,METHYL (E)-2-[2-(CHLORO METHYL) PHENYL)-3-METHOXYACRYLATE,29,39.22,20.68,0.24,0.12,38.98,20.56,-18.42
62045100,SKRTS AND DVDED SKRTS OF WOOL/FINE ANML HAIR,62,0.28,0.43,0.15,0.12,0.13,0.31,0.18
52042090,OTHER COTTON SEWING THREAD,52,7.79,8.62,0.1,0.12,7.69,8.5,0.81
51071010,WORSTED HOSIERY YARN,51,3.57,3.53,0.64,0.12,2.93,3.41,0.48
29039920,BENZALCHLORIDE (BENZYL DICHLORIDE),29,0.04,0.18,0.02,0.12,0.02,0.06,0.04
29307000,BIS(2-HYDROXYETHYL)SULFIDE (THIODIGLYCOL (INN)),29,0.0,0.0,0.11,0.12,-0.11,-0.12,-0.01
62034910,"TROUSERS,BREECHES AND LIKE OF SILK",62,0.15,0.16,0.27,0.12,-0.12,0.04,0.16
61041990,SUITS OF WOOL/FINE ANML HAIR,61,7.59,5.03,0.05,0.12,7.54,4.91,-2.63
39172930,TUBE OF CELLULOSE NITRATE AND CELLULOID   PLASTICIZED AND NON-PLASTICIZED,39,0.03,0.02,0.48,0.12,-0.45,-0.1,0.35
58030092,GAUZE OF SYNTHETIC FIBER,58,0.0,0.0,0.11,0.12,-0.11,-0.12,-0.01
29173930,PHTHALIC ACID,29,0.0,0.0,0.05,0.12,-0.05,-0.12,-0.07
62044310,HOUSE COATS AND LIKE DRESSES OF SYNTH FIBRES,62,1.5,1.48,0.21,0.12,1.29,1.36,0.07
61079990,"BATHROBS, DRESNS GOWN ETC OF SYN FIBRES",61,2.51,2.77,0.21,0.12,2.3,2.65,0.35
29182120,SODIUM SALICYLATE,29,2.46,2.23,0.06,0.12,2.4,2.11,-0.29
62033919,OF SILK: OTHER,62,0.56,0.43,0.1,0.12,0.46,0.31,-0.15
29215930,"3:3 DICNLOROBEZIDINE DIHYDROCHLORIDE,      SULPHATE",29,1.39,0.26,0.55,0.12,0.84,0.14,-0.7
51112030,"OTHER WOVEN FABRICS,DYED",51,0.49,1.03,0.32,0.12,0.17,0.91,0.74
55011100,OF ARAMIDS(OF NYLON OR OTHER POLYAMIDES:),55,0.0,0.0,0.38,0.12,-0.38,-0.12,0.26
61046910,"TROUSERS,BIB AND BRACE OVERALLS ETC OF SILK",61,0.08,0.04,0.0,0.12,0.08,-0.08,-0.16
55151120,"FBRC OF POLSTR,MXD WTH VISCOS RYON,BLCHD",55,0.19,0.22,0.01,0.11,0.18,0.11,-0.07
52083210,LUNGI,52,2.37,3.81,0.05,0.11,2.32,3.7,1.38
55103090,"OTHERS-OF-OTHER YARN, MIXED MAINLY OR SOLELY WITH COTTON :",55,10.03,7.89,0.28,0.11,9.75,7.78,-1.97
55129920,"WOVN SYN STOL FBRC,PRNTD CNTNG OTHR SYN   FBRCS>=85%",55,0.01,0.06,0.16,0.11,-0.15,-0.05,0.1
29225024,D0MPERID0NE,29,7.69,6.94,0.0,0.11,7.69,6.83,-0.86
29333326,PETHIDINE(INN) INTERMEDIATE AND ITS SALT,29,0.0,0.02,0.06,0.11,-0.06,-0.09,-0.03
29147930,TRI FLUORO METHYL ACETOPHENONE,29,38.83,20.44,1.58,0.11,37.25,20.33,-16.92
62089190,GRMNTS OTHR THN DRESSING GOWNS AND BATHROBES OF COTTON,62,10.96,25.01,0.08,0.11,10.88,24.9,14.02
29306000,"2-(N, N-DIETHYLAMINO)ETHANETHIOL",29,0.1,0.0,0.23,0.11,-0.13,-0.11,0.02
62171070,"STOCKINGS,SOCKS,SOCKETTES AND LIKE OF COTN",62,0.78,0.5,0.2,0.11,0.58,0.39,-0.19
58064000,FBRCS CNSISTNG OF WRP WTHOUT WEFT ASSMBLD BY MEANS OF AN ADHESIVE(BOLDUCS),58,0.17,0.11,0.2,0.11,-0.03,0.0,0.03
62031910,SUITS OF COTTON,62,10.72,9.03,0.05,0.11,10.67,8.92,-1.75
29071930,THYMOL,29,9.31,7.08,0.09,0.11,9.22,6.97,-2.25
55152110,"FBRC OF ACRYLC/MODACRYLC,MXD WTH MAN-MADE FILMNT, UNBLCHD",55,0.04,0.0,0.0,0.11,0.04,-0.11,-0.15
61021000,OVRCOAT ETC OF WOOL/FINE ANML HAIR,61,0.08,0.02,0.07,0.11,0.01,-0.09,-0.1
62019010,"OVERCOAT,RAINCOAT, CARCOATS,CAPES,CLOAKS AND SMLR ARTCLS",62,0.94,0.13,0.12,0.11,0.82,0.02,-0.8
59011010,"TXTL FBRCS COTD WTH GYM ETC USED FOR OUTER BOOK COVERS, COTTON",59,1.4,1.22,0.1,0.11,1.3,1.11,-0.19
62179010,COTTON CUFFS AND THE LIKE OF COTTON,62,0.57,0.58,0.03,0.11,0.54,0.47,-0.07
51051000,CARDED WOOL,51,0.06,0.04,0.12,0.11,-0.06,-0.07,-0.01
39162011,CANES OF CO-POLMRS OF VINYL CHLRIDE,39,0.0,0.03,0.29,0.11,-0.29,-0.08,0.21
61178030,OTHR CLOTNG ACCESSORIS OF COTTON,61,0.41,0.5,0.03,0.11,0.38,0.39,0.01
63039100,OTHER CURTAIN ETC OF COTTON,63,50.41,49.34,0.14,0.11,50.27,49.23,-1.04
29214920,PARA CUMIDINE,29,14.64,10.66,0.07,0.11,14.57,10.55,-4.02
63025300,OTHER TABLE LINEN OF MAN-MADE FIBRES,63,3.49,6.34,0.18,0.11,3.31,6.23,2.92
58079010,OTHR LABELS BADGES AND SMLR ARTCLS OF FELT  OR NON-WVN,58,0.02,0.05,0.04,0.1,-0.02,-0.05,-0.03
29222120,AMINO-J-ACID,29,0.0,0.0,0.03,0.1,-0.03,-0.1,-0.07
62053010,MENS OR BOYS SHIRTS OF MAN-MADE FIBRES - EMBROIDERED WITH LUCKNOW CHIKAN CRAFT,62,0.51,0.27,0.03,0.1,0.48,0.17,-0.31
29163150,BENZOCAINE (ETHYLPARA-AMINO BENZOATE),29,1.68,2.73,0.04,0.1,1.64,2.63,0.99
54082216,"RAYON SUITING , DYED",54,0.0,0.02,0.02,0.1,-0.02,-0.08,-0.06
29171980,ISOPROTHIOLANE,29,0.0,0.15,0.0,0.1,0.0,0.05,0.05
39264011,BANGLES OF POLYURETHANE FOAM,39,0.07,0.07,0.06,0.1,0.01,-0.03,-0.04
53110024,PRINTED WOVN FBRCS OF PAPER YARN,53,0.0,0.0,0.07,0.1,-0.07,-0.1,-0.03
60039000,FBRCS OF OTHR FIBRES,60,1.96,1.78,0.17,0.1,1.79,1.68,-0.11
52114990,OTHERS-OF-OTHER FABRICS :,52,3.5,4.53,0.11,0.1,3.39,4.43,1.04
52094320,SHIRTING FABRICS,52,0.81,1.1,0.04,0.1,0.77,1.0,0.23
62042999,OTHR ENSEMBLES OF OTHR TXTL MATRALS OTHR  THAN SILK-OTHER,62,10.82,11.0,0.16,0.1,10.66,10.9,0.24
58089040,RIBBONS OF RAYON WITH ORNAMENTAL EDGES,58,0.07,0.14,0.24,0.1,-0.17,0.04,0.21
61069010,BLOUSE ETC OF SILK,61,0.12,0.23,0.02,0.1,0.1,0.13,0.03
29096010,"MCPA, AMINE SALT",29,0.0,0.17,0.0,0.1,0.0,0.07,0.07
54050000,"ARTFCL MONFLMNT OF>=67 DCTX,HVNG CRSS-    SCTNL DMNSN<=1MM;STRP ETC(E.G.ARTFCL      STRW)OF ARTFCL TXTL MTRLS OF WDTH <=",54,0.01,0.0,0.62,0.1,-0.61,-0.1,0.51
29394100,*EPHEDRINE AND ITS SALTS (ALKALOIDS OF EPHEDRA AND THEIR DERIVATIVES; SALTS THEIR OF),29,2.16,1.91,0.01,0.1,2.15,1.81,-0.34
57050031,CARPETS OF BLENDED JUTE,57,2.44,4.74,0.2,0.1,2.24,4.64,2.4
50060032,YRN SPN FRM NOIL SLK CONTNG<85% BY WT OF  SLK,50,0.03,0.05,0.08,0.1,-0.05,-0.05,0.0
51099000,OTHER YARN OF WOOL/OF FINE ANIMAL HAIR    PUT UP FOR RETAIL SALE,51,2.51,3.08,0.16,0.1,2.35,2.98,0.63
57050039,OTHR CARPETS OF JUTE,57,87.9,70.84,0.33,0.1,87.57,70.74,-16.83
39079140,DIALLYLPHTHALATE RESINS UNSATURATED,39,0,0,0.03,0.09,-0.03,-0.09,-0.06
39207919,SHEETS OF CELLULOSE NITRATE AND CELLULOID W/N PLASTICISED OF OTHER CELLULOS         DERIVATVOTHER,39,0.0,0.0,0.03,0.09,-0.03,-0.09,-0.06
52115190,OTHERS-OF-PRINTED PLAIN WEAVE MXD COTN FABRICSWEGHING MORE THAN 200 GSM,52,0.09,0.08,0.0,0.09,0.09,-0.01,-0.1
51119030,DYED OTHER WOVEN FABRICS OF CARDED WOOL   ETC,51,0.22,0.23,0.19,0.09,0.03,0.14,0.11
39169031,PLYMRSTN AND COPLYMRSTN PRDCTS OF PLYSTYREN,39,0.0,0.0,0.1,0.09,-0.1,-0.09,0.01
61089100,"NEGLIGES,BATHROBES ETC OF COTTON",61,3.38,3.65,0.05,0.09,3.33,3.56,0.23
39209921,"SHEETS FILMS  STRIP OF VINYL PLASTICS     RIGID, PLAIN",39,0.0,0.0,0.16,0.09,-0.16,-0.09,0.07
29182330,SALICYLAMIDE,29,0.6,0.08,0.22,0.09,0.38,-0.01,-0.39
39207199,OTHR PLTES SHTS OF REGENERATD CELLULSE NES,39,0.03,0.03,0.22,0.09,-0.19,-0.06,0.13
62179030,"COLLARS,SHIRTS FRONTS AND CUFFS OF WOOL",62,0.05,0.04,0.05,0.09,0.0,-0.05,-0.05
63023900,OTHR BED LINEN OF OTHR TEXTILE MATERIALS,63,25.31,23.69,0.16,0.09,25.15,23.6,-1.55
52114130,SHIRTING,52,0.06,0.09,0.02,0.09,0.04,0.0,-0.04
39159010,WASTE PARINGS AND SCRAP OF POLYPROPYLENE,39,0.15,0.37,0.02,0.09,0.13,0.28,0.15
55163300,"WVN FBRCS CNTNG<85% BY WT OF ARTFCL       STPL FBRS,MXD MAINLY/SOLE...",55,0,0,0.02,0.09,-0.02,-0.09,-0.07
63041940,"BED SHEETS AND BED COVERS OF COTTON, HANDLOOM",63,9.83,12.06,0.04,0.09,9.79,11.97,2.18
61031020,SUITS OF COTTON,61,16.12,19.43,0.01,0.09,16.11,19.34,3.23
62160010,"GLOVES,MITTERS AND MITTS OF COTTON",62,23.0,22.09,0.06,0.09,22.94,22.0,-0.94
62089990,SIMILAR GARMENTS OF OTHER FIBRES,62,10.15,9.14,1.09,0.09,9.06,9.05,-0.01
54082110,"WOVN FBRCS CNTNG ARTFCL FILMNT ETC > =85% BY WT, UNBLECHD",54,0.93,1.4,0.12,0.09,0.81,1.31,0.5
62046190,OTHR SMLR GARMENTS OF WOOL/FINE ANIML HAIR,62,3.62,2.29,0.15,0.09,3.47,2.2,-1.27
52081990,OTHERS                                    COTN FABRICS CONTNG >=85% BY WT OF COTN,52,15.19,19.57,0.36,0.09,14.83,19.48,4.65
29121100,METHANAL (FORMALDEHYDE),29,6.83,7.04,0.07,0.09,6.76,6.95,0.19
61079110,"GENGIS (VESTS),OTHR THAN HAND CROCHETED,  COTTON",61,29.08,31.88,0.01,0.08,29.07,31.8,2.73
29394200,*PSEUDOEPHEDRINE (INN) AND ITS SALTS (ALKALOIDS OF EPHEDRA AND THEIR DERIVATIVES; SALTS THEIR OF),29,28.13,29.67,0.28,0.08,27.85,29.59,1.74
55152290,FBRC OF ACRYLC/MODACRYLC MXD WTG WOOL/    FINEANML HAIR.OTHR,55,0.0,0.0,0.03,0.08,-0.03,-0.08,-0.05
60011010,LONG PILE FBRCS OF COTTON,60,2.2,0.49,0.19,0.08,2.01,0.41,-1.6
55039010,P.V.A. STAPLE FIBRE,55,0,0,0.01,0.08,-0.01,-0.08,-0.07
29336950,"2,4,6-TRI(2,4-DYHYDROXYL-3-METHYL  PHENYL)-1,3,5-TRIAZINE",29,2.54,5.94,0.27,0.08,2.27,5.86,3.59
52085130,"Shirting Fabrics of Plain weave, weighing not more than 100 g/m2",52,1.21,1.34,0.12,0.08,1.09,1.26,0.17
56022920,JUTE(INCL BLNDD/UNON JUT)FLT(NT FR MCHNRY),56,1.48,1.42,0.02,0.08,1.46,1.34,-0.12
29031110,CHLOROMETHANE METHYL CHLORIDE,29,0.07,0.06,0.06,0.08,0.01,-0.02,-0.03
51022090,OTHER COARSE HAIR,51,0.13,0.04,0.1,0.08,0.03,-0.04,-0.07
39051220,POLYVINYL ACETATE RESINS,39,0.14,0.12,0.03,0.08,0.11,0.04,-0.07
39264051,DECORATIVE SHEETS OF POLYURETHANE FOAM,39,0.01,0.01,0.36,0.08,-0.35,-0.07,0.28
62032300,ENSEMBLES OF SYNTHETIC FIBRES,62,6.29,9.59,0.1,0.08,6.19,9.51,3.32
55141210,"WVN FBRC,3/4 THRD TWILL OF POLSTR STPL,   UNBLCHD",55,23.35,17.76,0.22,0.08,23.13,17.68,-5.45
55159190,"OTHR WVN FBRC OF SYN FIBRS MXD WTH        MAN -MADE FILMNT, OTHR",55,2.3,2.05,0.03,0.08,2.27,1.97,-0.3
62046210,OF COTTON: HANDLOOM,62,1.65,2.42,0.02,0.08,1.63,2.34,0.71
61072990,NIGHTSHIRTS AND PYJAMAS OF OTHR FBRS,61,80.0,80.25,0.08,0.08,79.92,80.17,0.25
39263010,FITTINGS FOR FURNITURE COACHWORK/THE LIKE OF POLYURETHANE FOAM,39,0.06,0.07,0.06,0.08,0.0,-0.01,-0.01
53110011,UNBLECHD WOVN FBRCS OF OTHR VEG TEXTL,53,0.01,0.06,0.05,0.08,-0.04,-0.02,0.02
61042920,ENSEMBLES OF ARTIFICIAL FIBRES,61,0.17,0.18,0.09,0.08,0.08,0.1,0.02
55151340,"FBRC OF POLSTR,MXD WTH WOOL/FINE ANIMAL   HAIR , PRINTD",55,0,0,0.0,0.08,0.0,-0.08,-0.08
52054790,OTHR,52,0.35,0.46,0.02,0.08,0.33,0.38,0.05
39269061,HANGERS OF POLYURETHANE FOAM,39,0.49,0.76,0.03,0.08,0.46,0.68,0.22
52083121,"Sarees, of Handloom",52,0.12,0.14,0.0,0.08,0.12,0.06,-0.06
39269031,LASTS WITH OR WITOUT STEEL HINGS;EVAAND     GRAPESHEET FOR SOLANDHEEL;WELT OF POLYURETHN FOAM,39,0.01,0.0,0.05,0.08,-0.04,-0.08,-0.04
62079190,OTHR VESTS OF COTTON,62,3.92,3.29,0.05,0.08,3.87,3.21,-0.66
52051230,DYED,52,6.08,5.97,0.04,0.08,6.04,5.89,-0.15
29032910,DICHLOROPROPENE AND DICHLOROPROPANE MIXTURE (DD MIXTURE),29,0,0,0.0,0.08,0.0,-0.08,-0.08
61169910,OTHR GLOVES ETC OF ARTIFICIAL FIBRES,61,0.01,0.01,0.12,0.08,-0.11,-0.07,0.04
52071000,COTON YARN CONTNG COTON>=85% BY WT        PUT UP FOR RETAIL SALE,52,6.09,8.29,0.01,0.08,6.08,8.21,2.13
29299019,"OTHER-OF-N,N-Dialkyl (methyl, ethyl, n-propyl or isopropyl) phosphoramidic dihalides",29,0.0,0.59,0.0,0.08,0.0,0.51,0.51
29159050,N-VALERYL CHLORIDE,29,3.25,5.64,0.62,0.08,2.63,5.56,2.93
61032990,ENSEMBLES OF WOOL OR FINE ANIMAL HAIR,61,10.39,19.95,0.18,0.07,10.21,19.88,9.67
29299011,"N,N-DIETHYLPHOSPHORAMIDIC DICHLORIDE",29,0.0,0.0,0.0,0.07,0.0,-0.07,-0.07
62042210,"BLOUSES CMBND WTH SKRTS,TRUSRS,SHORTS COTN",62,3.68,7.96,0.15,0.07,3.53,7.89,4.36
62042919,OTHR ENSEMBLES OF OTHR TXTL MATRALS OF SLK,62,1.69,1.98,0.0,0.07,1.69,1.91,0.22
61099030,T-SHIRT ETC OF SILK,61,0.61,0.52,0.09,0.07,0.52,0.45,-0.07
62081100,SLIPS AND PETTICOATS OF MAN-MADE FIBRES,62,0.83,0.84,0.09,0.07,0.74,0.77,0.03
63063000,SAILS OF SYNTHETIC FIBRES,63,0.01,0.0,0.22,0.07,-0.21,-0.07,0.14
61044100,DRESSES OF WOOL OR FINE ANIMAL HAIR,61,0.19,0.08,0.09,0.07,0.1,0.01,-0.09
52054310,GREY,52,19.98,19.17,0.0,0.07,19.98,19.1,-0.88
39209420,"FLEXIBLE, PLAIN OF PHENOLIC RESINS",39,0,0,0.04,0.07,-0.04,-0.07,-0.03
63079011,DRESS MATERIALS OF COTTON HAND PRINTED,63,1.07,1.22,0.06,0.07,1.01,1.15,0.14
56060010,TRIMMINGS OF COTTON,56,0.34,0.37,0.0,0.07,0.34,0.3,-0.04
29420031,DILOXANIDE FUROATE,29,3.47,3.7,0.0,0.07,3.47,3.63,0.16
39206992,"OTHER PLTES SHTS ETC OF OTHR POLYESTERS   FLEXIBLE, PLAIN",39,0.01,0.0,0.07,0.07,-0.06,-0.07,-0.01
39169070,CELLULOSE ACETATE AND ACETATE BUTYRATE    (PLASTICIZED AND NON-PLASTICIZED,39,0.0,0.0,0.03,0.07,-0.03,-0.07,-0.04
29161959,"OTHERS-OF-OTHR UNSATRTD ACYCLC,MONOCRBOXYLC ACDS, THR ANHYDRDS, HALIDES ETC THR HALGNTD SLPHNTD NITRTD/NITRSTD D",29,0.0,14.4,0.0,0.07,0.0,14.33,14.33
39206320,"PLTES SHTS ETC OF UNSATURATED POLYESTERS  FLEXIBLE, PLAIN",39,0.0,0.0,0.08,0.07,-0.08,-0.07,0.01
52052210,GREY,52,465.1,452.03,0.26,0.07,464.84,451.96,-12.88
52093220,FURNISHING FABRICS ( EXCL PILE AND CHENILLE FABRICS ),52,0.05,0.01,0.0,0.07,0.05,-0.06,-0.11
29153950,PHENYL PROPYL ACETATE,29,0.0,0.02,0.01,0.07,-0.01,-0.05,-0.04
54078490,"OTHERS-OF-WOVN FBRCS,PRNTD,CONTAINING<85% BY WT OFSYNTHTC FILAMNTS,MIXD MANLY/SOLY WTH COTON",54,1.62,3.64,0.13,0.07,1.49,3.57,2.08
57023140,"CARPETING, FLR RUG ASND THE LIKE",57,38.15,49.34,0.08,0.06,38.07,49.28,11.21
29389020,DIGITALIS GLYCOSIDES,29,0,0,0.09,0.06,-0.09,-0.06,0.03
63031900,CURTAN ETC HND KNTD/CRCHTD OF COTTON,63,0.51,0.63,0.22,0.06,0.29,0.57,0.28
51052100,COMBED WOOL IN FRAGMENTS,51,0,0,0.01,0.06,-0.01,-0.06,-0.05
59113150,TXTL FBRCS OF MTLLSD YRN OF A KND         COMMONLYUSD IN PAPER MAKING OR OTHER      MACHINERY,59,0.0,0.0,0.06,0.06,-0.06,-0.06,0.0
52052690,OTHERS-OF-SNGL YRN OF COMBD FBRS MSRNG BETWN 106.38 AND 125.00 DCTX AND 80 TO 94 MTRC NO.,52,60.55,54.96,0.19,0.06,60.36,54.9,-5.46
29314991,"CONTAINING A PHOSPHORUS ATOM TO WHICH ONE METHYL,ETHYL,N-PROPYL OR ISOPROPYL GROUP IS BONDED BUT NO FURTHER CARBON ATOMS",29,0.0,3.25,0.0,0.06,0.0,3.19,3.19
55111000,YRN OF SYNTHTC STAPLE FIBRES CNTNG 85%    OR MORE BY WEIGHT OF SUCH FIBRES,55,46.67,35.13,0.08,0.06,46.59,35.07,-11.52
52084129,OTHER SAREES,52,0.07,0.11,0.04,0.06,0.03,0.05,0.02
29252920,DODINE,29,0,0,0.0,0.06,0.0,-0.06,-0.06
62171040,ACCESSORIES FR ARTICLES OF APPAREL OF SILK,62,0.19,0.25,0.01,0.06,0.18,0.19,0.01
53062010,"FLAX YARN, MULTIPLE, PUT UP FOR RTL SALE",53,0.01,0.0,0.05,0.06,-0.04,-0.06,-0.02
58063910,GOAT HAIR PUTTIS TAPE,58,0.01,0.01,0.06,0.06,-0.05,-0.05,0.0
54082217,"RAYON SHIRTING , DYED",54,0.06,0.02,0.04,0.06,0.02,-0.04,-0.06
60054100,"WARP KNIT FBRCS OF ARTIFICIAL FIBRES,     UNBLCHD OR BLCHD",60,0.03,0.05,0.0,0.06,0.03,-0.01,-0.04
57019039,OTHERS-OF-CRPTS AND FLR CVRNGS KNOTTD OF OTR TXTL MTRL,57,7.43,9.63,0.12,0.06,7.31,9.57,2.26
50071000,WOVEN FABRICS OF NOIL SILK,50,1.08,0.68,0.01,0.06,1.07,0.62,-0.45
61069020,BLOUSE ETC OF WOOL/FINE ANIMAL HAIR,61,0.03,0.01,0.01,0.06,0.02,-0.05,-0.07
61081990,SLIPS AND PETTICOATS OF OTHER FIBRES,61,3.44,5.2,0.12,0.06,3.32,5.14,1.82
29162010,D. V. ACID CHLORIDE/CYPERMETHRI C ACID CHLORIDE,29,16.06,19.67,0.0,0.06,16.06,19.61,3.55
29222110,AMINO-G-ACID,29,0.38,0.21,0.03,0.06,0.35,0.15,-0.2
62149049,SCARVES COTTON-OTHER,62,12.62,16.18,0.06,0.06,12.56,16.12,3.56
29171940,FERROUS FUMERATE,29,8.65,7.22,0.05,0.06,8.6,7.16,-1.44
29181530,BISMUTH CIRTRATE,29,0.0,0.0,0.02,0.06,-0.02,-0.06,-0.04
55159910,"OTHR WVN FBRC OF SYN FIBRS MXD WTH WOOL/  FINE ANML HAIR, UNBLCHD",55,0.01,0.0,0.0,0.06,0.01,-0.06,-0.07
39081059,"OTHER PRIMARY FORM POLYAMIDE -6, 10 (NYLON-6, 10):",39,0.0,0.0,0.0,0.06,0.0,-0.06,-0.06
55143012,"WOVN FARCS OF 3/4-THRD TWLL INCL CROSS    TWLL OF POLYESTR STAPLE FIBRES,YARN       OF DIFFERENT COLOURS",55,0.02,0.0,0.0,0.06,0.02,-0.06,-0.08
62114310,OTHER GARMENTS OF MAN-MADE FIBRES - EMBROIDERED WITH LUCKNOW CHIKAN CRAFT,62,1.29,0.59,0.03,0.06,1.26,0.53,-0.73
57031020,MATS AND MATTING,57,0.55,1.0,0.08,0.06,0.47,0.94,0.47
51121910,UNBLEACHED WOVN FBRCS CONTNG>=85% BY WT   OFCOMB WOOL/FINE ANML OF WT EXCDNG 200      G/M2,51,0.01,0.0,0.07,0.06,-0.06,-0.06,0.0
55099100,"OTHER SYNTHETIC YARN,MIXED MAINLY OR      SOLELY WITH WOOL OR FINE ANIMAL HAIR",55,0.01,0.0,0.01,0.06,0.0,-0.06,-0.06
55102090,"OTHERS-OF-OTHER YARN, MIXED MAINLY OR SOLELY WITH WOOL OR FINE ANIMAL HAIR :",55,0.11,0.15,0.06,0.06,0.05,0.09,0.04
54072030,DYED WVEN FBRCS FROM STRIP/THE LIKE,54,2.11,1.49,0.05,0.06,2.06,1.43,-0.63
55131110,"UNBLCHD WOVN POLYSTR STPL FBRC,PLAN WEVN",55,9.59,7.33,0.11,0.06,9.48,7.27,-2.21
61089220,"NEGLIGES, BATHROBES ETC OF ARTIFICIAL     FIBRES",61,0.23,0.51,0.06,0.06,0.17,0.45,0.28
29420023,D(-) PHENYL GLYCIN CHLORIDE HCL (DPGCH),29,0,0,0.0,0.06,0.0,-0.06,-0.06
61046100,"TROUSERS,BIB AND BRACE OVERALLS,BREECHES    AND SHORTS OF WOOL/FNE ANIMAL HAIR",61,0.95,0.42,0.04,0.05,0.91,0.37,-0.54
52081130,SHIRTING FABRICS,52,28.14,10.26,0.08,0.05,28.06,10.21,-17.85
61081920,SLIPS AND PETTICOATS OF COTTON,61,2.09,3.13,0.03,0.05,2.06,3.08,1.02
50050012,YRN SPN FRM NOIL SLK CONTNG >=85% BY WT   OF SLK WST.,50,0.31,0.52,0.02,0.05,0.29,0.47,0.18
58063920,JUTE WEBBING,58,0.97,0.85,0.06,0.05,0.91,0.8,-0.11
52092150,CANVAS ( INCL DUCK ) OF CARDED/COMBED YARN,52,0.02,0.04,0.06,0.05,-0.04,-0.01,0.03
55129120,"WOVN SYN STPL FBRC,BLCHD CNTNG OTHR SYN   FBRCS >=85%",55,0.02,0.0,0.04,0.05,-0.02,-0.05,-0.03
39264041,TABLE AND OTHER HOUSEHOLD ARTICLES FOR    DECORATION OF POLYURETHANE FOAM,39,0.0,0.0,0.06,0.05,-0.06,-0.05,0.01
61072220,NIGHTSHIRTS ANDPYAJAMAS OF ARTIFICIAL FIBRES,61,0.64,0.4,0.54,0.05,0.1,0.35,0.25
62041919,"SUITS OF SILK, OTHERS",62,15.82,7.16,0.03,0.05,15.79,7.11,-8.68
63109090,"OTHERS-OF-OTHR RAGS,SCRP TWNE,CORDGE,ROPE ETC",63,0.49,0.45,0.01,0.05,0.48,0.4,-0.08
54083411,RAYON CREPE FABRICS,54,0.08,0.16,0.13,0.05,-0.05,0.11,0.16
52063200,MULTLP(FLDED)/CBLD YRN OF UNCMBD FBRS     MEASURING PER SNGL YRN <714.29 BUT>=      232.56 DCTX(>14 BUT <=43 MTRC NO),52,2.77,2.52,0.04,0.05,2.73,2.47,-0.26
29222922,6-NITRO-0-AMINOPHENOL-4-SULPHONIC ACID,29,0.35,0.24,0.69,0.05,-0.34,0.19,0.53
29215910,BENZIDINE,29,0.58,0.92,0.0,0.05,0.58,0.87,0.29
62149010,ABRABROOMAL COTTON,62,1.38,1.98,0.45,0.05,0.93,1.93,1.0
63064000,PNEUMATIC MATTRESSES OF COTTON,63,0.0,0.0,0.02,0.05,-0.02,-0.05,-0.03
62072900,NIGHTSHRTS AND PYJMS OF OTHR TXTL MATRLS,62,3.17,3.48,0.07,0.05,3.1,3.43,0.33
63049219,OTHER COUNTERPANES,63,0.57,0.33,0.03,0.05,0.54,0.28,-0.26
51021110,MARINE ANGORA,51,0,0,0.0,0.05,0.0,-0.05,-0.05
54074240,NYLON SAREES,54,0.12,0.13,0.11,0.05,0.01,0.08,0.07
55161120,"WVN FBRC,BLCHD CNTNG ARTFCL STPL FBRC>=85%",55,0.36,0.76,0.55,0.05,-0.19,0.71,0.9
55161410,SPUN RAYON PRINTED SHANTUNG,55,1.94,0.97,0.0,0.05,1.94,0.92,-1.02
54083215,RAYON SHIRTING,54,0.1,0.05,0.0,0.05,0.1,0.0,-0.1
52054710,GARY,52,37.59,26.56,0.16,0.05,37.43,26.51,-10.92
52051220,BLEACHED,52,0.02,0.12,0.0,0.05,0.02,0.07,0.05
29031910,TETRACHLOROETHANE,29,0.01,0.05,0.12,0.05,-0.11,0.0,0.11
29314910,SODIUM 3-(TRIHYDROXYSILYL) PROPYL METHYLPHOSPHONATE,29,0,0,0.0,0.05,0.0,-0.05,-0.05
55082000,SEWING THREAD OF ARTFCL STAPLE FIBRES,55,0.14,0.12,0.13,0.05,0.01,0.07,0.06
58021010,UNBLEACHED,58,0.15,0.22,0.07,0.05,0.08,0.17,0.09
62113919,OF SILK: OTHER,62,3.21,3.83,0.08,0.05,3.13,3.78,0.65
58043000,HAND MADE LACE,58,0.72,0.87,0.16,0.05,0.56,0.82,0.26
55163110,"WVN FBRC CNTNG<85% BT WT OF ARTFCL STPL   FBRS MXD WTH WOOL/FINE ANML HAIR, UNBLCHD",55,0.0,0.04,0.16,0.05,-0.16,-0.01,0.15
29335300,ALLOBARBITAL AND OTHR BARBITAL COMPNDS    ANDITS SALTS,29,4.05,2.84,0.19,0.05,3.86,2.79,-1.07
57041000,TILES HVNG A MAXIMUM SURFACE AREA OF 0.3M2,57,0.01,0.0,0.02,0.04,-0.01,-0.04,-0.03
53081090,"COIR YARN,NON BALED, NON SPOOLED",53,2.11,1.49,0.06,0.04,2.05,1.45,-0.6
29202400,TRIETHYL PHOSPHITE,29,1.07,1.03,0.08,0.04,0.99,0.99,-0.0
29161320,SALTS OF METHACRYLIC ACID,29,0.64,0.69,0.14,0.04,0.5,0.65,0.15
29181910,"BENZENEACETIC ACID, ALPHA-HYDROXY-ALPHA-  PHENYL",29,0.0,0.0,0.27,0.04,-0.27,-0.04,0.23
52095290,OTHERS-OF-PRINTD 3/4 THRED TWILL INCLDNG CROSS TWILLCOTTON FABRICS WEIGHING>200 G/SQM,52,3.96,1.65,0.02,0.04,3.94,1.61,-2.33
39219022,"OTHR PLTS,SHTS,FILM FOIL,STRIP ETC, OF    POLYMER OF VINYL CHLORIDE FLEXIBLE LACQUER",39,0.0,0.01,0.04,0.04,-0.04,-0.03,0.01
63101010,WOOLLEN RAGS,63,0.57,0.44,0.1,0.04,0.47,0.4,-0.07
54083412,RAYON JACQUARDS,54,0.01,0.01,0.03,0.04,-0.02,-0.03,-0.01
54082417,"RAYONSHIRTNG, PRINTD",54,0.12,0.13,0.03,0.04,0.09,0.09,0.0
54041910,"CATGUT IMITATION OF SYNTHETIC YARN, NON-  STERILE",54,0.0,0.01,0.14,0.04,-0.14,-0.03,0.11
57032921,"WITH JUTE,RUBBER LATEX OR PU FOAM BACKING",57,0.43,0.01,0.01,0.04,0.42,-0.03,-0.45
29222140,GAMMA ACID,29,7.79,6.32,0.0,0.04,7.79,6.28,-1.51
39209960,CLICKING BOARDS FOR LEATHER MACHINERY,39,0.01,0.0,0.13,0.04,-0.12,-0.04,0.08
62079990,OTHER SMLR GARMENTS OF MAN-MADE FBRES,62,15.47,14.48,0.07,0.04,15.4,14.44,-0.96
29214211,PARA CHLOROANILINE,29,5.16,4.37,0.06,0.04,5.1,4.33,-0.77
55151210,"FBRC OF POLSTR,MXD WTH MAN-MADE FILMNT ,  UNBLCHD",55,0.5,0.33,0.0,0.04,0.5,0.29,-0.21
55152130,"FBRC OF ACRYLC/MODACRYLC, MXD WTH MAN-    MADEFILMNT. DYED",55,1.26,0.62,0.08,0.04,1.18,0.58,-0.6
29225012,METHYL ANTHRANILATE,29,5.83,5.16,0.1,0.04,5.73,5.12,-0.61
29319030,O-IODOSOBENZOIC ACID,29,0.04,0.03,0.0,0.04,0.04,-0.01,-0.05
52081390,OTHERS-OF-COTN FABRICS CONTNG>=85% BY WT OF COTNUNBLCHD 3/4 THRED TWILL INCL CROSS TWILLWEIGHNG NOT MORE THN 200 GM PER SQM,52,14.03,10.24,0.15,0.04,13.88,10.2,-3.68
61123920,SWIMWEAR OF ARTIFICIAL FIBRES,61,0.0,0.0,0.04,0.04,-0.04,-0.04,0.0
57023920,"CARPETS,ETC,OF SILK",57,11.32,19.7,0.02,0.04,11.3,19.66,8.36
55151110,"FBRC OF POLSTR,MXD WTH VISCOS RYON,UNBLCHD",55,1.59,2.6,0.14,0.04,1.45,2.56,1.11
55131220,BLEACHED,55,0.12,0.13,0.22,0.04,-0.1,0.09,0.19
29359011,SULPHAMETHOXAZOLE,29,33.34,30.42,0.03,0.04,33.31,30.38,-2.93
62101020,"GARMENTS,MADE UP OF FABRICS OF HEADING NO.5602 OR 5603 - SURGICAL GOWNS AND DRAPES",62,3.43,3.57,0.53,0.04,2.9,3.53,0.63
29209010,PROPERGITE,29,0.0,0.41,0.0,0.04,0.0,0.37,0.37
39172950,TUBE OF VINYL PLSTCS (PLSTCZD NON-PLSTCZD),39,0.1,0.38,0.03,0.04,0.07,0.34,0.27
52042030,EMBROIDERY COTTON THREAD,52,0.5,0.34,0.03,0.04,0.47,0.3,-0.17
57019019,OTHERS-OF-CRPTS AND FLR CVRNGS KNOTTD OF OTR TXTL MTRL,57,27.1,15.12,0.02,0.04,27.08,15.08,-12.0
57021000,"KLM, SCHMCKS, KRMNE AND SMLR HNDWVN",57,21.98,17.78,0.08,0.04,21.9,17.74,-4.16
39264021,BEADS OF POLYURETHANE FOAM,39,0.01,0.01,0.12,0.04,-0.11,-0.03,0.08
52101900,"OTHER MIXD COTN FABRICS, UNBLEACHED WEGHNGNOT MORE THAN 200 GM PER SQM",52,0.92,1.08,0.03,0.04,0.89,1.04,0.15
57025032,CARPETS ETC OF SILK,57,0.07,0.03,0.0,0.04,0.07,-0.01,-0.08
52102110,SHIRTING FABRICS,52,1.41,0.4,0.05,0.04,1.36,0.36,-1.0
29199010,GLYCEROPHOSPHATE ACID,29,0.03,0.08,0.0,0.04,0.03,0.04,0.01
55159920,"OTHR WVN FBRC OF SYN FIBRS MXD WTH WOOL/  FINE ANML HAIR, BLCHD",55,0.0,0.0,0.07,0.04,-0.07,-0.04,0.03
54071013,UNBLECHD NYLON FURNISHG FBRCS,54,0.57,0.12,0.03,0.04,0.54,0.08,-0.46
52111110,AHIRTING FABRICS,52,0.04,0.15,0.04,0.04,0.0,0.11,0.11
62044320,DRESSES OF SYNTHETIC FIBRES - EMBROIDERED WITH LUCKNOW CHIKAN CRAFT,62,0.41,0.37,0.0,0.04,0.41,0.33,-0.08
58013610,CORDUROYS,58,0.02,0.02,0.04,0.04,-0.02,-0.02,0.0
60052300,WARP KNIT FBRCS OF COTTON YARN OF DIFFRNT COLR,60,0.02,0.03,0.0,0.04,0.02,-0.01,-0.03
29181310,POTASSIUM BITARTRATE,29,0.19,0.49,0.02,0.04,0.17,0.45,0.28
52053220,BLEACHED,52,0.26,0.06,0.05,0.04,0.21,0.02,-0.19
29154020,"DICHLOROACETIC ACID,THEIR SALTS AND ESTERS",29,3.57,2.07,0.06,0.04,3.51,2.03,-1.48
29121920,HEPTALDEHYDE (HEPTANAL),29,0.42,0.78,0.06,0.04,0.36,0.74,0.38
54082211,"RAYON CREPE FBRCS, DYED",54,0.66,0.16,0.03,0.04,0.63,0.12,-0.51
58109110,OTHER EMBROIDERY OF COTTON-Embroidered with Lucknow Chikan Craft,58,0.38,0.37,0.01,0.04,0.37,0.33,-0.04
29321910,HYDROXY-3-DIBENZFUREN CARBOXYLIC ACID,29,0.71,0.35,0.47,0.04,0.24,0.31,0.07
39219027,ARCHITECTURAL MEMBRANE,39,0.0,0.0,0.0,0.04,0.0,-0.04,-0.04
57019011,HAND-MADE,57,2.57,2.4,0.01,0.04,2.56,2.36,-0.2
52051330,DYED,52,7.75,6.41,0.0,0.03,7.75,6.38,-1.37
29334190,OTHERS-OF-LEVORPHANOL (INN) AND ITS SALTS,29,0.0,3.1,0.0,0.03,0.0,3.07,3.07
62079110,DRESSING GOWNS AND BATHROBES OF COTTON,62,8.49,9.87,0.03,0.03,8.46,9.84,1.38
63049241,TABLE CLOTH AND TABLE COVERS OF HANDLOOM,63,3.48,3.21,0.12,0.03,3.36,3.18,-0.18
54026920,P.V.C. FILAMENT YARN,54,0.0,0.0,0.01,0.03,-0.01,-0.03,-0.02
63049281,CUSHION COVERS OF HANDLOOM,63,8.7,7.99,0.06,0.03,8.64,7.96,-0.68
52091900,"OTHER COTTON FABRICS,UNBLEACHED WEIGHING  MORE THAN 200 GM PER SQM",52,5.73,6.05,0.03,0.03,5.7,6.02,0.32
39219035,"OTHR PLTS,SHTS,FILM FOIL,STRIP ETC, OF    REGENERATED CELLULOSE RIGID, LAMINATED",39,0.01,0.33,0.01,0.03,0.0,0.3,0.3
29199020,CALCIUM GLYCEROPHOSPHATE,29,0.2,0.31,0.01,0.03,0.19,0.28,0.09
52081320,DOBBY FABRICS,52,0.56,0.64,0.02,0.03,0.54,0.61,0.07
63019010,JUTE BLANKETS (INCL BLNKTS OF BLNDD JUTE),63,0.01,0.01,0.02,0.03,-0.01,-0.02,-0.01
29314200,DIMETHYL PROPYLPHOSPHONATE (NON-HALOGENATED ORGANO PHOSPHOROUS DERI...,29,0,0,0.0,0.03,0.0,-0.03,-0.03
57025021,CARPETS,57,0.91,1.84,0.03,0.03,0.88,1.81,0.93
53110015,OF COIR INCLUDING LOG FORM AND GEO TEXTILES,53,9.95,10.83,0.03,0.03,9.92,10.8,0.88
52093210,SHIRTING FABRICS,52,5.12,6.35,0.08,0.03,5.04,6.32,1.28
52111290,"OTHERS-OF-MIXED COTTON FBRCS OF 3/4 THRD TWILLINCL CROSS TWILL,UNBLCHD,WGNG >200 G/M2",52,5.88,5.13,0.05,0.03,5.83,5.1,-0.73
52053390,OTHERS-OF-MLTPL(FLDED)/CBLD YRN OF UNCMBD FBRSMEASURNG<232.56 BUT >=192.31DCTX(>43 BUT <=52 MTRC NO PER SNGL YARN),52,0.0,0.0,0.0,0.03,0.0,-0.03,-0.03
29181550,FERRIC AMMONIUM CITRATE,29,0.72,1.07,0.02,0.03,0.7,1.04,0.34
62032990,OTHERS-OF-ENSEMBLES OF OTHER TEXTILE MATERIALS,62,4.42,6.95,0.06,0.03,4.36,6.92,2.56
54079110,"OTHR SYNTHTIC WOVN FBRCS, UNBLECHD",54,0.84,1.48,0.02,0.03,0.82,1.45,0.63
52101110,SHIRTING FABRICS,52,2.91,3.21,0.1,0.03,2.81,3.18,0.37
29211911,"2-CHLORO N, N-DIISOPROPYL ETHYLAMINE",29,0.0,0.0,0.0,0.03,0.0,-0.03,-0.03
57023210,"CARPETS,CARPETING AND RUGS",57,101.03,101.2,0.31,0.03,100.72,101.17,0.45
61045100,SKIRTS AND DIVIDED SKIRTS OF WOOL           OR FINE ANIMAL HAIR,61,0.06,0.05,0.04,0.03,0.02,0.02,0.0
61043100,JACKETS OF WOOL OR FINE ANIMAL HAIR,61,0.38,0.19,0.04,0.03,0.34,0.16,-0.18
50079010,OTHER WOVEN FABRICS OF HANDLOOM,50,2.78,2.22,0.02,0.03,2.76,2.19,-0.57
59113130,CTN FBRCS AND ARTCLS USD IN MACHINERY/PLANT,59,0.22,0.17,0.02,0.03,0.2,0.14,-0.06
61124910,WOMEN SWIMWEAR OF SILK,61,0,0,0.04,0.03,-0.04,-0.03,0.01
52054210,GREY,52,34.34,29.87,0.21,0.03,34.13,29.84,-4.29
54082414,"RAYON GEORGETEE, PRINTD",54,0.0,0.0,0.0,0.03,0.0,-0.03,-0.03
55159110,"OTHR WVN FBRC OF SYN FIBRS MXD WTH MAN    MADE FILMNT, UNBLCHD",55,0.05,0.06,0.0,0.03,0.05,0.03,-0.02
63072010,LIFE JACKETS AND LIFE BELTS OF COTTON,63,0.21,0.28,0.07,0.03,0.14,0.25,0.11
55159940,"OTHR WVN FBRC OF SYN FIBRS MXD WTH WOOL/  FINE ANML HAIR, PRINTD",55,0.18,0.23,0.2,0.03,-0.02,0.2,0.22
62114921,KHADI,62,0.16,0.11,0.0,0.03,0.16,0.08,-0.08
63025900,OTHER TABLE LINEN OF FLAX,63,15.02,17.13,0.04,0.03,14.98,17.1,2.12
55070030,POLYNOSIC TOPS,55,0,0,0.05,0.03,-0.05,-0.03,0.02
52093130,SHIRTING FABRICS,52,0.23,0.31,0.14,0.03,0.09,0.28,0.19
52092120,SHIRTING FABRICS,52,0.01,0.04,0.24,0.03,-0.23,0.01,0.24
54082214,"RAYON GEORGETTE , DYED",54,0.04,0.01,0.06,0.03,-0.02,-0.02,0.0
58063110,TYPE WRITER RIBBON CLOTH,58,0.08,0.09,0.02,0.03,0.06,0.06,0.0
39219021,"OTHR PLTS,SHTS,FILM FOIL,STRIP ETC, OF    POLYMER OF VINYL CHLORIDE RIGID, LACQUERED",39,6.05,5.04,0.13,0.03,5.92,5.01,-0.91
61153000,HOSIERY OF COTTON MESRNG<67 DECTIX,61,1.08,0.68,0.06,0.03,1.02,0.65,-0.37
54075230,TERYLENE AND DACRON SAREES,54,0.16,0.19,0.02,0.03,0.14,0.16,0.02
52113220,SHIRTING FABRCS,52,1.55,0.71,0.01,0.03,1.54,0.68,-0.86
57024990,OTHR FLR CVRNGS,57,10.14,11.05,0.58,0.03,9.56,11.02,1.46
29182320,AMINO SALICYLATE,29,0.62,0.53,0.0,0.03,0.62,0.5,-0.12
58021090,"OTHERS-OF-TERRY TOWELLING AND SIMILAR WOVEN TERRY FABRICS, OF COTTON:",58,1.85,1.03,0.03,0.03,1.82,1.0,-0.82
52103140,POPLIN AND BROAD FABRICS,52,0.01,0.0,0.0,0.03,0.01,-0.03,-0.04
61122090,SKI SUITS OF OTHER FIBRES,61,0.11,0.22,0.02,0.03,0.09,0.19,0.1
52041120,"COTTON THREAD,DARNING",52,0.07,0.13,0.05,0.03,0.02,0.1,0.08
55141220,"WVN FBRC.3/4 THRD TWILL OF POLSTR STPL,   BLCHD",55,0.97,0.11,0.0,0.03,0.97,0.08,-0.89
52081910,"DEDSUTI,DOOSUTI FABRICS",52,0.5,0.25,0.0,0.03,0.5,0.22,-0.28
63049231,PILLOW CASES AND PILLOW SLIPS OF HANDLOOM,63,2.65,1.44,0.0,0.03,2.65,1.41,-1.24
57029190,"OTHR TXTL FLR CVRNGS OF WOOL ETC, NT PILE CONSTRCTN",57,8.29,8.2,0.0,0.03,8.29,8.17,-0.12
57029220,MATS AND MATTING,57,0.7,0.61,0.01,0.03,0.69,0.58,-0.11
58011000,WOVEN PILE FABRICS AND CHENILLE FABRICS     OF WOOL/FINE ANIMAL HAIR,58,0.06,0.02,0.0,0.03,0.06,-0.01,-0.07
61031010,SUITS OF SILK,61,0.06,0.05,0.0,0.03,0.06,0.02,-0.04
29031921,"1,1,1,-TRICHLOROETHANE ( METHYL CHLOROFORM )",29,0,0,0.0,0.03,0.0,-0.03,-0.03
63026010,"TOILET LINEN AND KITCHEN LINEN, OF TERRY TOWELLING OR SIMILAR TERRY FABRICS, OF COTTON, HANDLOOM",63,6.71,6.11,0.05,0.03,6.66,6.08,-0.58
61033920,JACKETS AND BLAZERS OF ARTIFICIAL FIBRES,61,0.31,0.05,0.18,0.03,0.13,0.02,-0.11
62160020,"GLOVES , MITTERS AND MITTS OF HANDLOOM",62,0.0,0.0,0.06,0.03,-0.06,-0.03,0.03
54082411,"RAYON CREPE FBRCS, PRINTD",54,0.22,0.38,0.06,0.03,0.16,0.35,0.19
29319011,METHYLARSONIC ACID AND ITS SALT,29,0.06,0.0,0.03,0.03,0.03,-0.03,-0.06
62139010,HANDKERCHIEFS OF MAN MADE FIBRE,62,0.14,0.27,0.05,0.03,0.09,0.24,0.15
62171060,ACCSSRS FOR ARTCLS OF APPRL OF OTHR FIBRES,62,0.24,0.24,0.03,0.03,0.21,0.21,0.0
53011000,FLAX RAW OR RETTED,53,0.24,2.4,0.13,0.03,0.11,2.37,2.26
57033931,OF 100% POLYPROPYLENE,57,0.0,0.05,0.04,0.03,-0.04,0.02,0.06
62033110,JACKETS AND BLAZERS OF WOOL OR FINE ANIMAL HAIR: KHADI,62,0.44,0.46,0.02,0.03,0.42,0.43,0.01
39094050,PHENOXI RESINS,39,0.03,0.09,0.0,0.03,0.03,0.06,0.03
53109020,DECORTE FBRCS OF JUTE,53,0.3,0.12,0.0,0.03,0.3,0.09,-0.21
53089010,RAMIE YARN,53,0.02,0.01,0.07,0.03,-0.05,-0.02,0.03
29154030,"TRICHLORO ACETIC ACID,THEIR SALTS AND ESTERS",29,4.41,3.69,0.02,0.02,4.39,3.67,-0.72
52114910,ZARI BORDERED SAREE,52,0.01,0.0,0.02,0.02,-0.01,-0.02,-0.01
56090010,COIR PRODUCTS(E.G.COIR FENDER),56,2.18,2.08,0.09,0.02,2.09,2.06,-0.03
62149059,"SHAWLS,MUFFLERS AND THE LIKE OF COTTON-OTHER",62,6.05,5.59,0.02,0.02,6.03,5.57,-0.46
53021000,TRUE HEMP RAW OR RETTED,53,0.01,0.0,0.8,0.02,-0.79,-0.02,0.77
57019031,HAND-MADE,57,25.42,23.16,0.16,0.02,25.26,23.14,-2.12
29335940,1 - AMINO-4METHYL PIPERAZINE,29,6.16,14.31,0.01,0.02,6.15,14.29,8.14
52084310,BLEEDING MADRAS,52,0.0,0.0,0.12,0.02,-0.12,-0.02,0.1
58012100,UNCUT WEFT PILE FABRICS OF COTTON,58,0.01,0.01,0.01,0.02,0.0,-0.01,-0.01
29214522,CLEVES ACID(1 NAPHTHYLAMN-6-SLPHNC ACID),29,0.43,0.19,0.04,0.02,0.39,0.17,-0.22
39206912,PACKAG FILM OF OTHR POLYESTR FLEXIBL PLAIN,39,14.3,16.56,0.07,0.02,14.23,16.54,2.31
62112000,SKI SUITS,62,0.31,0.38,0.01,0.02,0.3,0.36,0.06
29214221,BENZYL ETHYL ANILINE,29,0.01,0.0,0.09,0.02,-0.08,-0.02,0.06
62149039,"ODHANI,COTTON,N.E.S.",62,8.79,7.45,0.0,0.02,8.79,7.43,-1.36
62043210,JACKETS OF COTTON-EMBROIDERED WITH LUCKNOW CHIKAN CRAFT,62,0.65,1.41,0.0,0.02,0.65,1.39,0.74
58030019,"COTTON GAUZE, OTHRS",58,0.1,0.07,0.01,0.02,0.09,0.05,-0.04
51091010,HOSIERY WOOL,51,0.0,0.0,0.03,0.02,-0.03,-0.02,0.01
29309015,SULPHINIC ACID,29,0,0,0.0,0.02,0.0,-0.02,-0.02
52054190,OTHERS-OF-MLTPL(FLDED)/CBLD YARN OF COMBED FIBRES MEASURNG PER SNGL YRN 714.29 DCTX/MORE(NT EXCDNG 14 MTRC NO PER SNGL YRN),52,0.46,0.25,0.01,0.02,0.45,0.23,-0.22
29349930,Buprofezin (ISO),29,0.07,6.48,0.0,0.02,0.07,6.46,6.39
62052020,OF COTTON: EMBROIDERED WITH LUCKNOW CHIKAN CRAFT,62,0.44,0.5,0.03,0.02,0.41,0.48,0.07
29153600,DINOSEB (ISO) ACETATE,29,0,0,0.16,0.02,-0.16,-0.02,0.14
61152910,PANTY HOSE AND TIGHTS OF SILK,61,0.0,0.0,0.0,0.02,0.0,-0.02,-0.02
54060020,ARTIFICIAL FILAMENT YARN,54,0.06,0.08,0.0,0.02,0.06,0.06,0.0
59069110,"RUBRISED COTTON TXTL FBRCS,KNTTD/CROCHETED",59,0.22,0.01,0.01,0.02,0.21,-0.01,-0.22
29322020,PHENOLPHTHALEIN,29,0.13,0.28,0.0,0.02,0.13,0.26,0.13
52052130,DYED,52,0.06,0.03,0.05,0.02,0.01,0.01,0.0
59119040,"MULCH MATS, CONFORMING TO IS 16202",59,0.0,0.0,0.0,0.02,0.0,-0.02,-0.02
57050023,DURRIES OF WOOL,57,42.83,40.6,0.23,0.02,42.6,40.58,-2.02
29333600,4-ANILINO-N-PHENETHYLPIPERIDINE (ANPP),29,0,0,0.0,0.02,0.0,-0.02,-0.02
29396110,ERGOMETRINE,29,0.0,0.0,0.0,0.02,0.0,-0.02,-0.02
52084210,BLEEDING MADRAS,52,0.02,0.01,0.01,0.02,0.01,-0.01,-0.02
52114110,BLEEDING MADRAS,52,0.01,0.0,0.0,0.02,0.01,-0.02,-0.03
62171030,ACCESSORIES FR ARTICLES OF APPAREL OF WOOL,62,0.06,0.05,0.02,0.02,0.04,0.03,-0.01
29161910,UNDECYLANIC ACID,29,2.23,3.51,4.27,0.02,-2.04,3.49,5.53
29225013,PROCAINE HYDROCHLORIDE,29,0.1,0.17,0.02,0.02,0.08,0.15,0.07
39206911,PACKAG FILM OF OTHR POLYESTER RIGID PLAIN,39,0.02,0.03,2.25,0.02,-2.23,0.01,2.24
54049020,STRIP ETC OF SYNTHTC FIBRE MATERIALS,54,0.07,0.09,0.0,0.02,0.07,0.07,-0.0
57023220,MATS AND MATTING,57,0.37,0.42,0.01,0.02,0.36,0.4,0.04
52085110,"Lungi of Plain weave, weighing not more than 100 g/m2",52,0.14,0.31,0.0,0.02,0.14,0.29,0.15
39262021,APRON OF POLYURETHANE FOAM,39,0.02,0.02,0.02,0.02,0.0,0.0,0.0
54076120,POLYESTER SUITINGS,54,0.11,0.11,0.03,0.02,0.08,0.09,0.01
29314920,"BIS [(5-ETHYL-2-METHYL-2-OXIDO-1,3,2-DIOXAPHOSPHINAN-5-YL) METHYL] METHYLPHOSPHONATE",29,0.0,0.0,0.0,0.02,0.0,-0.02,-0.02
52061300,SNGL YRN OF UNCMBD FBRS MEASURNG<232.56   BUT >=192.31 DCTX(<52 BUT >=43 MTRC NO),52,8.93,7.85,0.0,0.02,8.93,7.83,-1.1
55159130,"OTHR WVN FBRC SYN FIBRS MXD WTH MAN -MADE FILMNT, DYED",55,6.96,3.75,0.03,0.02,6.93,3.73,-3.2
57039010,"CARPETS AND OTHER FLOOR COVERINGS, OF COTTON, OTHER THAN DURRIES",57,141.94,127.01,0.03,0.02,141.91,126.99,-14.92
56039420,OTHER FILMNT WGHNG >150G/SQM-Mulch Mats,56,0.0,0.0,0.03,0.02,-0.03,-0.02,0.01
29314800,"3,9-DIMETHYL-2,4,8,10-TETRAOXA-3,9-DIPHOSPHASPIRO[5.5] UNDECANE 3,9-DIOXIDE (NON-HALOGENATED ORGANO PHOSPHOROUS DRVTVS)",29,0.0,0.0,0.0,0.02,0.0,-0.02,-0.02
29420022,TERBUTOLINE SULPHATE,29,1.23,1.35,0.0,0.02,1.23,1.33,0.1
29351000,N-METHYLPERFLUOROOCTANE  SULPHONAMIDE,29,0.05,0.28,0.02,0.02,0.03,0.26,0.23
29036100,METHYL BROMIDE (BROMOMETHANE),29,1.42,0.15,0.05,0.02,1.37,0.13,-1.24
51119010,UNBLEACHED OTHR WOVEN FABRICS OF CARDED   WOOL ETC,51,0,0,0.04,0.02,-0.04,-0.02,0.02
29333323,METHYLPHENIDATE (INN) AND ITS SALT,29,17.41,22.55,0.88,0.02,16.53,22.53,6.0
61029010,"OVRCOATS,CAR-COATS,CAPES ETC OF SILK",61,0.0,0.02,0.0,0.02,0.0,0.0,0.0
52042040,COTON SEWING THREAD NOT CNTNG ANY         SYNTHETIC STAPLE FIBRE,52,0.02,0.28,0.02,0.02,0.0,0.26,0.26
54074210,NYLON BRASSO,54,0.16,0.05,0.0,0.02,0.16,0.03,-0.13
56072100,BINDER OR BALER/TWINE OF SISAL OR OTHER   TEXTILE FIBRES OF THE GENUS AGAVE,56,0.05,0.09,0.28,0.02,-0.23,0.07,0.3
54073010,UNBLECHD FBRC CNSTG LYER OF PAREL TXTL YRN,54,0.0,0.06,0.01,0.02,-0.01,0.04,0.05
29225011,PARA-AMINO-SALICYLIC ACID,29,0.0,0.01,0.35,0.02,-0.35,-0.01,0.34
29199040,SODIUM GLYCEROPHOSPHATE,29,0.7,0.99,0.01,0.02,0.69,0.97,0.28
29181620,FERROUS GLUCONATE,29,1.18,0.65,0.0,0.02,1.18,0.63,-0.55
29242940,ACETO ACETIC PARA CHLORANILIDE,29,0.0,0.0,0.01,0.01,-0.01,-0.01,0.0
62044110,HOUSE COATS AND LIKE DRESSES OF WOOL,62,0.27,0.28,0.0,0.01,0.27,0.27,0.0
39121220,CELLULOSE ACETATE MOULDING POWDER,39,0,0,0.0,0.01,0.0,-0.01,-0.01
29333914,CHLORPHENIRAMINE MALEATE,29,6.18,5.39,0.13,0.01,6.05,5.38,-0.67
52083330,SHIRTINN ( INCLD MAZRI ),52,0,0,0.0,0.01,0.0,-0.01,-0.01
54026940,ACRYLIC FILAMENT YARN,54,0.22,0.51,0.0,0.01,0.22,0.5,0.28
52095130,SHIRTING FABRICS,52,0.04,0.05,0.04,0.01,0.0,0.04,0.04
29214320,DIMETHYL TOLUIDNE,29,1.82,2.45,0.0,0.01,1.82,2.44,0.62
29049920,DINITROCHLOREBENZENE,29,3.6,2.35,0.03,0.01,3.57,2.34,-1.23
63049110,SILK BELT,63,0.08,0.01,0.0,0.01,0.08,0.0,-0.08
29333922,Imazethapyr (ISO),29,4.23,3.68,0.0,0.01,4.23,3.67,-0.56
54031020,"VISCOSE RAYON TYPE YARN - 1, 833 DECITEX",54,15.14,15.2,0.01,0.01,15.13,15.19,0.06
62041100,SUITS OF WOOL OR FINE ANIMAL HAIR,62,0.78,0.54,0.01,0.01,0.77,0.53,-0.24
53109092,OTHER DYED FBRCS,53,0.51,0.58,0.0,0.01,0.51,0.57,0.06
52122500,OTHR PRINTED WOVEN FBRCS WGHNG >200 G/M2,52,0.9,0.74,0.03,0.01,0.87,0.73,-0.14
39209390,OTHR PLTES SHTS ETC OF AMINO-RESINS  NES,39,0.88,0.81,0.01,0.01,0.87,0.8,-0.07
57025033,PLACEMAT TABLEMAT ETC.,57,0.73,0.97,0.01,0.01,0.72,0.96,0.24
63101090,"OTHERS-OF-SORTED RAGS,SCRP TWNE,CORDGE,ROPE ETC",63,0.72,0.85,0.12,0.01,0.6,0.84,0.24
63024020,"TABLE LINEN OF WOOL,HAND KNITTED/CROCHETED",63,0.0,0.02,0.02,0.01,-0.02,0.01,0.03
62079921,DRESSING GOWNS AND BATHROBES OF WOOL      AND FINE ANIMAL HAIR,62,0.05,0.01,0.01,0.01,0.04,0.0,-0.04
62143010,"SHWLS,SCRVS,MUFFLERS ETC OF SYNTHTC FBRS-EMBROIDERED WITH LUCKNOW CHIKAN CRAFT",62,0.35,0.4,0.02,0.01,0.33,0.39,0.06
52062500,SNGL YRN OF CMBD FBRS MEASURNG LESS       THN 125 DCTX(EXCDNG 80 MTRC NO),52,2.38,1.49,0.13,0.01,2.25,1.48,-0.77
63029110,"OTHER BED LINEN, TABLE LENEN, TOILET LINEN, KITCHEN LINEN: OF COTTON, HANDLOOM",63,0.57,0.55,0.0,0.01,0.57,0.54,-0.03
29214525,LAURENTS ACID(1-NPHTHYLAMN-5-SLPHNC ACID),29,0.06,0.04,0.03,0.01,0.03,0.03,0.0
62141010,SCARVES OF SILK MEASURING 60 CM OR LESS   OTHER THAN HAND PRINTED,62,1.8,2.61,0.01,0.01,1.79,2.6,0.81
52093140,FURNSHING FABRIC(EXCL PILEANDCHENILLE FABRC),52,2.9,3.69,0.0,0.01,2.9,3.68,0.78
58050090,TAPESTRIES OF OTHRS,58,0.72,0.79,0.0,0.01,0.72,0.78,0.06
29394400,*NOREPHEDRINE AND ITS SALTS (ALKALOIDS OF EPHEDRA AND THEIR DERIVATIVES; SALTS THEIR OF),29,2.76,3.17,0.0,0.01,2.76,3.16,0.4
55064000,SYNTHTC STAPLE FIBRES OF POLYPROPYLENE,55,0,0,0.0,0.01,0.0,-0.01,-0.01
51130030,DYED WOVN FBRCS OF COURSE ANML HAIR OR OF HORSE HAIR,51,0,0,0.02,0.01,-0.02,-0.01,0.01
54071025,BLECHD OTHR NYLON/POLYAMIDE FBRCS         ( FILAMENT ),54,0.06,0.78,0.04,0.01,0.02,0.77,0.75
58089030,OTHER BRAIDS,58,0.06,0.05,0.03,0.01,0.03,0.04,0.01
62179020,"COLLARS,SHIRTS FRONT AND CUFFS OF SILK",62,0.04,0.05,0.02,0.01,0.02,0.04,0.02
29029020,DIPHENYL METHANE,29,0.87,0.41,0.0,0.01,0.87,0.4,-0.47
52104110,BLEEDING MADRAS,52,0.0,0.0,0.0,0.01,0.0,-0.01,-0.01
63022900,PRINTED BED LINEN OF OTHR TXTL MATRLS,63,1.84,1.6,0.05,0.01,1.79,1.59,-0.2
29052240,RHODINOL,29,0.0,0.03,0.03,0.01,-0.03,0.02,0.05
39169040,REGENARATED CELLULOSE,39,0.0,0.06,0.0,0.01,0.0,0.05,0.05
29242110,DIETHYL DIPHENYL UREA,29,0.14,0.0,0.11,0.01,0.03,-0.01,-0.04
56089010,"TWINE,CORDAGE/ROPE ETC OF COTTON",56,0.14,0.11,0.01,0.01,0.13,0.1,-0.03
61171030,"SHWL, SCRV, MUFLR ETC OF COTTON",61,1.94,2.98,0.02,0.01,1.92,2.97,1.05
58019010,"PILE/CHENILLE FBRCS OF SILK CONTNG>50% BT WT OF SLK, BT NT CNTNG WOOL/HAIR",58,0.11,0.11,0.01,0.01,0.1,0.1,0.0
61089910,NEGLIGES ETC OF SILK,61,0.02,0.0,0.0,0.01,0.02,-0.01,-0.03
63079012,"DRESS MATERIALS OF SILK,HAND PRINTED",63,0.08,0.19,0.02,0.01,0.06,0.18,0.12
51040090,OTHERS-OF-GRNTD STOCK OF WOOL/FINE/COARSE ANML HAIR,51,0.0,0.06,0.0,0.01,0.0,0.05,0.05
56090030,"ARTICLES,MADE-UP OF JUTE",56,0.84,1.31,0.01,0.01,0.83,1.3,0.47
63079092,ARMOUR FOR BALLISTIC PROTECTION,63,0.0,0.0,0.0,0.01,0.0,-0.01,-0.01
63109030,GUNNY CUTTINGS,63,0,0,0.01,0.01,-0.01,-0.01,0.0
29315939,OTHERS-OF-OTHERS-OF-OTHER ORGANO-INORGANIC COMPOUNDS,29,0,0,0.0,0.01,0.0,-0.01,-0.01
39169032,POLYMETHYL METHACRYLATE,39,0.0,0.0,0.0,0.01,0.0,-0.01,-0.01
62045310,SKIRTS AND DIVIDED SKIRTS OF SYNTHETIC FIBRS - EMBROIDERED WITH LUCKNOW CHIKAN CRAFT,62,0.24,0.19,0.01,0.01,0.23,0.18,-0.05
57024220,MATS AND MATTINGS,57,0.21,0.07,0.07,0.01,0.14,0.06,-0.08
62046911,TROUSERS BIB ETC OF SLK SEQND/BDED/EMBRDRD,62,0.17,0.16,0.01,0.01,0.16,0.15,-0.01
54060010,SYNTHETIC FILAMENT YARN,54,0.64,0.21,0.25,0.01,0.39,0.2,-0.19
61178010,OTHR CLOTNG ACCESSORIS OF SILK,61,0.03,0.01,0.01,0.01,0.02,0.0,-0.02
54071094,OTHR UMBRELLA CLOTH PANEL FBRCS,54,0.01,0.03,0.0,0.01,0.01,0.02,0.01
29214310,DIETHYL TOLUIDINE,29,0.0,0.01,0.07,0.01,-0.07,0.0,0.07
55159930,"OTHR WVN  FBRC OF SYN FIBRS MXD WTH WOOL/ FIINE ANML HAIR, DYED",55,6.71,7.31,0.04,0.01,6.67,7.3,0.63
52064300,MULTPL(FLDED)/CBLD YRN OF CMBD FBRS       MEASURNG PER SNGL YRN <232.56 BUT>=192.31 DCTX (>43 BUT <=52 MTRC NO),52,1.2,1.72,0.06,0.01,1.14,1.71,0.57
52095119,OTHERS LUNGIS,52,0.6,0.35,0.0,0.01,0.6,0.34,-0.26
54074111,UNBLECHD NYLON BRASSO,54,0.0,0.0,0.01,0.01,-0.01,-0.01,0.0
29322030,"BRODIFACOUM,BROMADIOLONE,COUMACHLOR,COUMATETRALYL,FLOCOUMAFEN,MILBEMECTIN,SPIROMESIFEN",29,0.0,0.13,0.0,0.01,0.0,0.12,0.12
58023000,TUFTED TEXTILE FABRICS,58,0.05,0.03,0.01,0.01,0.04,0.02,-0.02
63049991,OTHER FURNISHING ARTICLES OF SILK: HANDLOOM,63,0.43,0.2,0.0,0.01,0.43,0.19,-0.24
62044911,HOUSE COATS AND LIKE DRESSES OF SILK,62,6.95,6.19,0.01,0.01,6.94,6.18,-0.76
62114910,Of wool or fine animal hair of silk,62,0.28,0.45,0.05,0.01,0.23,0.44,0.21
29146920,METHYL ANTHRAQUINONE,29,0.0,0.0,0.01,0.01,-0.01,-0.01,0.0
57029910,CARPETS ETC OF COTTON (NT DURRIES),57,47.35,50.3,0.0,0.01,47.35,50.29,2.94
54074440,NYLON SAREE,54,0.12,0.03,0.02,0.01,0.1,0.02,-0.08
39159079,OTHERS-OF-WASTE PARINGS AND SCRAP OF OTHR PLASTIC,39,0.0,0.0,0.02,0.01,-0.02,-0.01,0.01
29309096,O-ETHYL S-PHENYL ETHYLPHOSPHONOTHIOLOTHIONATE  (FONOFOS),29,0.0,0.24,0.0,0.01,0.0,0.23,0.23
39209291,"OTHER POLYAMIDES RIGID, PLAIN",39,0.02,0.04,0.0,0.01,0.02,0.03,0.01
63061920,COIR BLINDS/AWNINGS,63,0.0,0.01,0.01,0.01,-0.01,0.0,0.01
29225022,AMINODIAL,29,0,0,0.0,0.01,0.0,-0.01,-0.01
54034190,OTHERS-OF-OTHR YRN OF VISCOS RAYN MULTIPL/CABLED,54,1.87,1.55,0.44,0.01,1.43,1.54,0.11
29335930,DIETHYL CARBANAZINE CITRATE,29,1.21,0.35,0.0,0.01,1.21,0.34,-0.87
62104080,"CLOTHING FOR SPECIAL USE SUCH AS FR, CHEMICAL, ELECTRICAL AND INDUSTRIAL PROTECTION",62,0.02,0.23,0.0,0.01,0.02,0.22,0.2
29349940,"BNTAZON,BIXLZON,CLOMZN,DAZOMT,DIMTHOMORPH,ETOXZLE,FLUNSLFN,FLUFNCET,FLUMOXZN,HXYTHAZX,INDXACRB,ISOCYCLSRM,OXDIARGYL ETC.",29,0.0,70.62,0.0,0.01,0.0,70.61,70.61
55141910,"WVN FBRC OF OTHR POLSTR STPL, UNBLCHD",55,0.01,0.12,0.04,0.01,-0.03,0.11,0.14
62099010,BABIES GARMENTS AND CLOTHING ACCESS OF SILK,62,0.39,0.16,0.0,0.01,0.39,0.15,-0.24
62082110,HANDLOOM,62,1.01,1.17,0.0,0.01,1.01,1.16,0.15
29314940,BUTYL METHYLPHOSPHINATE,29,0.0,0.04,0.0,0.01,0.0,0.03,0.03
62141030,"SCARVES OF SILK, HANDLOOM",62,17.72,42.47,0.0,0.01,17.72,42.46,24.74
61044910,DRESSES OF SILK,61,0.5,0.53,0.03,0.01,0.47,0.52,0.05
55169110,"OTHR MXD WVN FBRC OF ARTFCL STPL FIBRES , UNBLCHD",55,0.15,0.07,0.09,0.01,0.06,0.06,0.0
39262041,"COLAR STAYS,PATTIES,BUTTERFLY,SHOLUDER-   PADAND OTHER STAYS OF POLYURETHANE FOAM",39,0.04,0.04,0.01,0.01,0.03,0.03,0.0
59100020,RUBBERISED COTTON BELTING,59,0.02,0.03,0.0,0.01,0.02,0.02,-0.0
62042100,ENSEMBLES OF WOOL OR FINE ANIMAL HAIR,62,0.02,0.07,0.0,0.01,0.02,0.06,0.04
52054720,BLEACHED,52,1.13,0.47,0.02,0.01,1.11,0.46,-0.65
62104070,SURGICAL GOWNS AND DRAPES,62,0.09,0.08,0.0,0.01,0.09,0.07,-0.02
53031090,OTHERS-OF-OTHER BAST FIBRES,53,0.06,0.03,0.02,0.01,0.04,0.02,-0.02
29072910,1:5 DIHYDROXY NAPTHALENE,29,0.0,0.0,0.03,0.01,-0.03,-0.01,0.02
54071021,BLECHD PARACHUTE FABRICS,54,0.2,0.09,0.0,0.01,0.2,0.08,-0.12
58030091,GAUZE OF SILK/SILK WASTE,58,0.0,0.0,0.0,0.01,0.0,-0.01,-0.01
61178020,OTHR CLOTNG ACCESSORIS OF WOOL,61,0.1,0.04,0.02,0.01,0.08,0.03,-0.05
54022010,POLYESTER(TERYLENE DACRON),54,0.0,0.0,0.89,0.01,-0.89,-0.01,0.88
52084110,BLEEDING MADRAS,52,0.04,0.03,0.01,0.01,0.03,0.02,-0.01
52102120,POPLIN AND BROAD FABRICS,52,0.52,0.11,0.0,0.01,0.52,0.1,-0.42
63049120,WOOLLEN CUSHION COVER,63,0.46,0.5,0.0,0.01,0.46,0.49,0.03
55162110,"WVN FBRC CNTNG<85% BY WT OF ARTFCL STPL   FBRS MXD WTH MAN-MADE FILMNT, UNBLCHD",55,0.07,0.16,0.0,0.01,0.07,0.15,0.08
51111910,UNBLEACHED WOVN FBRCS,51,0.01,0.04,0.01,0.01,0.0,0.03,0.03
52081220,SAREE,52,0.28,0.25,0.02,0.01,0.26,0.24,-0.02
29095050,BUTYLATED HYDROXYANISOLE (BHA),29,36.51,35.9,0.02,0.01,36.49,35.89,-0.6
29049970,SODIUM META NITROCHLOROBENZENE SULPHONATE,29,4.15,3.5,0.0,0.01,4.15,3.49,-0.66
55144300,"WVN FBRCS OF OTHR POLYSTR STPL FBRS,PRNTD",55,0.19,0.12,0.02,0.01,0.17,0.11,-0.06
57042090,"OTHERS-OF-TILES, HAVING A MAXIMUM SURFACE AREA EXCEEDING 0.3 M² BUT NOT EXCEEDING 1 M²:",57,0.01,0.0,0.01,0.01,0.0,-0.01,-0.01
54082415,"RAYON TAFETTA , PRINTD",54,0,0,0.0,0.01,0.0,-0.01,-0.01
54074123,BLECHD NYLON TAFETTA,54,0.0,0.0,0.12,0.01,-0.12,-0.01,0.11
52113120,CANVAS ( INCL DUCK ) OF CARDED/           COMBED YARN,52,0.0,0.05,0.0,0.01,0.0,0.04,0.04
54083417,RAYON SHIRTING,54,0.03,0.01,0.01,0.01,0.02,0.0,-0.02
61152920,PANTY HOSE AND TIGHTS OF WOOL/FINE ANML HAIR,61,0.03,0.01,0.01,0.01,0.02,0.0,-0.02
54078240,POLYESTER SUITINGS,54,0.05,0.09,0.0,0.01,0.05,0.08,0.03
61043910,JACKETS OF SILK,61,0.01,0.04,0.0,0.01,0.01,0.03,0.02
52091250,"CANVAS, INCLD DUCK-CARDED/COMBED YARN",52,0.47,0.26,0.02,0.01,0.45,0.25,-0.2
61171010,"SHWL, SCRV, MUFLR ETC OF SILK",61,0.02,0.02,0.03,0.01,-0.01,0.01,0.02
62063010,HANDLOOM,62,12.92,10.61,0.03,0.01,12.89,10.6,-2.29
57050024,"COTTON DURRIES OF HANDLOOM (INCLUDING CHINDI DURRIES, COTTON CHENILLE DURIES, RAG RUG DURRIE PRINTED DURRIES, DRUGGETS)",57,17.86,14.34,0.01,0.01,17.85,14.33,-3.52
55113090,OTHR YARN OF ARTFVL STAPL FBRCS,55,0.04,0.45,0.02,0.01,0.02,0.44,0.42
58109220,EMBROIDERY OF MAN-MADE FIBRE-Embroidered with Lucknow Chikan Craft,58,0.08,0.02,0.0,0.01,0.08,0.01,-0.07
63049291,OTHER FURNISHING ACRICLES OF HANDLOOM,63,20.87,17.25,0.02,0.01,20.85,17.24,-3.61
39201093,ARMOUR FOR BALLISTIC PROTECTION,39,0.0,0.0,0.0,0.01,0.0,-0.01,-0.01
62071990,UNDERPANTS AND BRIEFS OF OTHER FIBRES,62,5.33,5.31,0.03,0.01,5.3,5.3,0.0
29333321,FENTANYL (INN) AND ITS SALT,29,0,0,0.01,0.01,-0.01,-0.01,0.0
55143013,"WOVN FABRCS OF OTHR POLYSTR STAPL FIBRS,  YARN OF DIFERENT COLOURS",55,0.02,0.02,0.0,0.01,0.02,0.01,-0.01
29314100,DIMETHYL METHYLPHOSPHONATE (NON-HALOGENATED ORGANO PHOSPHOROUS DERIVATIVES),29,0.81,1.32,0.0,0.01,0.81,1.31,0.5
39262031,PLASTIC STICKERS FOR GARMENTS             OF POLYURETHANE FOAM,39,0.01,0.01,0.01,0.01,0.0,0.0,0.0
54078112,UNBLECHD NYLON SAREE,54,0.0,0.01,0.01,0.01,-0.01,0.0,0.01
29163960,DICHLOROPHENYL ACETYL CHLORIDE,29,0,0,0.0,0.01,0.0,-0.01,-0.01
29201100,PARATHION (ISO) AND PARATHION-METHYL (ISO),29,0,0,0.0,0.01,0.0,-0.01,-0.01
29336920,"4-[4,6-BIS(2,4-D   IMETHYLPHENYL)-1,3,5-TRIAZINE-2-YL]-1,3-BENZENEDIOL",29,8.19,0.02,0.29,0.01,7.9,0.01,-7.89
61122050,SKI SUITS OF ARTIFICIAL FIBRES,61,0.0,0.0,0.0,0.01,0.0,-0.01,-0.01
39207129,OTHR SHEETS OF CELLULOSE NITRATEAND         CELLULOIDW/N PLASTICISED,39,0.01,0.02,0.01,0.01,0.0,0.01,0.01
29309012,CALCIUM SALTS OF METHIONINE,29,0.0,0.0,0.0,0.01,0.0,-0.01,-0.01
39209211,"POLY (AMIDE FLURODE) FILM RIGID, PLAIN",39,0.16,0.04,0.04,0.01,0.12,0.03,-0.09
55112000,YRN OF SYNTHTC STAPLE FIBRES CNTNG        LESS THN  85% BY WEIGHT OF SUCH FIBRES,55,3.99,5.37,0.06,0.01,3.93,5.36,1.43
57023990,"OTHERS-OF-CRPTS AND TXTL FLOOR CVRNGS,WOVEN,OF OTHR TXTL MATRLS,OF PILE CNSTRCTN,NOT MADE UP",57,0.21,0.49,0.07,0.01,0.14,0.48,0.34
39206922,"SUN/DUST CONTROL FILM  OF OTHR POLYESTERS FLEXIBLE, PLAIN",39,0,0,0.03,0.01,-0.03,-0.01,0.02
52083180,VOILS ( EXCLD LEMO FABRICS ),52,3.01,3.58,0.0,0.01,3.01,3.57,0.56
55161420,SPUN RAYON PRINTED LINEN,55,0.0,0.02,0.01,0.01,-0.01,0.01,0.02
39205991,"SHETS ETC OF OTHR ACRYLIC POLYMERS  NES   RIGID, PLAIN",39,0.05,0.01,0.0,0.01,0.05,0.0,-0.05
63049910,SILK CUSHION COVERS,63,0.93,0.64,0.01,0.01,0.92,0.63,-0.29
29037790,"OTHER DERIVATIVES, PERHALOGENATED ONLY WITH  FLUORINE AND CHLORINE",29,0.0,0.74,0.25,0.01,-0.25,0.73,0.98
63109020,"COTTON RAGS,NEW OR USED",63,0.58,0.38,0.01,0.01,0.57,0.37,-0.2
29353000,N-ETHYL-N-(2-HYDROXYETHYL)  PERFLUOROOCTANE  SULPHONAMIDE,29,0.0,0.0,0.0,0.01,0.0,-0.01,-0.01
52083260,"CAMBRICS ( INCLD MADAPOLLAM AND JACONET ) , LONG CLOTH AND VOILS",52,0.01,0.07,0.0,0.0,0.01,0.07,0.06
57049010,COTTON,57,0.0,0.0,0.01,0.0,-0.01,0.0,0.01
54078111,UNBLECHD NYLON GEORGETTE,54,0.03,0.01,0,0,0.03,0.01,-0.02
29038200,"ALDRIN (ISO), CHLORDANE (ISO)",29,0.0,0.0,0,0,0.0,0.0,0.0
54071091,OTHR PARACHUTE FBRCS,54,0.04,0.07,0.0,0.0,0.04,0.07,0.03
52092140,SEERSUCKER,52,0.0,0.0,0.0,0.0,0.0,0.0,0.0
52094120,SAREE,52,0.02,0.02,0.0,0.0,0.02,0.02,0.0
29214511,ALPHA NAPHTHYLAMINE,29,0.11,0.38,0,0,0.11,0.38,0.27
29032900,*OTHER -SATURATED FLUORINATED DERIVATIVES OF ACYCLIC-HYDROCARBONS,29,1.47,0.0,11.89,0.0,-10.42,0.0,10.42
39219093,"OTHR PLTS,SHTS,FILM FOIL,STRIP ETC NES    RIGID, METALLISED",39,2.2,1.42,0,0,2.2,1.42,-0.78
52091114,"SHEETING ( TAKIA, LEOPARD CLOTH AND OTHR    THAN FURNISHING ), HANDLOOM",52,0.0,0.0,0,0,0.0,0.0,0.0
62044991,OTHR DRESSES OF OTHR TXTL MATERIALS  OTHR THAN SILK - EMBROIDERED WITH LUCKNOW CHIKAN CRAFT,62,0.18,0.04,0.0,0.0,0.18,0.04,-0.14
29309010,*THIOUREA(SULPHOUREA),29,0.76,0.0,7.43,0.0,-6.67,0.0,6.67
29039210,HEXACHLOROBENZENE (ISO),29,0.01,0.0,0,0,0.01,0.0,-0.01
52093910,ZARI BORDERED SAREE,52,0.0,0.0,0.0,0.0,0.0,0.0,0.0
29201930,"EDIFENPHOS, FENITROTHION, IPROBENFOS (KITAZIN)",29,0,0,0.0,0.0,0.0,0.0,0.0
57029120,DRUGGETS,57,0.05,0.12,0,0,0.05,0.12,0.07
29315931,ETHEPHON,29,0,0,0.0,0.0,0.0,0.0,0.0
50030020,TASAR WASTE,50,0.0,0.03,0,0,0.0,0.03,0.03
55152120,"FBRC OF ACRTLC/MODACRYLC,MXD WTH MAN-MADE FILMNT,  BLCHD",55,0.01,0.02,0,0,0.01,0.02,0.01
52112040,SAREE,52,0.07,0.05,0,0,0.07,0.05,-0.02
29189910,SODIUM PHENOXY ACETATE,29,2.84,2.22,0,0,2.84,2.22,-0.62
29331991,FLUORO-3-(DIFLUOROMETHYL)-1-METHYL-1  H- PYRAZOLE-4-CARBONYL FLUORIDE,29,0.48,0.19,0.0,0.0,0.48,0.19,-0.29
52010013,INDN COTN OF STPL LNGTH OVR 20.5MM(26/32)AND BELOW 24.5MM(30/32)EXCL BENGAL,52,4.38,1.52,0.0,0.0,4.38,1.52,-2.86
52082160,MULLS ( INCLD LIMBRIC AND WILLAYS ),52,1.94,1.43,0,0,1.94,1.43,-0.51
55094230,P.V.C.SPUN YARN,55,0.0,0.0,0.0,0.0,0.0,0.0,0.0
52104160,SAREE,52,0.0,0.01,0,0,0.0,0.01,0.01
63025110,"OTHER TABLE LINEN: OF COTTON, HANDLOOM",63,2.5,2.89,0.0,0.0,2.5,2.89,0.39
51111920,BLEACHED WOVN FBRCS,51,0.0,0.0,0,0,0.0,0.0,0.0
29189930,"2,4-D amine salt,ethyl ester,sodium salt, 2,4-dichlrophenxy acetic acid,prohexadione calcium,s-bioallethrin,sodium acifluorfen",29,0.0,1.68,0.0,0.0,0.0,1.68,1.68
52104150,POPLIN AND BORAD FABRICS,52,0.0,0.0,0,0,0.0,0.0,0.0
52041140,COTON SEWING THREAD NOT CNTNG ANY         SYNTHETIC STAPLE FIBRE,52,1.64,0.76,0.02,0.0,1.62,0.76,-0.86
51111120,BLEACHED WOVN FBRCS,51,0.02,0.03,0.0,0.0,0.02,0.03,0.01
62103020,"OUTER GARMENTS,WOMENS AND GIRLS OF RUBBERISED TEXTILE FABRICS",62,0.02,0.03,0,0,0.02,0.03,0.01
29359023,SULPHAMOXOLE,29,0,0,0.0,0.0,0.0,0.0,0.0
54071023,BLECHD NYLON FURNISHN FBRCS,54,0.01,0.0,0.01,0.0,0.0,0.0,0.0
51062010,SHODDY WOOLLEN YARN,51,0.03,0.0,0,0,0.03,0.0,-0.03
52105150,VOILS,52,0.29,0.31,0,0,0.29,0.31,0.02
53101092,STNDRD WOVN FBRCS CNTNG JUTE >= 50%,53,0.0,0.0,0,0,0.0,0.0,0.0
29042060,DINITROTOLUENE,29,1.59,1.63,0.0,0.0,1.59,1.63,0.04
52081110,DHOTI,52,4.29,3.65,0.16,0.0,4.13,3.65,-0.48
54071033,DYED NYLON FURNISHG FBRCS,54,0.05,0.01,0.03,0.0,0.02,0.01,-0.01
29314400,METHYLPHOSPHONIC ACID(NON-HALOGENATED ORGANO PHOSPHOROUS DERIVATIVES),29,0.54,0.0,0.0,0.0,0.54,0.0,-0.54
52122200,OTHR BLCHD WOVN FBRCS WGHNG >200 G/M2,52,0.08,0.07,0.07,0.0,0.01,0.07,0.06
29394300,CATHINE (INN) AND ITS SALTS (ALKALOIDS OF EPHEDRA AND THEIR DERIVATIVES; SALTS THEIR OF),29,0.25,0.0,0.0,0.0,0.25,0.0,-0.25
52081140,CASEMENT,52,1.58,0.05,0,0,1.58,0.05,-1.53
39159030,WASTE SCRAP OF ACRYLIC POLYMERS AND        METHLYACRYLIC COPOLYMERS,39,0,0,0.01,0.0,-0.01,0.0,0.01
54078121,BLECHD NYLON GEORGETTE,54,0.01,0.0,0,0,0.01,0.0,-0.01
60052400,"WARP KNIT FBRCS OF COTTON, PRINTD",60,0.08,0.01,0.02,0.0,0.06,0.01,-0.05
52082180,VOILS ( EXCLD LENO FABRICS ),52,1.02,1.66,0,0,1.02,1.66,0.64
62114922,OTHER GARMENTS OF OTHER TEXTILE MATERIALS : OF SILK - EMBROIDERED WITH LUCKNOW CHIKAN CRAFT,62,0.01,0.03,0,0,0.01,0.03,0.02
52084140,"BED TICKING, DOMESTIC",52,0.01,0.0,0,0,0.01,0.0,-0.01
62041991,SUITS OF ALL OTHER FIBRES - Embroidered with Lucknow Chikan Craft,62,0.28,0.1,0,0,0.28,0.1,-0.18
52064400,MULTPL(FLDED)/CBLD YRN OF CMBD FBRS       MEASURNG PER SNGL YRN <192.31 BUT >= 125  DCTX (>52 BUT <=80 MTRC NO),52,2.0,1.77,0,0,2.0,1.77,-0.23
55144100,"WOVEN FABRICS OF POLYESTER STAPLE FIBRES, PLAIN WEAVE,PRINTED",55,0,0,0.0,0.0,0.0,0.0,0.0
61082910,BRIEFS AND PANITES OF SILK,61,0.0,0.0,0.0,0.0,0.0,0.0,0.0
29214360,2-CHLORO-5-TOLUIDINE-4-SULPHONIC ACID,29,0.22,0.16,0.39,0.0,-0.17,0.16,0.33
62059012,OF SILK: EMBROIDERED WITH LUCKNOW CHIKAN CRAFT,62,0.0,0.0,0,0,0.0,0.0,0.0
29181540,DISODIUM HIDROGEN CIRTATE,29,0.86,0.74,0.11,0.0,0.75,0.74,-0.01
29036200,"ETHYLENE DIBROMIDE (ISO) (1,2-DIBROMOETHANE)",29,1.77,2.06,0.0,0.0,1.77,2.06,0.29
61034910,"TROUSERS,BIB,SHORTS ETC OF SILK",61,0.02,0.0,0.0,0.0,0.02,0.0,-0.02
55159120,"OTHR WVN FBRC OF SYN FIBRS MXD WTH MAN    MADE FILMNT, BLCHD",55,0.02,0.01,0.0,0.0,0.02,0.01,-0.01
52062200,SNGL YRN OF CMBD FBRS MEASURNG<714.29     BUT>=232.56 DCTX(>14 BUT<=43 MTRC NO),52,36.89,29.52,0.1,0.0,36.79,29.52,-7.27
54071031,DYED PARACHUTE FABRICS,54,8.82,7.57,0.02,0.0,8.8,7.57,-1.23
62114991,OTHER GARMENTS OF OTHER TEXTILE MATERIALS EXCL. WOOL OR FINE ANIMAL HAIR/SILK - EMBROIDERED WITH LUCKNOW CHIKAN CRAFT,62,0.02,0.04,0.02,0.0,0.0,0.04,0.04
57024130,MATS AND MATTING OF WOOL/FINE ANML HAIR,57,0.0,0.0,0.0,0.0,0.0,0.0,0.0
29234000,DIDECYLDIMETHYLAMMONIUM PERFLUOROOCTANE SULPHONATE,29,0,0,0.0,0.0,0.0,0.0,0.0
29309060,*SULPHOXIDE,29,1.68,0.0,20.02,0.0,-18.34,0.0,18.34
57050032,CARPETS OF COIR JUTE,57,1.79,0.74,0.01,0.0,1.78,0.74,-1.04
61071910,UNDERPANTS AND BRIEFS OF SILK,61,0.11,0.13,0.0,0.0,0.11,0.13,0.02
54071045,PRINTED OTHR NYLON/POLYAMIDE FBRCS        ( FILAMENT ),54,0.08,0.55,0.0,0.0,0.08,0.55,0.47
29222931,N-METHYL-PARA-AMINOPHENOL SULPHATE(MOTOL),29,0.04,0.25,0,0,0.04,0.25,0.21
29359012,SULPHAFURAZOLE,29,0.01,0.01,0,0,0.01,0.01,0.0
29221913,"2-HYDROXY N,N-DIISOPROPYL ETHYLAMINE",29,0.0,0.0,0,0,0.0,0.0,0.0
29242120,DIMETHYL DIPHENYL UREA (ZENTRALIN),29,0.03,0.41,0.0,0.0,0.03,0.41,0.38
52051130,DYED,52,0.89,0.5,0.06,0.0,0.83,0.5,-0.33
52105120,CASEMENT,52,0.0,0.0,0,0,0.0,0.0,0.0
57050021,DURRIES OF COTTON,57,13.71,9.91,0.0,0.0,13.71,9.91,-3.8
60019910,OTHR PILE FBRCS OF WOOL OR FINE ANMAL HAIR,60,0.03,0.0,0.04,0.0,-0.01,0.0,0.01
29039229,OTHER DDT,29,0.52,0.5,0.02,0.0,0.5,0.5,0.0
57050022,DURRIES OF MAN-MADE FIBRES,57,11.48,10.21,0.07,0.0,11.41,10.21,-1.2
52113210,CREPE FBRCS INCL CREPE CHECKS,52,0,0,0.0,0.0,0.0,0.0,0.0
53081010,"COIR YARN,BALED",53,1.02,1.5,0,0,1.02,1.5,0.48
62149032,"ODHANI,COTTON,WHITE BLEACHED",62,0.02,0.0,0,0,0.02,0.0,-0.02
62159010,"TIES,BOW TIES AND CRAVATS OF COTTON",62,0.1,0.25,0.01,0.0,0.09,0.25,0.16
52081250,"SHEETING ( TAKIA, LEOPARD FABRICS, OTHER  FURNISHING FBRCS",52,0.35,0.28,0,0,0.35,0.28,-0.07
52102920,"DEDSUTI,DOOSUTI,CRETONNES AND OSUMBURGE",52,0.0,0.0,0,0,0.0,0.0,0.0
29309040,*L-CYSTINE (ALPHA-AMINO BETA-THIO          PROPIONICACID)-SULPHUR CONTAINING AMINO   ACID,29,4.83,0.0,18.67,0.0,-13.84,0.0,13.84
62045991,SKRTS AND DVDED SKRTS OF OTHR TXTL MATERIALS OTHR THAN SILK - EMBROIDERED WITH LUCKNOW CHIKAN CRAFT,62,0.03,0.09,0.0,0.0,0.03,0.09,0.06
54078113,UNBLECHD POLYESTER SHIRTING,54,0.06,0.07,0,0,0.06,0.07,0.01
62104030,HIGH VISIBILITY WARNING CLOTHES AND THE LIKE,62,0.0,0.03,0.0,0.0,0.0,0.03,0.03
29161950,*ESTRS OF UNSATRTD ACYLC MONOACDS NES,29,15.55,0.0,0.08,0.0,15.47,0.0,-15.47
39159062,WASTE PARINGS SCRAP OF AMINOPLAST,39,0.0,0.0,0,0,0.0,0.0,0.0
55109030,YRN MADE OF 100% INHERENT FR ARTIFICIAL FBRE,55,0.0,0.0,0,0,0.0,0.0,0.0
58090010,ZARI BORDERS,58,0.13,0.12,0,0,0.13,0.12,-0.01
52041130,EMBROIDERY COTTON THREAD,52,0.78,0.88,0.0,0.0,0.78,0.88,0.1
52083250,"BEDTICKING , DOMESTIC",52,0.0,0.0,0.0,0.0,0.0,0.0,0.0
62041912,SUITS OF SILK - Embroidered with Lucknow Chikan Craft,62,0.0,0.0,0,0,0.0,0.0,0.0
52084220,SAREE,52,0.22,0.05,0.0,0.0,0.22,0.05,-0.17
52082140,SHIRTING FABRICS,52,0.45,0.58,0.01,0.0,0.44,0.58,0.14
52112010,SHIRTING FABRICS,52,0.02,0.0,0.01,0.0,0.01,0.0,-0.01
29089100,DINOSEB (ISO) AND ITS SALTS,29,0.0,0.07,0,0,0.0,0.07,0.07
54083414,RAYON GEORGETTE,54,0.01,0.0,0,0,0.01,0.0,-0.01
39205192,"OTHR PLATES,SHEETS OF PLYMTHYL            METHACRYLTEFLEXIBLE, PLAIN",39,0.0,0.0,0,0,0.0,0.0,0.0
62144010,"SHWLS SCRVS,MUFFLRS ETC OF ARTIFICIAL FBRS - EMBROIDERED WITH LUCKNOW CHIKAN CRAFT",62,0.02,0.03,0.0,0.0,0.02,0.03,0.01
56090020,"ARTICLES,MADE-UP OF COTTON YARN",56,2.38,1.27,0.01,0.0,2.37,1.27,-1.1
54023920,ACRYLIC FILAMENT YARN,54,0.0,0.0,0.01,0.0,-0.01,0.0,0.01
52042020,"COTTON THREAD,DARNING",52,0.02,0.03,0.0,0.0,0.02,0.03,0.01
62041911,SUITS OF SILK EXCL SEQUINNED/BEADED WTH,62,0.3,1.77,0.0,0.0,0.3,1.77,1.47
62045210,SKIRTS AND DIVIDED SKIRTS OF COTTON - EMBROIDERED WITH LUCKNOW CHIKAN CRAFT,62,0.41,0.56,0.02,0.0,0.39,0.56,0.17
51129050,OTHR WOVN FBRCS OF COMD WOOL OR COMD FINE ANML HAIR OF HANDLOOM,51,0.0,0.01,0,0,0.0,0.01,0.01
29269000,*OTHR NITRILE-FUNCTION COMPOUNDS,29,85.93,0.0,193.81,0.0,-107.88,0.0,107.88
29420025,AMITRYPTYLINE HCL,29,5.79,6.44,0.03,0.0,5.76,6.44,0.68
52092220,FURNISHING FABRICS ( EXCL PILE AND CHENILLE FABRICS ),52,0.0,0.03,0,0,0.0,0.03,0.03
52094330,FURNSHING FABRIC(EXCL PILEANDCHENILLE FABRC),52,0.0,0.0,0,0,0.0,0.0,0.0
29333500,3-QUINUCLIDINOL,29,0,0,0.0,0.0,0.0,0.0,0.0
61042910,ENSEMBLES OF SILK,61,0.01,0.04,0.0,0.0,0.01,0.04,0.03
62042310,ENSEMBLES OF SYNTHETIC FIBRES-EMBROIDERED WITH LUCKNOW CHIKAN CRAFT,62,0.07,0.14,0.0,0.0,0.07,0.14,0.07
39219031,"OTHR PLTS,SHTS,FILM FOIL,STRIP ETC, OF    REGENERATED CELLULOSE RIGID, LACQUERED",39,0.0,0.0,0.02,0.0,-0.02,0.0,0.02
52093160,"BEDTICKING, DOMESTIC ( OTHER THAN HAND    DYED )",52,0.04,0.03,0,0,0.04,0.03,-0.01
52052420,BLEACHED,52,0.07,0.05,0,0,0.07,0.05,-0.02
54034120,OTHR YRN OF VISCOSE RAYN OF 83 DECITEX,54,0.03,0.09,0,0,0.03,0.09,0.06
39051210,POLYVINYL ACETATE(PVA) MOULDING MATERIAL,39,0.46,0.36,0.01,0.0,0.45,0.36,-0.09
62079911,DRESSING GOWNS AND BATHROBES OF SILK,62,0.0,0.02,0.0,0.0,0.0,0.02,0.02
55152210,"FBRC OF ACRYLC/MODACRYLC MXD WTH WOOL/    FINEANML HAIR,UNBLCHED",55,0,0,0.0,0.0,0.0,0.0,0.0
29221910,"*2-HYDROXY N, N-DIISOPROPYL ETHYLAMINE",29,0.0,0.0,0.07,0.0,-0.07,0.0,0.07
52115110,SHIRTING FABRICS,52,0.01,0.01,0.0,0.0,0.01,0.01,0.0
52053410,GREY,52,25.93,22.2,0,0,25.93,22.2,-3.73
39201013,"SHEETS OF POLEYTHYLENE: Geomembrane, confirming to IS 16352",39,0.0,0.0,0.0,0.0,0.0,0.0,0.0
29334900,"*OTHE CMPNDS CNTNG IN STRUCTURE A          QUINOLINEOR ISOQUINOLINE RING SYSTEM (W/N HYDRGNTD),NOT FURTHER FUSED",29,154.96,0.0,61.75,0.0,93.21,0.0,-93.21
54082220,"DYED FBRCS OF CONTINUS FILMNT ,OTHR THAN  RAYON",54,0.0,0.01,0.03,0.0,-0.03,0.01,0.04
63101030,GUNNY CUTTINGS,63,0.0,0.0,0,0,0.0,0.0,0.0
29309080,*ALLYL ISOTHIDCYANATE,29,0.57,0.0,0.11,0.0,0.46,0.0,-0.46
52083280,FURNISHING FABRICS ( EXCLD PILE AND CHENILLE FABRICS ),52,0.1,0.03,0.35,0.0,-0.25,0.03,0.28
52054730,DYED,52,1.13,1.09,0,0,1.13,1.09,-0.04
29214513,PHENYL BETA NAPHTHYLAMINE,29,0,0,0.0,0.0,0.0,0.0,0.0
29241200,"FLUOROACETAMIDE (ISO), MONOCROTOPHOS (ISO) AND PHOSPHAMIDON (ISO)",29,0.0,0.0,0.0,0.0,0.0,0.0,0.0
29309013,THIO SULPHONIC ACID,29,0.0,0.03,0.0,0.0,0.0,0.03,0.03
58109910,EMBRDRY OF OTHR TXTL MATRLS-Embroidered with Lucknow Chikan Craft,58,1.37,0.85,0.03,0.0,1.34,0.85,-0.49
55039030,Ultra high molecular weight poly ethylene staple fibre conforming to ASTM F2848,55,0.0,0.0,0,0,0.0,0.0,0.0
62043913,JACKETS OF OTHER TEXTILE MATERIALS-EMBROIDERED WITH LUCKNOW CHIKAN CRAFT,62,0.0,0.0,0,0,0.0,0.0,0.0
39121140,"CELLULOSE NITRATE, DYNAMIC GRADE",39,0.37,0.48,0,0,0.37,0.48,0.11
52084330,"BEDTICKING, DOMESTIC",52,0.0,0.0,0.0,0.0,0.0,0.0,0.0
52081260,VOILS,52,0.59,0.79,0,0,0.59,0.79,0.2
52010012,INDN COTN OF STPL LNGTH 20.5MM(25/32)    ANDBELOW (E.G. COMRAS ETC)EXCL BENGAL DESHI,52,7.52,3.02,0.28,0.0,7.24,3.02,-4.22
29355010,Flubendiamide (ISO),29,0.0,0.0,0,0,0.0,0.0,0.0
51032020,YARM WASTE,51,0.02,0.0,0.07,0.0,-0.05,0.0,0.05
55113010,YARN OF ARTFCL STAPLE FIBRES CNTNG 85%    OR MORE BY WT OF STAPLE FIBRES,55,0.09,0.11,0,0,0.09,0.11,0.02
54073020,BLECHD FBRC CNSTG LYER OF PAREL TXTL YRN,54,0.08,0.05,0,0,0.08,0.05,-0.03
51054000,COARSE ANIMAL HAIR CARDED OR COMBED,51,0.13,0.11,0.0,0.0,0.13,0.11,-0.02
39172940,TUBE OF CELLULOSE ACETATE/ACETATE BUTYRATE,39,0.01,0.01,0.0,0.0,0.01,0.01,0.0
50060011,SLK EMBROIDERY THREAD,50,0.36,0.25,0.0,0.0,0.36,0.25,-0.11
51122030,DYED WOVN FBRCS OF COMD WOOL MIXED MAINLY OR SOLELY WITH MANMADE FILAMENT,51,0.23,0.79,0.03,0.0,0.2,0.79,0.59
52082170,"MUSLIN (INCLD LAWN, MULMUL AND ORGANDI )",52,0.46,0.52,0.0,0.0,0.46,0.52,0.06
29143940,DIBENZANTHRONE (VIOLANTHRONE),29,0.01,0.0,0.02,0.0,-0.01,0.0,0.01
57022020,COIR CRPTS AND OTHR ROGS,57,21.03,18.86,0.0,0.0,21.03,18.86,-2.17
39153090,OTHER WASTE PARINGS AND SCRAP OF P.V.C.,39,0.28,0.1,0.0,0.0,0.28,0.1,-0.18
59100050,FLAX CANVAS PLY BELTING,59,0.0,0.0,0.01,0.0,-0.01,0.0,0.01
58030013,"COTTON GAUZE,PIECE DYED(E.G.LANOFABRICS)",58,0.0,0.0,0,0,0.0,0.0,0.0
54078470,POLYESTER SAREES,54,3.03,2.84,0.01,0.0,3.02,2.84,-0.18
29394500,"LEVOMETAMFETAMINE,METAMFETAMINE (INN),METAMFETAMINERACEMATE,THR SALTS (ALKALOIDS OF EPHEDRA,THR DRVTVS; SALTS THEIR OF)",29,0.21,0.15,0.0,0.0,0.21,0.15,-0.06
52084921,Real Madras Handkerchiefs Of Handloom,52,0.0,0.0,0,0,0.0,0.0,0.0
52052820,BLEACHED,52,0.0,0.0,0,0,0.0,0.0,0.0
39207121,SHEETS OF CELLULOSE NITRATE ANDCELLULOID W/ NPLASTICISED PLAIN,39,0.0,0.0,0,0,0.0,0.0,0.0
52102910,"DHOTI AND SAREE,ZARI BORDERED",52,0.02,0.11,0.0,0.0,0.02,0.11,0.09
58050010,TAPESTRIES HNDMADE OR NEEDLE WORKED       BY HAND OF COTTON,58,0.8,0.47,0.0,0.0,0.8,0.47,-0.33
52083160,MULL ( INCLD LIMBRIC AND WILLAYA ),52,0.08,0.08,0,0,0.08,0.08,0.0
52115140,LONG CLOTH (CHINTZ ),52,0.01,0.0,0,0,0.01,0.0,-0.01
53071090,YARN OF OTHER TEXTILE BAST FIBRES         (E.G.MESTA AND BIMLI-PATAM JUTE)SINGLE,53,0.1,0.05,0.0,0.0,0.1,0.05,-0.05
52095140,FURNISHING FABRICS ( EXCL PILE AND          CHENILLE FABRICS ),52,0.02,0.0,0,0,0.02,0.0,-0.02
55163120,"WVN FBRC CNTNG<85% BT WT OF ARTFCL STPL   FBRS MXD WTH WOOL/FINE ANML HAIR, BLCHD",55,0.0,0.0,0.0,0.0,0.0,0.0,0.0
52091111,"DHOTI,HANDLOOM",52,0.52,0.78,0.0,0.0,0.52,0.78,0.26
51071030,WORSTED WEAVING YARN,51,58.78,65.23,0,0,58.78,65.23,6.45
29309018,ALLYL ISOTHIDCYANATE,29,0.0,0.4,0.0,0.0,0.0,0.4,0.4
39153010,WASTE PARINGS AND SCRAP OF CO  P.V.C.,39,0.0,0.0,0,0,0.0,0.0,0.0
29311010,TETRAMETHYL LEAD,29,0.0,0.0,0.04,0.0,-0.04,0.0,0.04
29037721,CHLORPENTAFLUOROETHANE,29,0,0,0.0,0.0,0.0,0.0,0.0
57024920,CARPETS ETC OF SILK,57,0.19,2.1,0.0,0.0,0.19,2.1,1.91
52083240,CASEMENT,52,0.0,0.54,0,0,0.0,0.54,0.54
29211200,"2-(N, N-DIMETHYLAMINO)ETHYLCHLORIDE HYDROCHLORIDE",29,0.24,0.76,0.0,0.0,0.24,0.76,0.52
62033911,OF SILK: KHADI,62,0.01,0.03,0,0,0.01,0.03,0.02
29333400,OTHER FENTANYLS AND THEIT DERIVATIVES,29,6.19,1.11,0.0,0.0,6.19,1.11,-5.08
29315910,P-ALKYL N-ALKYLIDENE PHOSPHONAMIDIC FLUORIDES AND CORRSPNDNG ALKYLATED/PRPTONATED SALTS(=C10 INCD CYCLOALKYL),29,0.0,0.01,0.0,0.0,0.0,0.01,0.01
62082920,NIGHTDRESSES AND PYJAMAS OF WOOL,62,0.08,0.06,0,0,0.08,0.06,-0.02
54078460,LUNGIES,54,0.51,0.45,0,0,0.51,0.45,-0.06
54078250,TERYLENE AND DACRON SAREES,54,0.0,0.0,0,0,0.0,0.0,0.0
52082280,VOILS ( EXCLD LENO FBRCS ),52,0.0,0.0,0,0,0.0,0.0,0.0
58021050,PRINTED,58,0.22,0.17,0,0,0.22,0.17,-0.05
63024030,"TABLE LINEN OF COTN,HND KNTD/CROCHETED",63,33.43,38.68,0.02,0.0,33.41,38.68,5.27
39205912,"POLY ACRYLATE SHEETS FLEXIBLE, PLAIN",39,0.01,0.02,0.01,0.0,0.0,0.02,0.02
29222925,"S ACID,PERI ACID (1-AMINO-8-NAPHTHOL-4-4- SULPHXNC ACID,1-NPHTHYLAMNE-8-SLPHNC ACID)",29,0.38,0.35,0.03,0.0,0.35,0.35,0.0
55151940,"FBRC OF POLSTR , MXD WTH OTHR FIBRS,PRINTD",55,0.02,0.0,0.02,0.0,0.0,0.0,0.0
50060031,SPUN FRM SLK WST OTHR THAN NOIL SLK CONTN <85% BY WT OF SLK,50,0.27,0.58,0,0,0.27,0.58,0.31
62142021,SCARVES: KHADI,62,0.07,0.04,0.0,0.0,0.07,0.04,-0.03
52083320,COATING ( INCLD SUITING ),52,0.01,0.01,0.02,0.0,-0.01,0.01,0.02
29242300,2-ACETAMIDOBENZOIC ACID                   (N-ACETYLANTHRANILIC ACID ) AND ITS SALTS,29,0.03,0.0,0.0,0.0,0.03,0.0,-0.03
54075240,POLYESTER SAREES,54,39.05,41.87,0.0,0.0,39.05,41.87,2.82
29333923,"AFDPYRPN,BSCALD,CHLRPYRPHS,CHLRPYRPHS MTHL,CLDNFP-PRPRGYL,CYNTNLPRL,FLNICMD,FLRPYRXFN-BNZL,FLUZFP-P-BTYL,FLUPCLD,FLUPYRM",29,0.0,13.02,0,0,0.0,13.02,13.02
29371100,"SOMATOTROPIN, ITS DRVTVSAND STRCTL ANALOGVES",29,0.25,0.21,0.01,0.0,0.24,0.21,-0.03
56060030,TRIMMINGS OF ZARI,56,0.0,0.0,0.0,0.0,0.0,0.0,0.0
54074112,UNBLECHD NYLON GEORGETTE,54,0.0,0.0,0,0,0.0,0.0,0.0
29309095,*DI-ETHYL AMINO ETHANETHIOL HYDROCHLORIDE,29,0.02,0.0,0.48,0.0,-0.46,0.0,0.46
63062910,TENTS OF JUTE,63,0.0,0.0,0.0,0.0,0.0,0.0,0.0
54071044,PRINTED UMBRELLA CLOTH PANEL FBRCS,54,0.0,0.0,0,0,0.0,0.0,0.0
51031090,OTHER NOILS OF FINE ANML HAIR,51,0.12,0.15,0.01,0.0,0.11,0.15,0.04
54071041,PRINTED PARACHUTE FBRCS,54,0.0,0.01,0.0,0.0,0.0,0.01,0.01
54083211,RAYON BROCADES,54,0.01,0.01,0.02,0.0,-0.01,0.01,0.02
52095220,FURNSHING FABRIC(EXCL PILEANDCHENILLE FABRC),52,0.0,0.0,0,0,0.0,0.0,0.0
39206991,"OTHER PLTES SHTS ETC OF OTHR POLYESTERS   RIGID, PLAIN",39,0.0,0.01,0,0,0.0,0.01,0.01
54074420,NYLON GEORGETTE,54,0.0,0.0,0,0,0.0,0.0,0.0
61072910,NIGHTSHIRTS AND PYJAMAS OF SILK,61,0.0,0.0,0.0,0.0,0.0,0.0,0.0
29221800,"2-(N, N-DIISOPROPYLAMINO)ETHANOL",29,0.2,1.0,0.0,0.0,0.2,1.0,0.8
62042991,OTHR ENSEMBLES OF OTHR TXTL MATRALS OTHR  THAN SILK-EMBROIDERED WITH LUCKNOW CHIKAN CRAFT,62,0.3,0.0,0.0,0.0,0.3,0.0,-0.3
52094910,ZARI BORDERED SAREE,52,0.0,0.0,0.0,0.0,0.0,0.0,0.0
29203000,ENDOSULFAN (ISO),29,0.0,0.0,0,0,0.0,0.0,0.0
52081310,SHIRTING FABRICS,52,0.63,0.28,0.0,0.0,0.63,0.28,-0.35
54071093,OTHR NYLON FURNISNS FBRCS,54,0.0,0.35,0.0,0.0,0.0,0.35,0.35
59049090,OTHR FLR COVRNG,59,0.0,0.01,0.0,0.0,0.0,0.01,0.01
29161940,SODIUM CMPNDS OF UNSATRTD ACYLC MONOACDS,29,0.0,0.01,0.1,0.0,-0.1,0.01,0.11
29089910,PARA NITROPHENOL,29,0.08,0.35,0.04,0.0,0.04,0.35,0.31
52085920,SAREES OF HANDLOOM,52,0.3,0.64,0.0,0.0,0.3,0.64,0.34
29319012,CACODYLIC ACID AND ITS SALT,29,0,0,0.0,0.0,0.0,0.0,0.0
53109091,OTHER BLECHD FBRCS,53,0.0,0.0,0,0,0.0,0.0,0.0
62044230,DRESSES OF COTTON-EMBROIDERED WITH LUCKNOW CHIKAN CRAFT,62,1.06,1.71,0.0,0.0,1.06,1.71,0.65
55131310,UNBLEACHED,55,0.31,0.42,0.0,0.0,0.31,0.42,0.11
54078129,BLECHD OTHE WOVN FBRCS,54,0.28,0.31,0.08,0.0,0.2,0.31,0.11
29183060,"DICLOFOP-METHYL, D-TRANS ALLETHRIN, PYRETHRIN (PYRETHRUM)",29,0.0,0.01,0,0,0.0,0.01,0.01
29333334,REMIFENTANIL (INN) AND ITS SALT,29,0,0,0.0,0.0,0.0,0.0,0.0
54078230,POLYESTER SHIRTINGS,54,10.63,9.61,0.04,0.0,10.59,9.61,-0.98
59080020,GAS MANTLES OF RAYON,59,2.08,0.99,0,0,2.08,0.99,-1.09
39207991,"OTHR PLTES SHTS ETC OF OTHR CELULSE       DRVTVSRIGID, PLAIN NES",39,0,0,0.0,0.0,0.0,0.0,0.0
62089910,DRESSING GOWNS AND BATHROBES OF WOOL,62,0.09,0.1,0.01,0.0,0.08,0.1,0.02
52052190,OTHERS-OF-SNGL YRN OF CMBD FBRS MEASURNG 714.29 D CTX/MORE (NT EXCDNG 14 MTRC NO),52,0.02,0.08,0.0,0.0,0.02,0.08,0.06
51129040,PRINTED OTHR WOVN FBRCS OF COMD WOOL OR   COMD FINE ANML HAIR,51,0,0,0.0,0.0,0.0,0.0,0.0
29199030,IRON GLYCEROPHOSPHATE,29,0.04,0.01,0,0,0.04,0.01,-0.03
58021020,BLEACHED,58,1.53,2.01,0,0,1.53,2.01,0.48
62114291,COTN GRMNTS OTHR THN KURTA AND SALWAR WTH/WITHOUT DUPPATTA - EMBROIDERED WITH LUCKNOW CHIKAN CRAFT,62,0.64,0.63,0.0,0.0,0.64,0.63,-0.01
51130010,UNBLEACHED WOVN FBRCS OF COURSE ANML HAIR OR OF HORSE HAIR,51,0.0,0.0,0.0,0.0,0.0,0.0,0.0
54071092,OTHR TENT FBRCS,54,0.06,0.06,0,0,0.06,0.06,0.0
29038900,"*OTHER HALOGENATED DERIVATIVES OF CYCLANIC, CYCLENIC OR CYCLOTERPENIC HYDROCARBONS",29,3.66,0.0,3.28,0.0,0.38,0.0,-0.38
62104050,FIGHTER AIRCRAFT CLOTHING,62,0,0,0.0,0.0,0.0,0.0,0.0
52063400,MULTPL(FLDED)/CBLD YRN OF UNCMBD FBRS     MEASURING PER SNGL YRN <192.3  BUT>=125   DCTX (>52 BUT <=80 MTRC NO),52,0.19,0.0,0,0,0.19,0.0,-0.19
52103160,VOILS,52,0.01,0.0,0.0,0.0,0.01,0.0,-0.01
52122100,OTHR UNBLCHD WOVN FBRCS WGHNG >200 G/M2,52,1.07,0.18,0.05,0.0,1.02,0.18,-0.84
29314500,SALT OF METHYLPHOSPHONIC ACID AND (AMINOIMINOMETHYL) UREA (1:1) (NO...,29,0,0,0.0,0.0,0.0,0.0,0.0
63051060,PLASTIC COATED OR PAPER CUM POLYTHENE     LINED JUTE BAGS AND SACKS,63,1.64,1.97,0.01,0.0,1.63,1.97,0.34
39159029,WASTE SCRAP OF OTHER OF VINYL ACETATE,39,0.0,0.26,0,0,0.0,0.26,0.26
63079013,"DRSS MATERIALS OF MAN-MADE FIBRS,HND PRNTD",63,6.44,4.07,0.03,0.0,6.41,4.07,-2.34
29142950,"7-ACETYL,  1,2,3,4,5,6,7,8-OCTAHYDRO, 1,1, 6,7- TETRA METHYL NAPHTHALENE OCTAHVDRONAOHTHALEN-2-VL ) ETHANONE",29,39.75,55.01,0.03,0.0,39.72,55.01,15.29
52053330,BLEACHED,52,0.01,0.01,0,0,0.01,0.01,0.0
29215920,BENZIDINE DIHDROCHLORIDE,29,0.0,0.0,0.0,0.0,0.0,0.0,0.0
29222935,PICRAMIC ACID (T-GRADE),29,0.0,0.0,0.0,0.0,0.0,0.0,0.0
29221720,ETHYLDIETHANOLAMINE,29,0,0,0.0,0.0,0.0,0.0,0.0
52114140,SUITINGS,52,0.09,0.07,0,0,0.09,0.07,-0.02
54034110,OTHER YRN OF VISCOSE RAYN UP TO 67 DECITEX,54,0.0,0.0,0.19,0.0,-0.19,0.0,0.19
50050021,YRN SPN FRM SLK WST OTHR THN NOIL SLK     CONTNG <85% BY WT OF SLK,50,0.32,0.03,0.04,0.0,0.28,0.03,-0.25
29311090,TETRAETHYL LEAD,29,0.14,0.0,0.01,0.0,0.13,0.0,-0.13
29214213,DICHLOROANILINE,29,24.16,25.68,0.03,0.0,24.13,25.68,1.55
52052810,DYED,52,1.5,1.92,0.0,0.0,1.5,1.92,0.42
62089920,DRESSING GOWNS AND BATHROBES OF SLK EXCL  SEQND/BEADED WITH CHATTONS AND EMBRDRD,62,0.22,0.23,0.01,0.0,0.21,0.23,0.02
59119032,KNTD/WOVEN GEO-TECHNICL TXTL-GEOTEXTILE CONFORMING TO IS 16391/16392,59,1.37,3.9,0,0,1.37,3.9,2.53
52051120,BLEACHED,52,0.04,0.4,0,0,0.04,0.4,0.36
57050011,CARPETS OF SILK,57,0.07,0.01,0.0,0.0,0.07,0.01,-0.06
62179040,SEPERATELY PRESENTED REMOVABLE LINING     FOR RAINCOATS AND OTHRS,62,0.02,0.0,0,0,0.02,0.0,-0.02
53039010,JUTE CUTTING,53,0.01,0.03,0,0,0.01,0.03,0.02
52082220,SAREE,52,0.13,0.07,0.0,0.0,0.13,0.07,-0.06
56089020,"TWINE,CORDAGE/ROPE ETC OF JUTE",56,0.35,0.48,0.01,0.0,0.34,0.48,0.14
63051050,JUTE WOOL SACKS,63,0.1,0.13,0,0,0.1,0.13,0.03
52115150,SAREE,52,0.0,0.0,0,0,0.0,0.0,0.0
52091230,FURNISHING FABRICS ( EXCL PILE AND CHENILLE FABRICS ),52,0.31,0.04,0.0,0.0,0.31,0.04,-0.27
52104170,VOILS,52,0.01,0.0,0,0,0.01,0.0,-0.01
62149029,"CHADARS,COTTON,N.E.S.",62,1.04,1.67,0.0,0.0,1.04,1.67,0.63
63039910,SILK SHOWER CURTAINS,63,0.53,0.35,0.0,0.0,0.53,0.35,-0.18
54071016,UNBLECHD POLYESTER SUITINGS,54,0.4,0.54,0,0,0.4,0.54,0.14
29214235,ETHYL HYDROXY ETHYLANILINE,29,0.0,0.0,0,0,0.0,0.0,0.0
52094140,FURNISHING FABRICS ( EXCL PILE AND CHENILLE FABRICS ),52,0.02,0.02,0,0,0.02,0.02,0.0
55096200,OTHR YRN OF ACRYLC/MODACRYLC STAPLE       FIBRESMIXED MAINLY/SOLELY WITH COTTON,55,5.7,4.49,0.0,0.0,5.7,4.49,-1.21
55163400,"WVN FBRCS CNTNG<85% BY WT OF ARTFCL       STPL FBRS,MXD MAINLY/SOLE...",55,0,0,0.01,0.0,-0.01,0.0,0.01
29332940,DIMETRIDAZOLE,29,6.81,6.43,0.12,0.0,6.69,6.43,-0.26
61122010,SKI SUITS OF SILK,61,0.0,0.05,0.0,0.0,0.0,0.05,0.05
62042220,BLOUSES EMBROIDERED WITH LUCKNOW CHIKAN CRAFT,62,0.06,0.14,0.0,0.0,0.06,0.14,0.08
52114310,BLEEDING MADRAS,52,0.0,0.0,0,0,0.0,0.0,0.0
52113230,"TWILL, NES ( INCL GABERDINE )",52,0.05,0.0,0,0,0.05,0.0,-0.05
50060021,SLK EMBROIDERY THREAD CONTNG>=85% BY WT   OF SLK,50,0.0,0.0,0,0,0.0,0.0,0.0
62142031,MUFFLERS: KHADI,62,0,0,0.0,0.0,0.0,0.0,0.0
61032920,ENSEMBLES OF ARTIFICIAL FIBRES,61,0.16,0.19,0.0,0.0,0.16,0.19,0.03
52010019,INDIAN COTTON OF STAPLE LENGTH 34.5MM     AND ABOVE (1.12/32)KGS,52,5.2,5.61,0.0,0.0,5.2,5.61,0.41
62043110,KHADI,62,0.03,0.05,0,0,0.03,0.05,0.02
57019020,OF COIR INCLUDING GEO TEXTILE,57,1.73,1.17,0.01,0.0,1.72,1.17,-0.55
29214225,META NITROANILINE,29,0.0,0.01,0.0,0.0,0.0,0.01,0.01
62043912,KHADI,62,0.0,0.01,0,0,0.0,0.01,0.01
29214523,"EPSLN ACD(1-NAPHTHYLAMN-3,8-DISLPHNC ACD)",29,0.89,0.17,0,0,0.89,0.17,-0.72
29214120,ANILINE HYDROCHLORIDE,29,0.06,0.08,0.05,0.0,0.01,0.08,0.07
29043600,PERFLUOROOCTANE SULPHONYL FLUORIDE,29,0,0,0.0,0.0,0.0,0.0,0.0
55019010,POLYPROPYLENE FIBRES,55,0,0,0.01,0.0,-0.01,0.0,0.01
29333331,PIPRADROL (INN) AND ITS SALT,29,0.0,0.0,0,0,0.0,0.0,0.0
39205992,"SHETS ETC OF OTHR ACRYLIC POLYMERS  NES   FLEXIBLE, PLAIN",39,0.01,0.03,0,0,0.01,0.03,0.02
29373100,EPINEPHRINE,29,0.01,0.0,0.0,0.0,0.01,0.0,-0.01
39207321,"SHTS OF CELLULOSE ACETATE PLASTICISED     RIGID, PLAIN",39,0.0,0.0,0.0,0.0,0.0,0.0,0.0
29333100,*PYRIDINE AND ITS SALTS,29,138.51,0.0,24.11,0.0,114.4,0.0,-114.4
54071036,DYED POLYESTER SUITNGS,54,2.82,4.17,0,0,2.82,4.17,1.35
52103130,FURNISHING FABRICS ( EXCL PILE AND          CHENILE FABRICS ),52,0.02,0.11,0.05,0.0,-0.03,0.11,0.14
54071026,BLECHD POLYESTER SUITNGS,54,0.3,0.26,0.02,0.0,0.28,0.26,-0.02
53101091,WOVN BLNDED FABRCS CONTNG JUTE >= 50%,53,0.06,0.07,0.0,0.0,0.06,0.07,0.01
52010014,INDN COTN OF STPL LNGTH OVR 24.5MM(31/32)TO 28MM EXCLUDING BENGAL DESHI,52,7.95,3.44,0.0,0.0,7.95,3.44,-4.51
62042913,ENSEMBLES OF OTHER TEXTILE MATERIALS-EMBROIDERED WITH LUCKNOW CHIKAN CRAFT,62,0.0,0.0,0,0,0.0,0.0,0.0
53109099,OTHERS-OF-OTHR WOVN FABRCS(EXCL UNBLECHD)OF JUTE ETC,53,0.41,0.19,0.0,0.0,0.41,0.19,-0.22
29333915,DIPHENOXYLATE HYDROCHLORIDE,29,0.55,0.42,0.01,0.0,0.54,0.42,-0.12
54075410,TERYLEN AND DACRON SAREE,54,0.06,0.23,0.04,0.0,0.02,0.23,0.21
52104120,CREPE FABRICS (EXCL CREPE CHEEKS),52,0.0,0.01,0,0,0.0,0.01,0.01
52051430,DYED,52,1.27,0.49,0,0,1.27,0.49,-0.78
29214215,2-4-5-TRICHLOROANILINE,29,3.63,1.77,0.01,0.0,3.62,1.77,-1.85
29037712,DICHLORODIFLUOROMETHANE,29,0,0,0.0,0.0,0.0,0.0,0.0
29341000,*CMPNDS CNTNG AN UNFUSED THIAZOLE RING (W/N HYDROGENATED ) IN THE STRUCTURE,29,54.42,0.0,35.81,0.0,18.61,0.0,-18.61
52095111,LUNGIS OF HANDLOOM,52,0.2,0.25,0,0,0.2,0.25,0.05
29039300,PENTACHLOROBENZENE (ISO),29,0.0,0.02,0.0,0.0,0.0,0.02,0.02
52084340,FLANNELETTE,52,0.4,0.04,0.0,0.0,0.4,0.04,-0.36
39209320,"FLEXIBLE, PLAIN OF AMINO-RESINS",39,0.06,0.0,0,0,0.06,0.0,-0.06
52053420,DYED,52,0.01,0.01,0,0,0.01,0.01,0.0
52041110,"COTON THREAD, SEWING, CONTNG ANY          SYNTHETICSTAPLE FIBRE",52,0.0,0.0,0.01,0.0,-0.01,0.0,0.01
52111120,SAREE,52,0.21,0.02,0.0,0.0,0.21,0.02,-0.19
52053130,DYED,52,0.0,0.0,0,0,0.0,0.0,0.0
55151920,"FBRC OF POLSTR,MXD WTH FIBRS, BLCHD",55,0.07,0.0,0,0,0.07,0.0,-0.07
62071920,UNDERPANTS AND BRIEFS OF WOOL,62,0.04,0.03,0,0,0.04,0.03,-0.01
61119010,BABIES GRMNTSANDCLOTHING ACCESSORIES OF SILK,61,0.11,0.05,0.08,0.0,0.03,0.05,0.02
29081100,PENTACHLOROPHENOL (ISO),29,0.0,0.0,0.0,0.0,0.0,0.0,0.0
29334100,*LEVORPHANOL (INN) AND ITS SALTS,29,1.57,0.0,0,0,1.57,0.0,-1.57
54083214,RAYON SUITING,54,0.0,0.0,0,0,0.0,0.0,0.0
39159050,WASTE PARINGS SCRAP  OF POLYAMIDES,39,0.0,0.0,0,0,0.0,0.0,0.0
51032090,OTHERS-OF-OTHER WASTE OF WOOL OR OF FINE ANIMAL HAIR :,51,0.06,0.0,0.01,0.0,0.05,0.0,-0.05
29299060,"PHOSPHORAMIDIC ACID, DIETHYL, DIMETHYLESTER",29,0.16,0.37,0,0,0.16,0.37,0.21
52052110,GREY,52,2.25,1.12,0,0,2.25,1.12,-1.13
52051530,DYED,52,0.04,0.0,0,0,0.04,0.0,-0.04
53110021,UNBLECHD WOVN FBRCS OF PAPER YARN,53,0.0,0.0,0,0,0.0,0.0,0.0
52051510,GREY,52,0.01,0.38,0,0,0.01,0.38,0.37
29096000,"*ALCHL PEROXIDES,ETHR PEROXIDES,KETONE     PEROXIDES AND THR HALGNTD SLPHNTD           NITRATED OR NITROSATED DERIVATIVES",29,14.39,0.0,50.1,0.0,-35.71,0.0,35.71
29202200,DIETHYL PHOSPHITE,29,0.17,1.05,0.02,0.0,0.15,1.05,0.9
52105910,ZARI BORDERED SAREES,52,0.01,0.0,0.0,0.0,0.01,0.0,-0.01
52084260,FURNISHING FABRICS OTHER THAN PILE AND      CHENILLE FRCS,52,0.01,0.01,0,0,0.01,0.01,0.0
29241900,"*OTHER ACYCLIC AMIDES AND THEIR DERIVTVS,    SALTS",29,274.67,0.0,83.03,0.0,191.64,0.0,-191.64
52084929,Others of Real Madras Handkerchiefs,52,0.07,0.11,0.0,0.0,0.07,0.11,0.04
52084250,"BED TICKING , DOMESTICS",52,0.0,0.0,0,0,0.0,0.0,0.0
29359022,SULPHAMETHIAZOLE,29,3.05,4.55,0.0,0.0,3.05,4.55,1.5
39042190,OTHERS-OF-OTHER POLYVINYL CHLORIDE NON-PLASTICISED,39,0.0,0.0,0,0,0.0,0.0,0.0
54078115,UNBLECHD TERYLENE/DACRON SAREE,54,0,0,0.0,0.0,0.0,0.0,0.0
63061930,VANETIAN/AUSTRIAN BLINDS,63,0.0,0.0,0,0,0.0,0.0,0.0
55159140,"OTHR WVN FBRC OF SYN FIBRS MXD WTH        MAN -MADE FILMNT, PRINTD",55,0.05,0.02,0,0,0.05,0.02,-0.03
52054630,DYED,52,0.13,0.1,0,0,0.13,0.1,-0.03
60034000,FBRCS OF ARTFICAL FIBRES,60,0.0,0.0,0.0,0.0,0.0,0.0,0.0
57033933,OF 100% POLYETHYLENE,57,0.0,0.0,0.0,0.0,0.0,0.0,0.0
52082120,SAREE,52,0.74,1.14,0.0,0.0,0.74,1.14,0.4
29333700,N-PHENETHYL-4-PIPERIDONE (NPP),29,0,0,0.01,0.0,-0.01,0.0,0.01
55152910,"FBRC OF ACRYLC/MODACRYLC MXD WTH OTHR     FIBRES, UNBLCHED",55,0.0,0.01,0.02,0.0,-0.02,0.01,0.03
29221912,"N,N-DIETHYL-2-AMINOETHANOL AND ITS PROTONATED SALTS",29,0.0,0.03,0,0,0.0,0.03,0.03
52082260,LONG CLOTH ( INCLD CALICO ),52,0.12,0.28,0.0,0.0,0.12,0.28,0.16
52115910,ZARI-BORDERED SAREE,52,0.0,0.01,0.0,0.0,0.0,0.01,0.01
29321920,"AZADIRACHTIN(NEEM PRODUCTS),BENFURACARB,CINMETHYLENE",29,0,0,0.0,0.0,0.0,0.0,0.0
29143950,"MESOTRIONE, METRAFENONE",29,0.0,1.13,0,0,0.0,1.13,1.13
53101014,JUTE CANVAS CNTNG 100% BY WT OF JUTE,53,0.16,0.42,0.0,0.0,0.16,0.42,0.26
54034290,"ACTAT RAYN FLAMNT YARN, OTHERS",54,0.0,0.0,0.0,0.0,0.0,0.0,0.0
62081910,SLIPS AND PETICOTS OF COTN OTHR THN HND PRNT,62,1.87,3.03,0.0,0.0,1.87,3.03,1.16
52052610,DYED,52,0.52,0.46,0.0,0.0,0.52,0.46,-0.06
52103120,COATING (INCL SUITINGS ),52,0.03,0.0,0.01,0.0,0.02,0.0,-0.02
52052710,DYED,52,0.32,0.5,0.32,0.0,0.0,0.5,0.5
55049010,ACETATE RAYON STAPLE FIBRE,55,0,0,0.0,0.0,0.0,0.0,0.0
29035910,"1,1,3,3,3-PENTAFLUORO-2-(TRIFLUOROMETHYL)PROP-1-ENE[PERFLUOROISOBUTENE (PFIB)]",29,0.0,0.05,0,0,0.0,0.05,0.05
54083416,RAYON SUITING,54,0.0,0.01,0,0,0.0,0.01,0.01
52112020,CANVAS (INCL DUCK ) OF CARDED/            COMBED YARN,52,0.01,0.0,0.03,0.0,-0.02,0.0,0.02
57025029,OTHR FLR CVRNGS,57,0.85,0.58,0.0,0.0,0.85,0.58,-0.27
52051590,OTHERS-OF-SNGL YRN OF UNCMBD FBRS MEASURNGLESS THN 125 DCTX (EXCDNG 80 MTRC NO),52,0.0,0.0,0.0,0.0,0.0,0.0,0.0
63049992,OTHER FURNISHING ARTICLES OF WOOL: HANDLOOM,63,0.78,0.87,0,0,0.78,0.87,0.09
54078123,BLECHD POLYESTER SHIRTING,54,0.06,0.17,0,0,0.06,0.17,0.11
62079120,UNDRSHRTS OTHR THAN HND PRNTD OF COTN,62,0.01,0.0,0,0,0.01,0.0,-0.01
29037711,CHLOROTRIFLUOROMETHANE,29,0.0,0.01,0.0,0.0,0.0,0.01,0.01
61041920,SUITS OF ARTIFICIAL FIBRES,61,0.19,0.08,0.0,0.0,0.19,0.08,-0.11
29335500,"LOPRAZOLAM, MECLOQUALONE, METHAQUALONE ,  ZIPEROL, SALTS THEREOF",29,0,0,0.0,0.0,0.0,0.0,0.0
52082150,CAMBRICS (INCLD MADAPOLLAN AND JACONET ),52,0.33,0.38,0,0,0.33,0.38,0.05
29333311,ALFENTANIL(INN) AND ITS SALT,29,0.0,0.0,0.0,0.0,0.0,0.0,0.0
29214390,*OTHR TOLUIDINES AND THR DRVTVS SLTS THEREOF,29,21.98,0.0,33.91,0.0,-11.93,0.0,11.93
52054420,BLEACHED,52,0.43,0.63,0,0,0.43,0.63,0.2
62044410,DRESSES OF ARTIFICIAL FIBRES - EMBROIDERED WITH LUCKNOW CHIKAN CRAFT,62,0.29,0.2,0.0,0.0,0.29,0.2,-0.09
39219032,"OTHR PLTS,SHTS,FILM FOIL,STRIP ETC, OF    REGENERATED CELLULOSE FLEXIBLE LACQUER",39,0.0,0.01,0,0,0.0,0.01,0.01
62141040,"SCARVES OF SILK, EMBROIDERED WITH LUCKNOW CHIKAN CRAFT",62,0.02,0.02,0,0,0.02,0.02,0.0
29333940,"BENZENE ACETIC ACID, ALPHA  -HYDROXY-ALPHA-PHENYL, 1-AZABICYCLO[2.2.2.]OCT- 3-YL ESTER",29,0.0,0.0,0,0,0.0,0.0,0.0
54034170,"OTHR YRN OF VISCOSE RAYN , BRIGHT OF 167  DECITEX",54,0.0,0.0,0,0,0.0,0.0,0.0
58030014,"COTTON GAUZE,YRN-DYED(E.G.LANOFABRICS)",58,0.01,0.0,0,0,0.01,0.0,-0.01
52114150,FLANNELETTE,52,0.0,0.0,0,0,0.0,0.0,0.0
29214391,ETHHAFLURALIN,29,0.0,0.17,0,0,0.0,0.17,0.17
29163930,POTASSIUM COMPOUNDS OF AROMATIC MONOACIDS,29,0.08,0.0,0,0,0.08,0.0,-0.08
59119031,KNTD/WOVEN GEO-TECHNICL TXTL-GEOGRID CONFORMING TO IS 17373,59,16.94,17.04,0,0,16.94,17.04,0.1
29339200,AZINPHOS-METHYL (ISO),29,0.11,0.25,0.0,0.0,0.11,0.25,0.14
39121120,CELLULOSE ACETATE MOULDNG POWDER,39,0.0,0.0,0,0,0.0,0.0,0.0
52084150,FURNISHING CLOTH OTHER THAN PILE AND      CHENILLE FABRICS,52,0.01,0.0,0.01,0.0,0.0,0.0,0.0
29189100,"2, 4, 5-T(ISO) (2, 4, 5-                  TRICHLOROPHENOXYACETIC ACID), ITS SALTS   AND ESTERS",29,0.05,0.07,0,0,0.05,0.07,0.02
62149069,SHAWLS MUFFELERS ETC OF MANMADE FIBRE-OTHER,62,25.47,23.93,0.0,0.0,25.47,23.93,-1.54
52103910,ZARI BORDERED SAREE,52,0.0,0.0,0.11,0.0,-0.11,0.0,0.11
29222924,PHENYL J ACID ( PHENYL -2 - AMINO         8   NAPHTHOL -7 -SULPHONIC ACID ),29,0.64,0.62,0.01,0.0,0.63,0.62,-0.01
52095910,ZARI BORDERED SAREE,52,0.01,0.01,0.0,0.0,0.01,0.01,0.0
29299091,PROPETAMPHOS,29,0.0,0.09,0.0,0.0,0.0,0.09,0.09
52010011,BENGAL DESHI COTTON,52,0.64,0.38,0.0,0.0,0.64,0.38,-0.26
29242140,"Bifenazate, carbosulfan, cyflufenamide, fenoxanil, flufenoxuron,ipfencarbazone,lufenuron,metaflumizone,metsulfuron methyl etc.",29,0.0,2.51,0,0,0.0,2.51,2.51
52085250,"Cambrics (including madapollam and jaconet) of Plain weave, weighing more than 100 g/m2",52,0.07,0.02,0,0,0.07,0.02,-0.05
29309050,*SULPHINIC ACID,29,0.0,0.0,0.45,0.0,-0.45,0.0,0.45
29042020,META DINITROBENZENE,29,0.0,0.12,0,0,0.0,0.12,0.12
50030040,MUNGA WASTE,50,0.0,0.0,0,0,0.0,0.0,0.0
39169022,AMINOPLAST,39,0.01,0.02,0,0,0.01,0.02,0.01
62114211,KURTA AND SALWAR WTH/WTHOUT DUPTA OF COTN - EMBROIDERED WITH LUCKNOW CHIKAN CRAFT,62,0.95,0.56,0.0,0.0,0.95,0.56,-0.39
29309097,"*PHOSPHOROTHIOIC ACID, S[2-(DIETHYL AMINO) ETHYL] O, O-DIETHYL ESTER",29,0,0,0.12,0.0,-0.12,0.0,0.12
29359015,SULPHACETAMIDE,29,0.01,0.02,0,0,0.01,0.02,0.01
59100040,HAIR BELTING,59,0.29,0.36,0.0,0.0,0.29,0.36,0.07
52092920,"DEDSUTI,DOOSUTI FBRCS, CRTNNS AND OSAMBURGE",52,0.0,0.02,0,0,0.0,0.02,0.02
54074121,BLECHD NYLON BRASSO,54,0.0,0.0,0.0,0.0,0.0,0.0,0.0
39209951,"RETRO REFLECTIVE SHEETING RIGID, PLAIN",39,0.0,0.0,0.01,0.0,-0.01,0.0,0.01
53101019,OTHER STRANDED WOVEN FBRCS OF 100% JUTE,53,1.19,0.91,0.0,0.0,1.19,0.91,-0.28
52054820,BLEACHED,52,0.12,0.13,0,0,0.12,0.13,0.01
57025022,MATS AND MATTING,57,0.03,0.04,0.02,0.0,0.01,0.04,0.03
51123040,PRINTED WOVN FBRCS MIXED WITH MANMADE     STAPL FIBRS OF COMD WOOL ...,51,0,0,0.0,0.0,0.0,0.0,0.0
58089060,SAREE FALS BRDRS (OTHR THN ZARI)          FRINGES OF MAN-MADE FIBRE,58,0.04,0.03,0,0,0.04,0.03,-0.01
52063300,MULTPL(FLDED)/CBLD YRN OF UNCMBD FBRS     MEASURNG PER SNGL YRN <232.56 BUT >=      192.31 DCTX(>43 BUT <=52 MTRC NO),52,0.75,0.36,0.0,0.0,0.75,0.36,-0.39
52115290,OTHERS-OF-PRINTED 3/4-THRED TWILL INCL CROSS TWILLMXD COTN FABRICS WGHING>200 G/SM,52,0.0,0.02,0.03,0.0,-0.03,0.02,0.05
52085180,"Voils (excluding leno fabrics) of Plain weave, weighing not more than 100 g/m2",52,6.57,5.44,0.01,0.0,6.56,5.44,-1.12
54083110,"OTHR ARTOCL WOVEN FBRCS , UNBLECHD",54,0.2,0.1,0.01,0.0,0.19,0.1,-0.09
53109093,OTHER PRINTED FBRCS,53,0.0,0.0,0,0,0.0,0.0,0.0
58021040,YARN DYED,58,0.17,0.66,0.0,0.0,0.17,0.66,0.49
55102020,ACETATE RAYON SPUN YARN,55,0.0,0.0,0,0,0.0,0.0,0.0
52082250,CAMBRICS ( INCLD MADAPOLLAN AND JACONET ),52,0.0,0.04,0,0,0.0,0.04,0.04
59019020,VRNSHED CMBRC CLTH(EMPIRE CLTH)TAPES ETC.,59,0.01,0.0,0.0,0.0,0.01,0.0,-0.01
39042210,POLY (VINYL CHLORIDE) (PVC) RESINS (EMULSION GRADE),39,0,0,0.02,0.0,-0.02,0.0,0.02
52083150,CAMBRICS ( INCLD MADAPOLLAM AND JACONET ),52,0.15,0.36,0,0,0.15,0.36,0.21
50060039,OTHER YRN CONTNG <85% BY WT OF SLK,50,0.0,0.01,0.0,0.0,0.0,0.01,0.01
62151010,OF SILK OR SILK WASTE: KHADI,62,0.02,0.0,0.0,0.0,0.02,0.0,-0.02
29242500,ALACHLOR (ISO),29,0,0,0.0,0.0,0.0,0.0,0.0
62079929,OTHER SIMILAR GARMENTS OF WOOL,62,0.02,0.08,0,0,0.02,0.08,0.06
29094930,META PHENOXY BENZYL ALCOHOL (MPBA),29,6.12,8.22,0,0,6.12,8.22,2.1
52081230,SHIRTING FABRICS,52,4.66,3.48,0.02,0.0,4.64,3.48,-1.16
62149022,"CHADARS,COTTON,WHITE BLEACHED",62,0.01,0.0,0,0,0.01,0.0,-0.01
52054690,OTHERS-OF-MLTPL (FOLDD)/CABLD YRN OF COMBD FBRS MSRNG PER SNGL YRN BETWN 106.38 AND 125 DCTX AND BETWN 80 AND 94 MTRC NO.,52,0.02,0.13,0,0,0.02,0.13,0.11
54071012,UNBLECHD TENT FABRICS,54,0.06,0.07,0.02,0.0,0.04,0.07,0.03
29095030,POTASSIUM GUAIACOL SULPHONATE,29,0.0,0.0,0.0,0.0,0.0,0.0,0.0
29037900,*OTHER,29,60.55,0.0,2.05,0.0,58.5,0.0,-58.5
29224400,TILIDINE (INN) AND ITS SALTS,29,0.57,0.11,0.0,0.0,0.57,0.11,-0.46
57023120,DRUGGETS,57,0.25,0.17,0.01,0.0,0.24,0.17,-0.07
29161951,GOSSYPLURE,29,0.0,0.04,0,0,0.0,0.04,0.04
52041900,SWNG THRD CONTNG LESS THN 85% BY WEIGHT   OFCOTTON NOT PUT UP FOR RETAIL SALE,52,0.29,0.15,0.08,0.0,0.21,0.15,-0.06
29211400,"2-(N, N-DIISOPROPYLAMINO)ETHYLCHLORIDE HYDROCHLORIDE",29,0.11,0.18,0.0,0.0,0.11,0.18,0.07
54083420,"FBRCS OF CONTIUS FILAMENT, OTHR",54,0.0,0.02,0.0,0.0,0.0,0.02,0.02
52052220,BLEACHED,52,0.0,0.04,0,0,0.0,0.04,0.04
54078210,NYLON GEORGETTE,54,0.0,0.01,0.01,0.0,-0.01,0.01,0.02
54071096,OTHR POLYESTER SUITNGS,54,0.0,0.0,0,0,0.0,0.0,0.0
29396300,*LYSERGIC ACID AND ITS SALTS,29,0,0,0.01,0.0,-0.01,0.0,0.01
29333950,"1-N,N-DIALKL(=C10)-N(HYDROXL CYNO ACTOXY ALKL AMONIO,N-3-DIMTHLCARBMOXY-ALPH-PICOLNYL,N,N-DIALKYL AMONIO DECAN DIBROMIDE",29,0.0,0.0,0,0,0.0,0.0,0.0
52085220,"Saari of Plain weave, weighing morew than 100 g/m2",52,0.37,0.11,0.0,0.0,0.37,0.11,-0.26
52094110,BLEEDING MADRAS,52,0.0,0.0,0,0,0.0,0.0,0.0
39122021,NITRO CELLULOSE(E.G.CELLULOSE NITRATE     MOULDING POWDER)-PLASTICIZED,39,0.0,0.0,0,0,0.0,0.0,0.0
29309020,*CALCIUM SALTS OF METHIONINE,29,0.1,0.0,0.17,0.0,-0.07,0.0,0.07
52083140,CASEMENT,52,0.0,0.04,0,0,0.0,0.04,0.04
29397200,"COCAINE, ECGONINE; SALTS, ESTERS AND OTHER DERIVATIVES THEREOF",29,0,0,0.26,0.0,-0.26,0.0,0.26
39081051,FLAKE (CHIP),39,0,0,0.0,0.0,0.0,0.0,0.0
29299010,"*N,N-DIETHYLPHOSPHORAMIDIC DICHLORIDE",29,0.01,0.0,0.17,0.0,-0.16,0.0,0.16
54082218,"RAYON SAREE ,DYED",54,0.41,0.33,0.0,0.0,0.41,0.33,-0.08
29049910,"2, 5 DICHLORONITROBENZENE",29,0.3,1.5,0.0,0.0,0.3,1.5,1.2
53050030,CURLED COIR FIBRE/MACHINE TWISTED FIBRE,53,2.33,1.96,0.0,0.0,2.33,1.96,-0.37
54078420,NYLON SAREE,54,0.01,0.1,0.0,0.0,0.01,0.1,0.09
50010000,SILK-WORM COCOONS SUITABLE FOR REELING,50,0,0,0.0,0.0,0.0,0.0,0.0
52094160,"BEDTICKING, DOMESTIC ( OTHER THAN         HAND DYED )",52,0.09,0.16,0,0,0.09,0.16,0.07
55099910,OTHR SYNTHTC YRN MADE OF 100% INHERENT FR SYNTHETIC FBRE OTHR THN COTTON/FINE ANML HAIR AND WOOL,55,0.06,0.0,0,0,0.06,0.0,-0.06
52051490,OTHERS-OF-SNGL YRN OF UNCMBD FBRS MEASURNG<192.31 BUT >=125 DCTX(>50 BUT <=80 MTRC NO),52,0.17,0.16,0.58,0.0,-0.41,0.16,0.57
52114170,PARACHUTE FABRICS,52,0,0,0.0,0.0,0.0,0.0,0.0
54078450,TERYLENE/DACRON SAREE,54,0.0,0.0,0,0,0.0,0.0,0.0
55122920,"WOVN FBRC,PRNTD CNTNG ACRYLC/MODACRYLIC   >=85%",55,0.16,0.22,0,0,0.16,0.22,0.06
52085160,"Mull (including limbric and willaya)of Plain weave, weighing not more than 100 g/m2",52,0.08,0.04,0,0,0.08,0.04,-0.04
61019010,"OVRCOAT,CAR-COATS,CLOAKS CAPES ETC OF SILK",61,0.0,0.0,0.0,0.0,0.0,0.0,0.0
29202300,TRIMETHYL PHOSPHITE,29,14.53,11.32,0.0,0.0,14.53,11.32,-3.21
52102150,VOILE,52,0.02,0.0,0,0,0.02,0.0,-0.02
63049211,COUNTERPANES OF HANDLOOM,63,0.0,0.03,0.0,0.0,0.0,0.03,0.03
50060033,SLK EMBROIDERY THREAD CONTNG <85% BY WT   OF SLK,50,0.0,0.0,0.0,0.0,0.0,0.0,0.0
63042000,Bed nets specified in Sub-heading Note 1 to this Chapter,63,57.9,95.36,0.16,0.0,57.74,95.36,37.62
52084240,CASEMENT,52,0.14,0.11,0,0,0.14,0.11,-0.03
29222130,1-AMINO-2-NAPHTHOL-4-SULPHONIC ACID,29,0.0,0.07,0,0,0.0,0.07,0.07
54074124,BLECHD NYLON SAREE,54,0.22,0.13,0,0,0.22,0.13,-0.09
50060029,OTHER SLK YRN CONTNG>=85% BY WT OF SLK,50,0.0,0.12,0.0,0.0,0.0,0.12,0.12
52093120,SAREE,52,0.11,0.08,0,0,0.11,0.08,-0.03
62041210,SUITS OF COTTON-Embroidered with Lucknow Chikan Craft,62,0.38,0.75,0.0,0.0,0.38,0.75,0.37
51123020,BLEACHED WOVN FBRCS MIXED WITH MANMADE    STAPL FIBRS OF COMD WOOL AND FINE ANML HAIR,51,0.0,0.0,0,0,0.0,0.0,0.0
29214521,BRONNERS ACID (2 NPHTHYLAMN-6-SLPHNC ACD),29,0.74,0.69,0,0,0.74,0.69,-0.05
39209410,"RIGID, PLAIN OF PHENOLIC RESINS",39,0.05,0.07,0.01,0.0,0.04,0.07,0.03
52112030,FLANNELETTE,52,0.01,0.02,0,0,0.01,0.02,0.01
29072930,TERTIARY BUTYL HYDROQUINONE,29,30.55,26.33,0.22,0.0,30.33,26.33,-4.0
39169021,PHENOPLAST,39,0.04,0.03,0,0,0.04,0.03,-0.01
54082416,"RAYON SUITING , PRINTD",54,0,0,0.0,0.0,0.0,0.0,0.0
29039970,CHLOROFLUORO ANILINE,29,0.0,0.0,0,0,0.0,0.0,0.0
55122110,"WOVN FBRCS,UNBLCHD CNTNG ACRYLC/MODACRYLC >=85%",55,0.04,0.0,0.0,0.0,0.04,0.0,-0.04
54031010,"VISCOSE RAYON TYPE YARN - 1, 233 DECITEX",54,0.03,0.0,0,0,0.03,0.0,-0.03
52053490,OTHERS-OF-MLTPL(FLDED)/CBLD YRN OF UNCMBD FBRSMEASURNG<192.31 BUT>= 125 DCTX(>52 BUT <=80 MTRC NO PER SINGLE YAR,52,0.05,0.13,0,0,0.05,0.13,0.08
61072920,"NIGHTSHIRTS AND PYJAMAS OF WOOL/FINE ANML   HAIR,NOT ELASTIC NOR RUBBERIZED",61,0.0,0.0,0,0,0.0,0.0,0.0
29214250,"FLUCHLORALIN, PENDIMETHALIN, TRIFLURALIN",29,0.0,15.75,0,0,0.0,15.75,15.75
39264031,STATUETTES OF POLYURETHANE FOAM,39,0.0,0.0,0.0,0.0,0.0,0.0,0.0
29419012,3 FORMYL RIFA S V (RIFA INT),29,0.0,0.0,0,0,0.0,0.0,0.0
55144900,"WOVN FABRICS OF OTHR SYN STPL FIBRS,PRNTD",55,0.15,0.15,0.05,0.0,0.1,0.15,0.05
29214232,BENZYL ETHYL ANILINE SULPHONIC ACID,29,1.77,1.95,0.0,0.0,1.77,1.95,0.18
51040010,WOOL SHODDY,51,0.11,0.07,0,0,0.11,0.07,-0.04
29242950,PHENYL ACETAMIDE,29,0.29,0.29,0.0,0.0,0.29,0.29,0.0
54071042,PRINTED TENT FBRCS,54,0.0,0.01,0,0,0.0,0.01,0.01
29314990,*OTHER,29,57.2,0.0,6.69,0.0,50.51,0.0,-50.51
62071930,UNDERPANTS AND BRIEFS OF SILK,62,0.0,0.0,0.03,0.0,-0.03,0.0,0.03
52051420,BLEACHED,52,0.0,0.0,0,0,0.0,0.0,0.0
51121940,PRINTED WOVN FBRCS CONTNG>=85% BY WTOF    COMB WOOL/FINE ANML OF WT EXCDNG 200 G/M2,51,0.0,0.0,0,0,0.0,0.0,0.0
29124930,THIACETAZONE,29,0,0,0.01,0.0,-0.01,0.0,0.01
29352000,N-ETHYLPERFLUOROOCTANE  SULPHONAMIDE,29,0.01,0.04,0,0,0.01,0.04,0.03
61079920,BATHROBS ETC OF WOOL OR FINE ANIML HAIR,61,0.0,0.01,0,0,0.0,0.01,0.01
54071032,DYED TENT FABRICS,54,0.15,0.18,0,0,0.15,0.18,0.03
29105000,ENDRIN (ISO),29,0.0,0.0,0,0,0.0,0.0,0.0
54078124,BLECHD POLYESTER SUITING,54,0.0,0.0,0,0,0.0,0.0,0.0
52054130,DYED,52,0.79,0.92,0,0,0.79,0.92,0.13
29049940,ORTHO NITROCHLOROBENZENE,29,3.38,7.67,0.0,0.0,3.38,7.67,4.29
52052620,BLEACHED,52,0.0,0.0,0,0,0.0,0.0,0.0
62104060,PERSONAL PROTECTIVE GARMENTS FOR SURGICAL /MEDICAL USE,62,0.02,0.01,0.0,0.0,0.02,0.01,-0.01
29215170,PARA-AMINO ACETANILIDE,29,0.36,0.53,0,0,0.36,0.53,0.17
63024010,"TABLE LINEN OF SILK,HAND KNITTED/CROCHETED",63,0.04,0.0,0.0,0.0,0.04,0.0,-0.04
29037500,"DICHLOROPENTAFLUOROPROPANES (HCFC-225, 225CA, 225CB)HLGNTD DRVTVS OF ACYCLIC HYDROCRBNS CNTAING TWO OR MRE DIFRNT HALGN:",29,3.07,2.03,0,0,3.07,2.03,-1.04
29037300,"DICHLOROFLUOROETHANES (HCFC-141, 141B) HALOGENATED DRVTVS OF ACYCLI...",29,0,0,0.0,0.0,0.0,0.0,0.0
29211910,"*2-CHLORO N, N-DIISOPROPYL ETHYLAMINE",29,0.03,0.0,0.01,0.0,0.02,0.0,-0.02
29222921,2-AMINO-1-PHENOL-4-SULPHONIC ACID,29,0.11,0.03,0.05,0.0,0.06,0.03,-0.03
39121230,CELLULOSE ACETOBUTYRATE MOULDING POWDER,39,0.0,0.0,0,0,0.0,0.0,0.0
52115230,"TWILL, NES ( INCL GABERDINE )",52,0.06,0.0,0,0,0.06,0.0,-0.06
57042010,COTTON,57,0.0,0.0,0,0,0.0,0.0,0.0
29143920,BEZANTHRONE,29,0.3,0.0,0,0,0.3,0.0,-0.3
55101220,ACETATE RAYON SPUN YARN,55,0.0,0.0,0.0,0.0,0.0,0.0,0.0
62044912,DRESSES OF OTHER TEXTILE MATERIALS -  EMBROIDERED WITH LUCKNOW CHIKAN CRAFT,62,0.01,0.0,0,0,0.01,0.0,-0.01
52113150,SAREE,52,0.0,0.0,0,0,0.0,0.0,0.0
29211920,"*2-CHLORO N, N-DIMETHYL ETHANAMINE",29,0.27,0.0,0.75,0.0,-0.48,0.0,0.48
29214231,2-AMINO 3:5 XYLENE SULPHONIC ACID,29,0.06,0.09,0,0,0.06,0.09,0.03
54074114,UNBLECHD NYLON SAREE,54,0.04,0.03,0.01,0.0,0.03,0.03,0.0
61041910,SUITS OF SILK,61,0.05,0.01,0.0,0.0,0.05,0.01,-0.04
29252100,CHLORDIMEFORM (ISO),29,0.04,0.0,0,0,0.04,0.0,-0.04
29331930,3-MTHYL-1(4-SLPHO-0-TOLUYL-5-PYRAZOLDNE),29,0.81,0.13,0.0,0.0,0.81,0.13,-0.68
54072020,BLECHD WVEN FBRCS FROM STRIP/THE LIKE,54,0.01,0.1,0.03,0.0,-0.02,0.1,0.12
63051070,PAPER LAMINATED HESSIAN BAGS,63,0.05,0.0,0,0,0.05,0.0,-0.05
57023910,CRPTS AND OTHRFLR CVRNGS(NT DURRIES OF    COTTON),57,3.75,3.25,0.01,0.0,3.74,3.25,-0.49
52091260,FLANNELETTE,52,0.02,0.0,0.0,0.0,0.02,0.0,-0.02
61122040,SKI SUITS OF SYNTHETIC FIBRES,61,0.0,0.01,0.01,0.0,-0.01,0.01,0.02
39112000,"POLY (1,3-PHENYLENE METHYLPHOSPHONATE)",39,0.0,0.0,0.0,0.0,0.0,0.0,0.0
54072040,PRINTED WVEN FBRCS FROM STRIP/THE LIKE,54,0.19,0.23,0,0,0.19,0.23,0.04
61121930,TRCK SUITS OF ARTIFICIAL FIBRES,61,0.03,0.05,0.01,0.0,0.02,0.05,0.03
55109020,ACETATE RAYON SPUN YARN,55,0.0,0.0,0,0,0.0,0.0,0.0
52092130,FURNISHING FABRICS ( EXCL PILE AND CHENILLE FABRICS ),52,0.0,0.0,0,0,0.0,0.0,0.0
51111140,PRINTED WOVN FBRCS,51,0.0,0.01,0,0,0.0,0.01,0.01
52085140,"Casement of Plain weave, weighing not more than 100 g/m2",52,0.0,0.0,0,0,0.0,0.0,0.0
54083212,RAYON GEORGETTE,54,0.0,0.0,0,0,0.0,0.0,0.0
29355020,SAFLUFENACIL,29,0.0,0.05,0,0,0.0,0.05,0.05
57024120,DRUGGETS OF WOOL/FINE ANML HAIR,57,5.49,2.99,0.0,0.0,5.49,2.99,-2.5
39152000,WASTE PARINGS AND SCRAP OF POLYMRS OF STYREN,39,0.0,0.0,0.0,0.0,0.0,0.0,0.0
63069010,OF COTTON,63,1.03,1.1,0.0,0.0,1.03,1.1,0.07
53101099,OTHER WOVN FBRCS CNTNG JUTE >= 50%,53,0.1,0.14,0.0,0.0,0.1,0.14,0.04
29124920,HELIOTROPINE (PIPERONYL ALDEHYDE),29,0.0,0.0,0,0,0.0,0.0,0.0
29163170,DICAMBA,29,0.0,30.18,0.0,0.0,0.0,30.18,30.18
29214531,NAPTHIONIC ACD(1-NPHTHYLAMN-4-SLPHNC ACD),29,0.05,0.0,0,0,0.05,0.0,-0.05
53061010,"FLAX YARN,SINGLE,PUT UP FOR RETAIL SALE",53,2.33,1.13,0.12,0.0,2.21,1.13,-1.08
62149091,"SHAWLS,SCARVES,ETC OF OTHR TXTL FIBRES-EMBROIDERED WITH LUCKNOW CHIKAN CRAFT",62,0.24,0.03,0,0,0.24,0.03,-0.21
52085210,"Lungi of Plain weave, weighing morew than 100 g/m2",52,1.12,2.32,0.0,0.0,1.12,2.32,1.2
39042290,OTHERS-OF-OTHER PLASTICISED POLYVINYL CHLORIDE,39,0.0,0.0,0.0,0.0,0.0,0.0,0.0
55159950,"OTHR WVN FBRC MADE OF 100% INHERENT FR SYN FIBRS MXD WTH WOOL/  FINE ANML HAIR, PRINTD",55,0.5,0.04,0,0,0.5,0.04,-0.46
29043100,PERFLUOROOCTANE SULPHONIC ACID,29,0.0,0.0,0.0,0.0,0.0,0.0,0.0
52082320,"PARMATTA FBRCS(INCLD ILESIA, POCKETNG,    ITALIAN TWILL)",52,0.02,0.0,0.0,0.0,0.02,0.0,-0.02
62071910,UNDRPMT AND BRIEFS OF SYNTH FIBRES,62,3.13,6.51,0.03,0.0,3.1,6.51,3.41
29299029,"OTHER-OF-Dialkyl (methyl, ethyl, n-propyl or isopropyl) N,N-dialkyl (methyl, ethyl, n-propyl or isopropyl) phosphoramidates",29,0.0,0.0,0.0,0.0,0.0,0.0,0.0
62104020,NBC WARFARE SUITS AND THE LIKE,62,0.01,0.0,0.0,0.0,0.01,0.0,-0.01
52114330,SHIRTING FABRICS,52,0.55,0.0,0.12,0.0,0.43,0.0,-0.43
29062930,DICOFOL,29,0.0,0.0,0,0,0.0,0.0,0.0
29162020,"Bifenthrin (ISO), Prallethrin",29,0,0,0.0,0.0,0.0,0.0,0.0
62043991,JACKETS OF ALL OTHR FIBRES-EMBROIDERED WITH LUCKNOW CHIKAN CRAFT,62,0.01,0.0,0,0,0.01,0.0,-0.01
63041920,BEDPREADS OF SILK,63,0.38,0.09,0.0,0.0,0.38,0.09,-0.29
29333317,DIPHENOXYLATE(INN) AND ITS SALT,29,0.05,0.05,0,0,0.05,0.05,0.0
29301000,"2-(N,N-DIMETHYLAMINO) ETHANETHIOL",29,0.0,0.0,0,0,0.0,0.0,0.0
29038300,MIREX (ISO),29,0.0,0.01,0,0,0.0,0.01,0.01
29211912,"2-CHLORO N, N-DIMETHYL ETHANAMINE",29,0.0,0.14,0.0,0.0,0.0,0.14,0.14
29419014,1 - AMINO -4 - METHYL PIPERAZINE (RIFAINT),29,0.0,0.0,0.08,0.0,-0.08,0.0,0.08
62149021,"CHADARS,COTTON,GREY",62,0.03,0.05,0,0,0.03,0.05,0.02
29163920,BISMUTH COMPOUNDS OF AROMATIC MONOACIDS,29,0.07,0.04,0.0,0.0,0.07,0.04,-0.03
29029050,IS0BUTYL BENZENE,29,19.81,14.87,0.0,0.0,19.81,14.87,-4.94
29221600,DIETHANOLAMMONIUM PERFLUOROOCTANE SULPHONATE,29,0.0,0.0,0.01,0.0,-0.01,0.0,0.01
52082330,SHIRTING FABRICS,52,0.01,0.05,0.02,0.0,-0.01,0.05,0.06
55039020,P.V.C. STAPLE FIBRE,55,0.0,0.01,0,0,0.0,0.01,0.01
52052720,BLEACHED,52,0.0,0.0,0,0,0.0,0.0,0.0
29125010,METALDEHYDE,29,0,0,0.0,0.0,0.0,0.0,0.0
61045910,SKRTS AND DIVIDED SKRTS OF SILK,61,0.01,0.05,0.01,0.0,0.0,0.05,0.05
29420033,OXYCLOZANIDE,29,6.41,9.4,0.01,0.0,6.4,9.4,3.0
61079910,BATHROBS ETC OF SILK,61,0.21,0.37,0.0,0.0,0.21,0.37,0.16
29333314,BROMAZEPAM(INN) AND ITS SALT,29,0.91,0.77,0,0,0.91,0.77,-0.14
29211300,"2-(N, N-DIETHYLAMINO)ETHYLCHLORIDE HYDROCHLORIDE",29,0.89,0.74,0.1,0.0,0.79,0.74,-0.05
52114340,SUITING,52,0.0,0.0,0,0,0.0,0.0,0.0
52061500,SNGL YRN OF UNCMBD FBRS MEASURNG LESS THN 125 DCTX(EXCDNG 80 MTRC NO ),52,0.4,0.24,0.07,0.0,0.33,0.24,-0.09
29109000,"*OTHER EPOXIDES, EPOXYALCHLS, EPOXYPHENOLS AND EPOXYETHRS, AND THR HALGNTED, SULPNTD,  NITRATED OR NITROSTD DERIVTVS.",29,24.69,0.0,27.52,0.0,-2.83,0.0,2.83
54082418,"RAYON SAREE, PRINTD",54,0.15,0.18,0,0,0.15,0.18,0.03
39051920,POLYVINYL ACETATE RESINS,39,0.21,0.17,0.01,0.0,0.2,0.17,-0.03
54082213,"RAYON BROCADES , DYED",54,0.0,0.0,0,0,0.0,0.0,0.0
52114320,CREPE FABRICS,52,0.0,0.0,0,0,0.0,0.0,0.0
29342000,*CMPNDS CNTNG A BENZOTHIAZONE RING-SYSTEM  (W/N HYDRGNTD) NT FRTHR FUSED,29,17.42,0.0,29.13,0.0,-11.71,0.0,11.71
55094210,POLYPROPYLENE SPUN YARN,55,0.39,0.34,0.0,0.0,0.39,0.34,-0.05
54078126,BLECHD POLYESTER DHUTI,54,0.46,0.16,0,0,0.46,0.16,-0.3
39121210,CELLULOSE ACETATE FLAKES,39,0,0,0.0,0.0,0.0,0.0,0.0
52114120,CHECK SHIRTING ( EXCL CREPE CCHECKS ),52,0,0,0.01,0.0,-0.01,0.0,0.01
52095120,SAREE,52,0.04,0.05,0.01,0.0,0.03,0.05,0.02
52103150,SAREE,52,0.42,0.19,0,0,0.42,0.19,-0.23
55152230,FBRC OF ACRYLC/MODACRYLC MXD WTH WOOL/    FINEANML HAIR.DYED,55,0.97,0.07,0.0,0.0,0.97,0.07,-0.9
29153970,ORTHO TERTIARY BUTYL CYCLOHEXYL ACETATE,29,26.13,20.71,0.07,0.0,26.06,20.71,-5.35
51072040,WOOLLEN CARPET YARN,51,0.04,0.01,0,0,0.04,0.01,-0.03
52111220,"TWILL, NES ( INCL GABERDING )",52,0.0,0.0,0.0,0.0,0.0,0.0,0.0
54083213,RAYON TAFETTA,54,0.0,0.0,0.0,0.0,0.0,0.0,0.0
29419070,"AUREOFUNGIN,KASUGAMYCIN,VALIDAMYCIN",29,0.0,0.0,0,0,0.0,0.0,0.0
29315900,*OTHER (HALOGENATED ORGANO PHOSPHOROUS DERIVATIVES),29,0.52,0.0,1.36,0.0,-0.84,0.0,0.84
52083220,SAREE,52,1.51,1.62,0.01,0.0,1.5,1.62,0.12
29031929,OTHERS-OF-OTHER CHLOROMETHANE AND CHLOROETHANE,29,0.0,0.03,0.0,0.0,0.0,0.03,0.03
54083120,"OTHR ARTPCL WOVEN FBRCS, BLECHD",54,0.42,0.25,0.0,0.0,0.42,0.25,-0.17
54074430,NYLON TAFETTA,54,0.0,0.0,0.0,0.0,0.0,0.0,0.0
63024040,"TBL LINN OF MAN-MADE FIBRS,HND KNTD/CRCHTD",63,0.06,0.08,0.0,0.0,0.06,0.08,0.02
29043400,POTASSIUM PERFLUOROOCTANE SULPHONATE,29,0.0,0.0,0,0,0.0,0.0,0.0
57025031,CRPTS ETC OF COTTON(NT DURRIES),57,19.06,13.68,0.0,0.0,19.06,13.68,-5.38
52112091,ZARI BORDERED SAREE,52,0.0,0.0,0,0,0.0,0.0,0.0
29093012,ORTHO NITRO ANISOLE,29,0.0,0.0,0,0,0.0,0.0,0.0
57029920,CARPETS ETC OF SILK,57,0.08,0.09,0.01,0.0,0.07,0.09,0.02
52101120,SAREE,52,0.66,0.13,0.0,0.0,0.66,0.13,-0.53
39159072,CELLULOSE PLASTIC WASTE(E.G.CELLULOSE     NITRATE FILM SCRAP) NON PLASTICIZED,39,0.0,0.01,0,0,0.0,0.01,0.01
53081020,SPOOLED HANKS,53,0.08,0.67,0,0,0.08,0.67,0.59
52105130,SAREE,52,0.06,0.01,0,0,0.06,0.01,-0.05
29333335,TRIMEPERIDINE (INN) AND ITS SALT,29,0.0,0.0,0,0,0.0,0.0,0.0
39042110,POLY(VINYL CHLORIDE) (PVC) RESINS,39,0,0,0.14,0.0,-0.14,0.0,0.14
29093013,"ETHOXYSULFURON, FAMOXADONE",29,0,0,0.0,0.0,0.0,0.0,0.0
59113140,JUTE FBRCS AND ARTCLS USD IN MACHINERY/PLANT,59,0.0,0.0,0.0,0.0,0.0,0.0,0.0
61122030,SKI SUITS OF COTTON,61,0.01,0.02,0.0,0.0,0.01,0.02,0.01
29125000,*CYCLIC POLYMERSOF ALDEHYDES,29,0.43,0.0,0.03,0.0,0.4,0.0,-0.4
55102010,VISCOSE RAYON SPUN YARN,55,0.37,0.04,0.01,0.0,0.36,0.04,-0.32
62032919,OTHERS-OF-ENSEMBLES OF OTHER TEXTILE MATERIALS,62,0.61,0.44,0.0,0.0,0.61,0.44,-0.17
29329200,"1-(1,3-BENZODIOXOL-5-YL) PROPAN-2-ONE",29,0.0,0.0,0.0,0.0,0.0,0.0,0.0
62171050,MDE UP ACCSSRS OF RGNRTD FIBRES(RAYON ETC),62,0.0,0.0,0,0,0.0,0.0,0.0
52114160,SAREE,52,0.0,0.0,0,0,0.0,0.0,0.0
51032010,WASTE OF SHEEPS AND LAMBS WOOL,51,0.05,0.04,0,0,0.05,0.04,-0.01
62149031,"ODHANI,COTTON,GREY",62,0.02,0.01,0,0,0.02,0.01,-0.01
57049020,"WOOLLEN, OTHR THAN ARTWARE",57,0.02,0.01,0,0,0.02,0.01,-0.01
55152240,"FBRC OF ACRYLC/MODACRYLC MXD WTH WOOL/    FINEANML HAIR,PRINTD",55,0.0,0.0,0,0,0.0,0.0,0.0
59070093,JUTE FBRCS OTHRWISE IMPRGNTD OR COATED,59,0.53,0.27,0.0,0.0,0.53,0.27,-0.26
52053190,OTHERS-OF-MLTPL(FLDED)/CBLD YRN OF UNCMBD FBRSMEASURNG PER SNGL YRN 714.29 DCTX/MORE(NT EXCDNG 14 MTRC NO PER SNGL YRN),52,0.08,0.01,0.01,0.0,0.07,0.01,-0.06
29043500,OTHER SALTS OF PERFLUOROOCTANE SULPHONIC ACID,29,0.0,0.0,0,0,0.0,0.0,0.0
39122011,NITROCELLULOSE(E.G.CELLULOSE NITRATE      MOULDING POWDERS) NON-PLASTICIZED,39,0.03,0.01,0,0,0.03,0.01,-0.02
29420024,IMIPRAMINE HCL,29,0.61,0.72,0,0,0.61,0.72,0.11
58021030,PIECE DYED,58,2.13,3.83,0,0,2.13,3.83,1.7
52103210,CREPE FABRICS INCL CREPE CHEEKS,52,0.0,0.0,0,0,0.0,0.0,0.0
52091220,SHIRTING FABRICS,52,0.45,2.59,0.16,0.0,0.29,2.59,2.3
51130090,OTHER WOVN FBRCS OF COURSE ANML HAIR OR   OF HORSE HAIR,51,0.0,0.0,0.01,0.0,-0.01,0.0,0.01
29223100,"AMFEPRA NONE(INN), METHDONE AND             MORMETHADONESALTS",29,0.51,0.79,0.0,0.0,0.51,0.79,0.28
29392040,CHL0R0QUINE PH0SPHATE,29,1.64,1.94,0,0,1.64,1.94,0.3
29159080,PERFLUOROOCTANOIC ACIDS AND THEIR SALTS,29,0.0,0.0,0.0,0.0,0.0,0.0,0.0
54078116,UNBLECHD POLYESTER DHUTI,54,1.83,0.76,0,0,1.83,0.76,-1.07
39206931,"OTHR FILM OF OTHR POLYESTER RIGID, PLAIN",39,0.01,0.0,0.01,0.0,0.0,0.0,0.0
29163970,"Alphanaphthyl acetic acid, cyclanilide, kresoxim methyl, metofluthrin, permethrin, renofluthrin, transfluthrin.",29,0.0,0.62,0,0,0.0,0.62,0.62
52115120,FURNISHING FABRICS ( EXCL PILE/           CHENILLE FABRICS ),52,0.03,0.02,0.12,0.0,-0.09,0.02,0.11
29333324,PENTAZOCINE (INN) AND ITS SALT,29,0.29,0.14,0,0,0.29,0.14,-0.15
29093011,4-CHLORO-2-NITRO ANISOLE,29,0.0,0.0,0.0,0.0,0.0,0.0,0.0
29161920,BISMUTH CMPNDS OF UNSATRTD ACYLC MONOACIDS,29,0.0,0.0,0.0,0.0,0.0,0.0,0.0
57029110,CARPETS,57,12.32,1.06,0.01,0.0,12.31,1.06,-11.25
39159042,WASTE PARINGS SCRAP  OF PET BOTTLES,39,0.08,0.03,0.0,0.0,0.08,0.03,-0.05
52115220,SHIRTING FABRICS,52,0.15,0.02,0.04,0.0,0.11,0.02,-0.09
52092910,"DHOTI AND SAREE,ZARI BORDERED",52,0.05,0.03,0,0,0.05,0.03,-0.02
52063100,MULTPL(FLDED)/CBLD YRN OF UNCMBD FBRS     MEASURNG PER SNGL YRN 714.29 DCTX/MORE    (NT EXCDNG 14 MTRC NO PER SNGL YRN),52,0.0,0.12,0.0,0.0,0.0,0.12,0.12
54071024,BLECHD UMBRELLA CLOTH PANEL FBRCS,54,0.0,0.0,0,0,0.0,0.0,0.0
52085170,"Muslin (including lawn mulmul and organdi) of Plain weave, weighing not more than 100 g/m2",52,0.24,0.33,0.0,0.0,0.24,0.33,0.09
62149061,SHAWLS MUFFELERS ETC OF MANMADE FIBRE-EMBROIDERED WITH LUCKNOW CHIKAN CRAFT,62,0.39,0.37,0,0,0.39,0.37,-0.02
29152930,MANGANESE ACETATE,29,1.56,1.24,0.0,0.0,1.56,1.24,-0.32
54082212,"RAYON JACQUARDS, DYED",54,0.02,0.24,0,0,0.02,0.24,0.22
29031400,CARBON TETRACHLORIDE,29,0.52,0.05,0.0,0.0,0.52,0.05,-0.47
52094310,BLEEDING MADRAS,52,0.28,0.0,0,0,0.28,0.0,-0.28
62059011,OF SILK:  KHADI,62,0.03,0.03,0.0,0.0,0.03,0.03,0.0
52082110,DHOTI,52,1.49,1.34,0.0,0.0,1.49,1.34,-0.15
55069010,POLYPROPYLENE TOPS,55,0.0,0.0,0,0,0.0,0.0,0.0
51061010,SHODDY WOOLEN YARN,51,0.0,0.01,0.0,0.0,0.0,0.01,0.01
29396290,OTHER ERGOTAMINE SALTS,29,0,0,0.1,0.0,-0.1,0.0,0.1
54071046,PRINTED POLYESTER SUITNGS,54,0.51,0.09,0.0,0.0,0.51,0.09,-0.42
29299030,"*N,N-DIPROPYLPHORAMIDIC DICHLORIDE",29,0,0,0.02,0.0,-0.02,0.0,0.02
53109010,BLECHD WOVN FBRCS OF JUTE ETC,53,0.02,0.01,0,0,0.02,0.01,-0.01
52062100,SNGL YRN OF CMBD FBRS MEASURNG>=714.29    DCTX (NT EXCDNG 14 MTRC NO ),52,0.09,0.32,0.0,0.0,0.09,0.32,0.23
29037100,CHLORODIFLUOROMETHANE (HCFC-22),29,56.51,42.62,0.01,0.0,56.5,42.62,-13.88
39207912,"SHEETS OF CELLULOSE NITRATE AND CELLULOID W/N PLASTICISED OF OTHER CELLULOS         DERIVATVFLEXIBLE, PLAIN",39,0.0,0.0,0,0,0.0,0.0,0.0
29029060,N-PROPYL BENZENE,29,11.51,11.42,0,0,11.51,11.42,-0.09
29209000,*OTHER,29,38.46,0.0,56.4,0.0,-17.94,0.0,17.94
58030093,GAUZE OF ARTIFICIAL FIBER,58,0.03,0.0,0.0,0.0,0.03,0.0,-0.03
61089920,NEGLIGES ETC OF WOOL/FINE ANIMAL HAIR,61,0.6,0.0,0,0,0.6,0.0,-0.6
61031030,SUITS ETC OF ARTIFICIAL FIBRES,61,1.02,1.31,0.0,0.0,1.02,1.31,0.29
52083270,COATING ( INCLD SUITING ),52,0.18,0.08,0,0,0.18,0.08,-0.1
54082412,"RAYON JACQUARDS ,PRINTD",54,0.01,0.04,0,0,0.01,0.04,0.03
29331992,"CYENOPYRAFEN,FENPYROXIMATE,FIPRONIL,FLUXAPYROXAD,PENFLUFEN,PYRACLOSTROBIN,PYROXASULFON,TETRANLPROLE,TOLFNPYRAD,TPRAMEZNE",29,0.0,0.28,0.0,0.0,0.0,0.28,0.28
52082240,CASEMENT,52,0.0,0.0,0.0,0.0,0.0,0.0,0.0
29143100,PHENYLACETONE,29,4.01,2.86,0.0,0.0,4.01,2.86,-1.15
52053590,OTHERS-OF-MLTPL(FLDED)/CBLD YRN OF UNCMBD FBRSMEASURNG<125 DCTX (EXCDNG 80 MTRC NO PER SINGLE YRN),52,0.19,0.08,0,0,0.19,0.08,-0.11
54078260,LUNGIES,54,0.4,0.31,0,0,0.4,0.31,-0.09
54078220,NYLON SAREES,54,0.01,0.02,0.01,0.0,0.0,0.02,0.02
52103230,"BEDTICKING, DOMESTICS",52,0,0,0.0,0.0,0.0,0.0,0.0
39162091,CANES OF OTHR POLMRS OF VINYL CHLRIDE,39,0.01,0.01,0.0,0.0,0.01,0.01,0.0
54033200,"OTHR YARN OF VISCOSE RAYON,SINGLE,WITH A  TWIST EXCEEDING 120 TURNS PER METRE",54,1.52,2.13,0.02,0.0,1.5,2.13,0.63
52085150,"Cambrics (including madapollam and jaconet) of Plain weave, weighing not more than 100 g/m2",52,0.12,0.13,0,0,0.12,0.13,0.01
52051320,BLEACHED,52,0.01,0.0,0,0,0.01,0.0,-0.01
29159094,ETHYL DIFLUORO ACETATE,29,1.06,1.29,0.0,0.0,1.06,1.29,0.23
29202920,DIETHYL SULPHATE,29,13.43,8.86,0.0,0.0,13.43,8.86,-4.57
29038100,"1,2,3,4,5,6-HEXACHLOROCYCLOHEXANE(HCH (ISO)), INCLUDING LINDANE (ISO, INN)",29,0.15,0.07,0.0,0.0,0.15,0.07,-0.08
58063120,NEWAR COTTON,58,0.59,0.48,0.03,0.0,0.56,0.48,-0.08
52092180,"SHEETING ( TAKIA, LEOPARD CLOTH )",52,0.01,0.0,0,0,0.01,0.0,-0.01
29214514,AMINO F-ACID,29,0.0,0.0,0,0,0.0,0.0,0.0
52111210,SHIRTING FABRICS,52,0.0,0.0,0.0,0.0,0.0,0.0,0.0
54026910,P.V.A. FILAMENT YARN,54,0.0,0.0,0.01,0.0,-0.01,0.0,0.01
62072110,NIGHT SHRTS AND PYJAMAS OF COTTON,62,0.98,1.13,0.0,0.0,0.98,1.13,0.15
52053510,GREY,52,8.1,5.25,0,0,8.1,5.25,-2.85
52094340,COATING ( INCL SUITING ),52,0.0,0.0,0,0,0.0,0.0,0.0
51062020,MUNGO WOOLLEN YARN,51,0.01,0.02,0,0,0.01,0.02,0.01
51112010,"OTHER WOVEN FABRICS,UNBLEACHED",51,0.0,0.0,0,0,0.0,0.0,0.0
29333200,*PIPERIDINE AND ITS SALTS,29,42.56,0.0,7.08,0.0,35.48,0.0,-35.48
54078440,POLYESTER SUITINGS,54,0.04,0.02,0,0,0.04,0.02,-0.02
52104140,SUITINGS,52,0.44,0.08,0.0,0.0,0.44,0.08,-0.36
52113110,SHIRTING FABRICS,52,0.07,0.21,0.04,0.0,0.03,0.21,0.18
52085270,MUSLIN ( INCLD LAWN MULMUL AND ORGANDI )    OF CARDED/COMBED YARN,52,0.11,0.04,0,0,0.11,0.04,-0.07
54083418,RAYON SAREE,54,0.06,0.04,0.0,0.0,0.06,0.04,-0.02
52053110,GREY,52,2.31,1.4,0,0,2.31,1.4,-0.91
55019090,OTHERS-OF-OTHER SYNTHETIC FILAMENT TOW,55,0.0,0.0,0.04,0.0,-0.04,0.0,0.04
39219034,"OTHR PLTS,SHTS,FILM FOIL,STRIP ETC, OF    REGENERATED CELLULOSE FLEXIBLE, METALLISED",39,0.0,0.0,0,0,0.0,0.0,0.0
57042020,"WOOLLEN, OTHER THAN ARTWARE",57,0.03,0.02,0,0,0.03,0.02,-0.01
29214533,PHENYL PERI ACID(PHENYL-1                 NAPHTHYLAMINE-8-SULPHONIC ACID),29,0.15,0.34,0,0,0.15,0.34,0.19
52092160,DHOTI,52,0.3,0.19,0,0,0.3,0.19,-0.11
29349100,"AMINOREX, BROTIZOLAM AND OTHER LIKE       CMPNDS, SALTS THEREOF",29,6.07,11.12,0.03,0.0,6.04,11.12,5.08
54074410,NYLON BRASSO,54,0.01,0.02,0,0,0.01,0.02,0.01
62045911,SKRTS AND DVDED SKRTS OF SILK - EMBROIDERED WITH LUCKNOW CHIKAN CRAFT,62,0.32,0.06,0.0,0.0,0.32,0.06,-0.26
29309030,*THIO SULPHONIC ACID,29,0.1,0.0,0.35,0.0,-0.25,0.0,0.25
29309070,*MERCAPTAN,29,1.66,0.0,14.3,0.0,-12.64,0.0,12.64
55152920,"FBRC OF ACRYLC/MODACRYLCMXD WTH OTHR      FIBRES, BLCHD",55,1.05,0.56,0,0,1.05,0.56,-0.49
51121120,BLEACHED WOVN FBRCS CONTNG>85% BY WT OF   WOOL/FINE ANML HAIR OF A WT NT EXCDNG     200 G/M2,51,0.0,0.0,0.0,0.0,0.0,0.0,0.0
54078122,BLECHD NYLON SAREE,54,0.0,0.0,0,0,0.0,0.0,0.0
52091210,SAREE,52,0.04,0.03,0.0,0.0,0.04,0.03,-0.01
54034915,"CUPRAMMONIUMFLAMNT YARN, 89 DECITEX",54,0,0,0.0,0.0,0.0,0.0,0.0
52082130,CASEMENT,52,0.0,0.0,0.0,0.0,0.0,0.0,0.0
62149041,SCARVES COTTON-EMBROIDERED WITH LUCKNOW CHIKAN CRAFT,62,0.47,0.18,0.0,0.0,0.47,0.18,-0.29
29037723,TRICHLOROTRIFLUOROETHANE,29,0,0,0.0,0.0,0.0,0.0,0.0
62042912,KHADI,62,0.0,0.02,0,0,0.0,0.02,0.02
39207191,"OTHR PLTES SHTS ETC OF REGENERATD         CELLULSERIGID, PLAIN",39,0,0,0.01,0.0,-0.01,0.0,0.01
39169026,EPOXIDE-RESINS(INCLUDING WASTE AND SCRAP),39,0.0,0.0,0.0,0.0,0.0,0.0,0.0
55131910,UNBLEACHED,55,0.25,0.17,0.11,0.0,0.14,0.17,0.03
52091113,"CASEMENT,HANDLOOM",52,0,0,0.0,0.0,0.0,0.0,0.0
52052320,BLEACHED,52,0.06,0.04,0,0,0.06,0.04,-0.02
54074220,NYLON GEORGETTE,54,0.0,0.01,0,0,0.0,0.01,0.01
51072030,WORSTED WEARING YARN,51,10.93,12.94,0.01,0.0,10.92,12.94,2.02
62041310,SUITS OF SYNTHETIC FIBRES-Embroidered with Lucknow Chikan Craft,62,0.64,0.37,0.0,0.0,0.64,0.37,-0.27
29171130,STRONTIUM OXALATE,29,0.0,0.0,0,0,0.0,0.0,0.0
29104000,"DIELDRIN (ISO, INN)",29,0.03,0.04,0,0,0.03,0.04,0.01
52085240,"Casement of Plain weave, weighing  more than 100 g/m2",52,0.33,0.1,0,0,0.33,0.1,-0.23
54071022,BLECHD TENT FBRCS,54,0.01,0.02,0,0,0.01,0.02,0.01
58089050,SAREE FALS BRDR (EXCL ZARI) FRINGS OF COTN,58,0.8,0.75,0,0,0.8,0.75,-0.05
29333325,PETHIDINE (INN) AND ITS SALT,29,0.02,0.11,0.1,0.0,-0.08,0.11,0.19
51072020,WORSTED KNITTING YARN,51,2.27,2.74,0,0,2.27,2.74,0.47
29211930,CHHLORMEQUAT CHLORIDE (CCC),29,0.0,0.0,0,0,0.0,0.0,0.0
52092230,DRILL,52,0.18,0.05,0.0,0.0,0.18,0.05,-0.13
29161600,BINAPACRYL (ISO),29,0,0,0.0,0.0,0.0,0.0,0.0
55151320,"FBRC OF POLSTR,MXD WTH WOOL/FINE ANIMAL   HAIR, BLCHD",55,0.0,0.0,0,0,0.0,0.0,0.0
52083910,ZARI BORDERED SAREE,52,0.12,0.07,0.0,0.0,0.12,0.07,-0.05
55134100,"WOVEN FABRICS OF POLYSTER STAPLE FIBRES,  PLAIN WEAVE,PRINTED",55,0.68,0.65,0.01,0.0,0.67,0.65,-0.02
58030011,"COTTON GAUZE,UNBLCHD(E.G.LANOFABRICS)",58,0.04,0.15,0.02,0.0,0.02,0.15,0.13
52082270,SHEETING ( TAKIA AND THE LIKE ),52,0.03,0.07,0.11,0.0,-0.08,0.07,0.15
39207992,"OTHR PLTES SHTS ETC OF OTHR CELULSE       DRVTVSFLEXIBLE, PLAIN NES",39,0,0,0.0,0.0,0.0,0.0,0.0
54078430,POLYESTER SHIRTINGS,54,0.5,0.51,0,0,0.5,0.51,0.01
57029130,MATS AND MATTING,57,0.32,0.12,0.0,0.0,0.32,0.12,-0.2
63051020,JUTE CORN(GRAIN)SACKS,63,0.02,0.04,0,0,0.02,0.04,0.02
61121920,TRCK SUITS OF WOOL/FINE ANML HAIR,61,0.0,0.0,0.0,0.0,0.0,0.0,0.0
55152940,FBRC OF ACRYLC/MODACRYLC MXD WTH OTHR     FIBRES PRINTD,55,0.0,0.03,0,0,0.0,0.03,0.03
52113130,COATING ( INCL SUITINGS ),52,0.0,0.04,0,0,0.0,0.04,0.04
29299050,"*DIETHYL N,N-DIMETHYLPHOSPHORAMIDATE",29,0.05,0.0,0,0,0.05,0.0,-0.05
29333333,PROPIRAM (INN) AND ITS SALT,29,0.01,0.0,0,0,0.01,0.0,-0.01
61121910,TRACK SUITS OF SILK,61,0.06,0.02,0,0,0.06,0.02,-0.04
58063930,OTHER NARROW FABRICS OF JUTE,58,0.85,0.83,0.0,0.0,0.85,0.83,-0.02
52064100,MULTPL(FLDED)/CBLD YRN OF CMBD FBRS       (NT EXCDNG 14 MTRC NO PER SNGL YRN)       (NT EXCDNG 1J MTRC NO PER SNGL YRN),52,0.0,0.09,0.01,0.0,-0.01,0.09,0.1
29334110,FENAZAQUIN,29,0.0,0.66,0,0,0.0,0.66,0.66
52112050,CREPE FABRICS INCL CREPE CHECKS,52,0.03,0.04,0,0,0.03,0.04,0.01
54078410,"NYLON, GEORGETTE",54,0.0,0.01,0,0,0.0,0.01,0.01
61123910,SWIMWEAR OF SILK,61,0.0,0.0,0,0,0.0,0.0,0.0
52054320,BLEACHED,52,0.44,0.3,0,0,0.44,0.3,-0.14
52093110,LUNGI,52,0.55,0.31,0.01,0.0,0.54,0.31,-0.23
62032911,OF OTHER TEXTILE MATERIALS OF SILK KHADI,62,0.01,0.0,0,0,0.01,0.0,-0.01
29171120,CALCIUM OXALATE,29,0.0,0.0,0.0,0.0,0.0,0.0,0.0
52053430,BLEACHED,52,1.57,1.5,0,0,1.57,1.5,-0.07
54073040,PRINTED FBRC CNSTG LYER OF PAREL TXTL YRN,54,0.64,0.34,0.0,0.0,0.64,0.34,-0.3
60031000,FBRCS OF WOOL OR FINE ANIMAL HAIR,60,0.01,0.01,0,0,0.01,0.01,0.0
51112020,"OTHER WOVEN FABRICS,.BLEACHED",51,0.0,0.0,0,0,0.0,0.0,0.0
61033910,JACKETS AND BLAZERS OF SILK,61,0.02,0.02,0.01,0.0,0.01,0.02,0.01
62113911,OF SILK: HANDLOOM,62,0.02,0.02,0.0,0.0,0.02,0.02,0.0
55143011,WOVEN FABRICS OF POLYSTER STAPLE FIBRS    PLN WEAVE YARN OF DIFFRANT COLOURS,55,0.02,0.03,0.01,0.0,0.01,0.03,0.02
39159021,WASTE SCRAP OF COPOLYMERS OF VINYL ACETATE,39,0.0,0.0,0,0,0.0,0.0,0.0
57023130,MATS AND MATTING,57,0.23,0.21,0.01,0.0,0.22,0.21,-0.01
58021060,OF HANDLOOM,58,0.0,0.0,0,0,0.0,0.0,0.0
29337930,SPIROTETRAMAT,29,0,0,0.0,0.0,0.0,0.0,0.0
54078114,UNBLECHD POLYESTER SUITING,54,0.01,0.01,0,0,0.01,0.01,0.0
52081240,CASEMENT,52,0.47,0.57,0.0,0.0,0.47,0.57,0.1
52091240,SEERSUCKER,52,0.01,0.05,0,0,0.01,0.05,0.04
39159063,WASTE PARINGS SCRAP OF POLYURETHANES,39,0.0,0.01,0,0,0.0,0.01,0.01
52061400,SNGL YRN OF UNCMBD FBRS MEASURNG<192.31   BUT>125 DCTX(<80 BUT >=52 MTRC NO),52,1.29,1.24,0.28,0.0,1.01,1.24,0.23
62149051,"SHAWLS,MUFFLERS AND THE LIKE OF COTTON-EMBROIDERED WITH LUCKNOW CHIKAN CRAFT",62,0.16,0.15,0.0,0.0,0.16,0.15,-0.01
52083170,MUSLIN ( INCLD LAWN MULMUL AND ORGANDI ) OF CARDED / COMBED YARN,52,0.04,0.06,0,0,0.04,0.06,0.02
58050020,TAPESTRIES OF JUTE,58,0.05,0.04,0,0,0.05,0.04,-0.01
52053120,BLEACHED,52,0.05,0.0,0,0,0.05,0.0,-0.05
29041020,1:5 NAPTHLN DISULPHNC ACID(ARMSSTRNG ACID),29,0.18,0.24,0.01,0.0,0.17,0.24,0.07
52095210,SHIRTING FABRICS,52,0.59,1.7,0.01,0.0,0.58,1.7,1.12
52084910,ZARI BORDERED SAREE,52,0.0,0.05,0.0,0.0,0.0,0.05,0.05
52102140,SHIRTING ( INCL MAZRI ),52,0.0,0.0,0.0,0.0,0.0,0.0,0.0
29037800,OTHER PERHALOGENATED  DERIVATIVES,29,0.7,0.01,0.02,0.0,0.68,0.01,-0.67
52082920,"DEDSUTI,DOSUTI,CRETONNES AND OSAMBURG",52,0.0,0.04,0.0,0.0,0.0,0.04,0.04
61081910,SLIPS AND PETTICOATS OF SILK,61,0.17,0.07,0.0,0.0,0.17,0.07,-0.1
52053210,GREY,52,89.2,95.29,0,0,89.2,95.29,6.09
61032910,ENSEMBLES OF SILK,61,0.0,0.01,0,0,0.0,0.01,0.01
29049960,2-NITROCHLOROTOLUENE,29,0.02,0.04,0.0,0.0,0.02,0.04,0.02
50030030,ERI WASTE,50,0.02,0.07,0,0,0.02,0.07,0.05
52054620,BLEACHED,52,0.09,0.1,0,0,0.09,0.1,0.01
62142039,MUFFLERS: OTHER,62,0.14,0.11,0.0,0.0,0.14,0.11,-0.03
52053310,GREY,52,29.09,27.35,0.05,0.0,29.04,27.35,-1.69
29214233,METANILC ACDCMETA AMINOBNZN SLPHNC ACD),29,1.91,1.93,0.0,0.0,1.91,1.93,0.02
61083910,NIGHTDRESSES AND PYJAMAS OF SILK,61,0.05,0.09,0.0,0.0,0.05,0.09,0.04
63022110,"OTHER BED LINEN, PRINTED: OF COTTON, HANDLOOM",63,0.04,0.13,0.0,0.0,0.04,0.13,0.09
52091112,"SAREE,HANDLOOM",52,0.33,0.3,0,0,0.33,0.3,-0.03
29299090,*OTHER,29,13.71,0.0,6.72,0.0,6.99,0.0,-6.99
52102130,SAREE,52,0.32,0.34,0,0,0.32,0.34,0.02
52085120,"Saari of Plain weave, weighing not more than 100 g/m2",52,2.61,2.12,0.0,0.0,2.61,2.12,-0.49
29051920,TRIACONTANOL,29,0,0,0.0,0.0,0.0,0.0,0.0
62092010,HANDLOOM,62,1.04,0.91,0.01,0.0,1.03,0.91,-0.12
54073030,DYED  FBRC CNSTG LYER OF PAREL TXTL YRN,54,0.99,1.03,0.02,0.0,0.97,1.03,0.06
52092110,SAREE,52,0.02,0.02,0.0,0.0,0.02,0.02,0.0
29041030,NAPTHALENE SULPHONIC ACID,29,2.26,2.86,0.0,0.0,2.26,2.86,0.6
59113240,JUTE FBRCS AND ARTCLS USD IN MACHINERY/PLANT,59,0,0,0.0,0.0,0.0,0.0,0.0
52042010,"COTON THREAD,SEWING, CNTNG ANY SYNTHETIC  STAPLE FIBRE",52,0.01,0.19,0.01,0.0,0.0,0.19,0.19
53101093,JUTE SWIN FBRCS,53,0.0,0.0,0,0,0.0,0.0,0.0
55131320,BLEACHED,55,0.3,0.1,0.0,0.0,0.3,0.1,-0.2
29051910,"""...3,3-DIMETHYLBUTAN-2-OL (PINACOLYL ALCOHOL)""",29,0.21,0.13,0.06,0.0,0.15,0.13,-0.02
29021920,1-METHYL CYCLOPROPENE,29,0,0,0.0,0.0,0.0,0.0,0.0
51100020,YRN OF COARSE ANML HAIR/OF HORS-HAIR      OTHERTHAN FOR RETAIL SALE,51,0.0,0.0,0,0,0.0,0.0,0.0
54074122,BLECHD NYLON GEORGETTE,54,0.0,0.0,0.14,0.0,-0.14,0.0,0.14
29333210,*ORGANIC CHEMICALS,29,0.0,2.49,0,0,0.0,2.49,2.49
29333960,"1,N-BIS[N-(3-DIMETHYLCARBAMOXY-A-PICOLYL)-N,N_DIALKYL(=C10)AMMONIO]-ALKANE-(2,(N-1)-DIONE)DIBROMIDE(N=2-12)",29,0.0,0.39,0.0,0.0,0.0,0.39,0.39
29334910,QUIZALOFOP ETHYL,29,0.0,1.86,0.0,0.0,0.0,1.86,1.86
62079919,OTHER SIMILAR GARMENTS OF SILK,62,0.2,0.65,0.0,0.0,0.2,0.65,0.45
39209931,PLATE SHEET FILM FOIL AND STRIP OF          COPOLYMEROF VINYL CHLORIDEAND ACETATE RIGID PLAIN,39,0.0,0.0,0.0,0.0,0.0,0.0,0.0
55070010,ACETATE RAYON TOPS,55,0.0,0.0,0.0,0.0,0.0,0.0,0.0
